Evidence_ID,Source_row,Reference_ID,Parameter_Category,Parameter_Name,Symbol,Polymer_Type,Particle_Shape,Size_Class_um,Original_Value_Mean,Original_Value_Min,Original_Value_Max,Original_Unit,Standardized_value,Standardized_min,Standardized_max,Standardized_unit,Derivation_Method,Notes,Original_parameter_name,Source_title,Source_URL,Source_Location_extra_field,Decision,Decision_reason,Corrected_source_value,Corrected_source_unit,Transformation_or_correction,Record_role,Evidence_scope,Verification_detail,Source_locator_or_extracted_note,Use_limit,Parameter_type,Prior_verification_note
BOX-0001,2,Besseling_2017,Hydrology,River flow velocity (mean),v_w,NA,NA,NA,0.199,0.00155,0.373,m/s,17193.6,133.92,32227.2,m/d,Empirical,Dommel river; Table S1. Converted: m/s * 86400 = m/d,River flow velocity (mean),Fate of nano- and microplastic in freshwater systems: a modeling study,https://doi.org/10.1016/j.envpol.2016.10.001,,selected,"structured value, unit, parameter/object context and source note are retained; scope is stated rather than inferred",0.199,m/s,No v5 value/unit correction applied; original source-table fields are retained separately.,reported_measurement_or_study_statistic,v5_local_pdf_read_with_retained_locator,"v5 personally read local Besseling supplementary PDF; SI PDF p.13, Table S1.",Dommel river; Table S1. Converted: m/s * 86400 = m/d,"Source- and scenario-specific evidence. It is not a universal lake parameter, a pooled distribution, or an input to PathwayAttribution v7.",Source model setting or physical parameter,"The Dommel model length, discharge, flow velocity, width or depth matches SI Table S1, PDF p. 13. Values and bounds remain tied to that model setting."
BOX-0002,3,Besseling_2017,Hydrology,River discharge,Q,NA,NA,NA,1,NA,NA,m³/s,86400,NA,NA,m³/d,Empirical,Dommel river; Table S1. Converted: *86400,River discharge,Fate of nano- and microplastic in freshwater systems: a modeling study,https://doi.org/10.1016/j.envpol.2016.10.001,,selected,"structured value, unit, parameter/object context and source note are retained; scope is stated rather than inferred",1,m³/s,No v5 value/unit correction applied; original source-table fields are retained separately.,reported_measurement_or_study_statistic,v5_local_pdf_read_with_retained_locator,"v5 personally read local Besseling supplementary PDF; SI PDF p.13, Table S1.",Dommel river; Table S1. Converted: *86400,"Source- and scenario-specific evidence. It is not a universal lake parameter, a pooled distribution, or an input to PathwayAttribution v7.",Source model setting or physical parameter,"The Dommel model length, discharge, flow velocity, width or depth matches SI Table S1, PDF p. 13. Values and bounds remain tied to that model setting."
BOX-0003,4,Besseling_2017,Hydrology,River length modeled,L,NA,NA,NA,40.3,NA,NA,km,40.3,NA,NA,km,Empirical,Dommel river stretch; Table S1,River length modeled,Fate of nano- and microplastic in freshwater systems: a modeling study,https://doi.org/10.1016/j.envpol.2016.10.001,,selected,"structured value, unit, parameter/object context and source note are retained; scope is stated rather than inferred",40.3,km,No v5 value/unit correction applied; original source-table fields are retained separately.,reported_measurement_or_study_statistic,v5_local_pdf_read_with_retained_locator,"v5 personally read local Besseling supplementary PDF; SI PDF p.13, Table S1.",Dommel river stretch; Table S1,"Source- and scenario-specific evidence. It is not a universal lake parameter, a pooled distribution, or an input to PathwayAttribution v7.",Source model setting or physical parameter,"The Dommel model length, discharge, flow velocity, width or depth matches SI Table S1, PDF p. 13. Values and bounds remain tied to that model setting."
BOX-0004,5,Besseling_2017,Hydrology,River depth (min),H_min,NA,NA,NA,0.4,NA,NA,m,0.4,NA,NA,m,Empirical,Dommel river minimum; Table S1,River depth (min),Fate of nano- and microplastic in freshwater systems: a modeling study,https://doi.org/10.1016/j.envpol.2016.10.001,,selected,"structured value, unit, parameter/object context and source note are retained; scope is stated rather than inferred",0.4,m,No v5 value/unit correction applied; original source-table fields are retained separately.,reported_measurement_or_study_statistic,v5_local_pdf_read_with_retained_locator,"v5 personally read local Besseling supplementary PDF; SI PDF p.13, Table S1.",Dommel river minimum; Table S1,"Source- and scenario-specific evidence. It is not a universal lake parameter, a pooled distribution, or an input to PathwayAttribution v7.",Source model setting or physical parameter,"The Dommel model length, discharge, flow velocity, width or depth matches SI Table S1, PDF p. 13. Values and bounds remain tied to that model setting."
BOX-0005,6,Besseling_2017,Hydrology,River depth (max),H_max,NA,NA,NA,3.6,NA,NA,m,3.6,NA,NA,m,Empirical,Dommel river maximum; Table S1,River depth (max),Fate of nano- and microplastic in freshwater systems: a modeling study,https://doi.org/10.1016/j.envpol.2016.10.001,,selected,"structured value, unit, parameter/object context and source note are retained; scope is stated rather than inferred",3.6,m,No v5 value/unit correction applied; original source-table fields are retained separately.,reported_measurement_or_study_statistic,v5_local_pdf_read_with_retained_locator,"v5 personally read local Besseling supplementary PDF; SI PDF p.13, Table S1.",Dommel river maximum; Table S1,"Source- and scenario-specific evidence. It is not a universal lake parameter, a pooled distribution, or an input to PathwayAttribution v7.",Source model setting or physical parameter,"The Dommel model length, discharge, flow velocity, width or depth matches SI Table S1, PDF p. 13. Values and bounds remain tied to that model setting."
BOX-0006,7,Besseling_2017,Hydrology,River width (min),W_min,NA,NA,NA,8,NA,NA,m,8,NA,NA,m,Empirical,Dommel river; Table S1,River width (min),Fate of nano- and microplastic in freshwater systems: a modeling study,https://doi.org/10.1016/j.envpol.2016.10.001,,selected,"structured value, unit, parameter/object context and source note are retained; scope is stated rather than inferred",8,m,No v5 value/unit correction applied; original source-table fields are retained separately.,reported_measurement_or_study_statistic,v5_local_pdf_read_with_retained_locator,"v5 personally read local Besseling supplementary PDF; SI PDF p.13, Table S1.",Dommel river; Table S1,"Source- and scenario-specific evidence. It is not a universal lake parameter, a pooled distribution, or an input to PathwayAttribution v7.",Source model setting or physical parameter,"The Dommel model length, discharge, flow velocity, width or depth matches SI Table S1, PDF p. 13. Values and bounds remain tied to that model setting."
BOX-0007,8,Besseling_2017,Hydrology,River width (max),W_max,NA,NA,NA,288,NA,NA,m,288,NA,NA,m,Empirical,Dommel river; Table S1,River width (max),Fate of nano- and microplastic in freshwater systems: a modeling study,https://doi.org/10.1016/j.envpol.2016.10.001,,selected,"structured value, unit, parameter/object context and source note are retained; scope is stated rather than inferred",288,m,No v5 value/unit correction applied; original source-table fields are retained separately.,reported_measurement_or_study_statistic,v5_local_pdf_read_with_retained_locator,"v5 personally read local Besseling supplementary PDF; SI PDF p.13, Table S1.",Dommel river; Table S1,"Source- and scenario-specific evidence. It is not a universal lake parameter, a pooled distribution, or an input to PathwayAttribution v7.",Source model setting or physical parameter,"The Dommel model length, discharge, flow velocity, width or depth matches SI Table S1, PDF p. 13. Values and bounds remain tied to that model setting."
BOX-0011,12,Besseling_2017,Hydrology,Water temperature,T,NA,NA,NA,284.7,NA,NA,K,284.7,NA,NA,K,Empirical,10-yr avg Dommel 2000-2010; Table S5,Water temperature,Fate of nano- and microplastic in freshwater systems: a modeling study,https://doi.org/10.1016/j.envpol.2016.10.001,,selected,"structured value, unit, parameter/object context and source note are retained; scope is stated rather than inferred",284.7,K,No v5 value/unit correction applied; original source-table fields are retained separately.,reported_measurement_or_study_statistic,v5_local_pdf_read_with_retained_locator,"v5 personally read local Besseling supplementary PDF; SI PDF p.24, Table S5.",10-yr avg Dommel 2000-2010; Table S5,"Source- and scenario-specific evidence. It is not a universal lake parameter, a pooled distribution, or an input to PathwayAttribution v7.",Source model setting or physical parameter,"SI Table S5, PDF p. 24, reports 284.7 K as the ten-year average Dommel water temperature used by the model."
BOX-0012,13,Besseling_2017,Hydrology,Water dynamic viscosity,mu,NA,NA,NA,1.2552E-03,NA,NA,kg/(s*m),1.2552E-03,NA,NA,kg/(s*m),Empirical,At 11.7 deg C; Weast & Astle 1980; Table S5,Water dynamic viscosity,Fate of nano- and microplastic in freshwater systems: a modeling study,https://doi.org/10.1016/j.envpol.2016.10.001,,selected,"structured value, unit, parameter/object context and source note are retained; scope is stated rather than inferred",1.2552E-03,kg/(s*m),No v5 value/unit correction applied; original source-table fields are retained separately.,reported_measurement_or_study_statistic,v5_local_pdf_read_with_retained_locator,"v5 personally read local Besseling supplementary PDF; SI PDF p.24, Table S5.",At 11.7 deg C; Weast & Astle 1980; Table S5,"Source- and scenario-specific evidence. It is not a universal lake parameter, a pooled distribution, or an input to PathwayAttribution v7.",Source model setting or physical parameter,"The named parameter, reported value and unit match the Table S5 entry; default or fitted settings remain source model inputs."
BOX-0013,14,Besseling_2017,Hydrology,Water density,rho_w,NA,NA,NA,999.447,NA,NA,kg/m3,999.447,NA,NA,kg/m3,Empirical,At 11.7 deg C; Table S5,Water density,Fate of nano- and microplastic in freshwater systems: a modeling study,https://doi.org/10.1016/j.envpol.2016.10.001,,selected,"structured value, unit, parameter/object context and source note are retained; scope is stated rather than inferred",999.447,kg/m3,No v5 value/unit correction applied; original source-table fields are retained separately.,reported_measurement_or_study_statistic,v5_local_pdf_read_with_retained_locator,"v5 personally read local Besseling supplementary PDF; SI PDF p.24, Table S5.",At 11.7 deg C; Table S5,"Source- and scenario-specific evidence. It is not a universal lake parameter, a pooled distribution, or an input to PathwayAttribution v7.",Source model setting or physical parameter,"The named parameter, reported value and unit match the Table S5 entry; default or fitted settings remain source model inputs."
BOX-0014,15,Besseling_2017,Hydrology,Chezy coefficient,Chezy,NA,NA,NA,40,NA,NA,m^0.5/s,40,NA,NA,m^0.5/s,Calibrated,Dommel river calibrated; Brouwer 2012; Table S5,Chezy coefficient,Fate of nano- and microplastic in freshwater systems: a modeling study,https://doi.org/10.1016/j.envpol.2016.10.001,,selected,"structured value, unit, parameter/object context and source note are retained; scope is stated rather than inferred",40,m^0.5/s,No v5 value/unit correction applied; original source-table fields are retained separately.,model_default_or_scenario,v5_local_pdf_read_with_retained_locator,"v5 personally read local Besseling supplementary PDF; SI PDF p.24, Table S5.",Dommel river calibrated; Brouwer 2012; Table S5,"Source- and scenario-specific evidence. It is not a universal lake parameter, a pooled distribution, or an input to PathwayAttribution v7.",Model input or scenario assumption,"The named parameter, reported value and unit match the Table S5 entry; default or fitted settings remain source model inputs."
BOX-0016,17,Besseling_2017,Hydrology,Fraction water in sediment,F_aqsed,NA,NA,NA,0.7,NA,NA,-,0.7,NA,NA,-,Empirical,Table S5; MacLeod et al. 2002,Fraction water in sediment,Fate of nano- and microplastic in freshwater systems: a modeling study,https://doi.org/10.1016/j.envpol.2016.10.001,,selected,"structured value, unit, parameter/object context and source note are retained; scope is stated rather than inferred",0.7,-,No v5 value/unit correction applied; original source-table fields are retained separately.,model_default_or_scenario,v5_local_pdf_read_with_retained_locator,"v5 personally read local Besseling supplementary PDF; SI PDF p.24, Table S5.",Table S5; MacLeod et al. 2002,"Source- and scenario-specific evidence. It is not a universal lake parameter, a pooled distribution, or an input to PathwayAttribution v7.",Model input or scenario assumption,"The named parameter, reported value and unit match the Table S5 entry; default or fitted settings remain source model inputs."
BOX-0017,18,Besseling_2017,Settling,Attachment efficiency heteroaggregation (default),alpha_het,Mixed,Sphere,0.1-10000,0.01,0,1,-,0.01,0,1,-,Calibrated,Default value covering freshwater data; scenarios 0-1; Table S5,Attachment efficiency heteroaggregation (default),Fate of nano- and microplastic in freshwater systems: a modeling study,https://doi.org/10.1016/j.envpol.2016.10.001,,selected,"structured value, unit, parameter/object context and source note are retained; scope is stated rather than inferred",0.01,-,No v5 value/unit correction applied; original source-table fields are retained separately.,model_default_or_scenario,v5_local_pdf_read_with_retained_locator,"v5 personally read local Besseling supplementary PDF; SI PDF p.24, Table S5.",Default value covering freshwater data; scenarios 0-1; Table S5,"Source- and scenario-specific evidence. It is not a universal lake parameter, a pooled distribution, or an input to PathwayAttribution v7.",Model input or scenario assumption,"The named parameter, reported value and unit match the Table S5 entry; default or fitted settings remain source model inputs."
BOX-0018,19,Besseling_2017,Settling,Attachment efficiency heteroaggregation (70nm PS + kaolin),alpha_het,PS,Sphere,0.07,0.038,0.004,0.07,-,0.038,0.004,0.07,-,Empirical,70nm PS + kaolin clay; DLS+spectrophotometry average; Table S6,Attachment efficiency heteroaggregation (70nm PS + kaolin),Fate of nano- and microplastic in freshwater systems: a modeling study,https://doi.org/10.1016/j.envpol.2016.10.001,,selected,"structured value, unit, parameter/object context and source note are retained; scope is stated rather than inferred",0.038,-,No v5 value/unit correction applied; original source-table fields are retained separately.,reported_measurement_or_study_statistic,v5_local_pdf_read_with_retained_locator,"v5 personally read local Besseling supplementary PDF; SI PDF p.28, Table S6.",70nm PS + kaolin clay; DLS+spectrophotometry average; Table S6,"Source- and scenario-specific evidence. It is not a universal lake parameter, a pooled distribution, or an input to PathwayAttribution v7.",Source-reported experimental or physical parameter,"The PS/clay combination, size class and reported attachment-efficiency summary match Table S6."
BOX-0019,20,Besseling_2017,Settling,Attachment efficiency heteroaggregation (70nm PS + bentonite),alpha_het,PS,Sphere,0.07,0.107,0.09,0.145,-,0.107,0.09,0.145,-,Empirical,70nm PS + bentonite clay; Table S6,Attachment efficiency heteroaggregation (70nm PS + bentonite),Fate of nano- and microplastic in freshwater systems: a modeling study,https://doi.org/10.1016/j.envpol.2016.10.001,,selected,"structured value, unit, parameter/object context and source note are retained; scope is stated rather than inferred",0.107,-,No v5 value/unit correction applied; original source-table fields are retained separately.,reported_measurement_or_study_statistic,v5_local_pdf_read_with_retained_locator,"v5 personally read local Besseling supplementary PDF; SI PDF p.28, Table S6.",70nm PS + bentonite clay; Table S6,"Source- and scenario-specific evidence. It is not a universal lake parameter, a pooled distribution, or an input to PathwayAttribution v7.",Source-reported experimental or physical parameter,"The PS/clay combination, size class and reported attachment-efficiency summary match Table S6."
BOX-0020,21,Besseling_2017,Settling,Attachment efficiency heteroaggregation (1050nm PS + bentonite),alpha_het,PS,Sphere,1.05,0.089,0.06,0.2,-,0.089,0.06,0.2,-,Empirical,1050nm PS + bentonite clay; overall experimental range 0.004-0.2; Table S6,Attachment efficiency heteroaggregation (1050nm PS + bentonite),Fate of nano- and microplastic in freshwater systems: a modeling study,https://doi.org/10.1016/j.envpol.2016.10.001,,selected,"structured value, unit, parameter/object context and source note are retained; scope is stated rather than inferred",0.089,-,No v5 value/unit correction applied; original source-table fields are retained separately.,reported_measurement_or_study_statistic,v5_local_pdf_read_with_retained_locator,"v5 personally read local Besseling supplementary PDF; SI PDF p.28, Table S6.",1050nm PS + bentonite clay; overall experimental range 0.004-0.2; Table S6,"Source- and scenario-specific evidence. It is not a universal lake parameter, a pooled distribution, or an input to PathwayAttribution v7.",Source-reported experimental or physical parameter,"The PS/clay combination, size class and reported attachment-efficiency summary match Table S6."
BOX-0021,22,Besseling_2017,Settling,Attachment efficiency homoaggregation (default),alpha_hom,Mixed,Sphere,0.1-10000,0.01,0,1,-,0.01,0,1,-,Calibrated,Default value; Table S5,Attachment efficiency homoaggregation (default),Fate of nano- and microplastic in freshwater systems: a modeling study,https://doi.org/10.1016/j.envpol.2016.10.001,,selected,"structured value, unit, parameter/object context and source note are retained; scope is stated rather than inferred",0.01,-,No v5 value/unit correction applied; original source-table fields are retained separately.,model_default_or_scenario,v5_local_pdf_read_with_retained_locator,"v5 personally read local Besseling supplementary PDF; SI PDF p.24, Table S5.",Default value; Table S5,"Source- and scenario-specific evidence. It is not a universal lake parameter, a pooled distribution, or an input to PathwayAttribution v7.",Model input or scenario assumption,"The named parameter, reported value and unit match the Table S5 entry; default or fitted settings remain source model inputs."
BOX-0022,23,Besseling_2017,Settling,Polymer density (default average),rho_p,Mixed,Sphere,0.1-10000,1040,NA,NA,kg/m3,1040,NA,NA,kg/m3,Empirical,Avg of yearly produced plastics; Andrady 2011; Section 2.3.5,Polymer density (default average),Fate of nano- and microplastic in freshwater systems: a modeling study,https://doi.org/10.1016/j.envpol.2016.10.001,,selected,"structured value, unit, parameter/object context and source note are retained; scope is stated rather than inferred",1040,kg/m3,No v5 value/unit correction applied; original source-table fields are retained separately.,model_default_or_scenario,v5_local_pdf_read_with_retained_locator,v5 personally read local Besseling supplementary PDF; SI PDF model-description passages; retained row locator was not retyped cell-by-cell.,Avg of yearly produced plastics; Andrady 2011; Section 2.3.5,"Source- and scenario-specific evidence. It is not a universal lake parameter, a pooled distribution, or an input to PathwayAttribution v7.",Model input or scenario assumption,"The named parameter, reported value and unit match the Table S5 entry; default or fitted settings remain source model inputs."
BOX-0023,24,Besseling_2017,Settling,Polymer density (scenario range low),rho_p_min,PE,Sphere,0.1-10000,1000,NA,NA,kg/m3,1000,NA,NA,kg/m3,Empirical,Low density PE/PP representing non-settling plastic; Section 2.3.5,Polymer density (scenario range low),Fate of nano- and microplastic in freshwater systems: a modeling study,https://doi.org/10.1016/j.envpol.2016.10.001,,selected,"structured value, unit, parameter/object context and source note are retained; scope is stated rather than inferred",1000,kg/m3,No v5 value/unit correction applied; original source-table fields are retained separately.,model_default_or_scenario,v5_local_pdf_read_with_retained_locator,v5 personally read local Besseling supplementary PDF; SI PDF model-description passages; retained row locator was not retyped cell-by-cell.,Low density PE/PP representing non-settling plastic; Section 2.3.5,"Source- and scenario-specific evidence. It is not a universal lake parameter, a pooled distribution, or an input to PathwayAttribution v7.",Model input or scenario assumption,"The named parameter, reported value and unit match the Table S5 entry; default or fitted settings remain source model inputs."
BOX-0024,25,Besseling_2017,Settling,Polymer density (scenario range high),rho_p_max,PET/PVC,Sphere,0.1-10000,1500,NA,NA,kg/m3,1500,NA,NA,kg/m3,Empirical,Dense polymers PET/PVC; Section 2.3.5; Fig. S2 refs 1400 kg/m3 for PET/PVC,Polymer density (scenario range high),Fate of nano- and microplastic in freshwater systems: a modeling study,https://doi.org/10.1016/j.envpol.2016.10.001,,selected,"structured value, unit, parameter/object context and source note are retained; scope is stated rather than inferred",1500,kg/m3,No v5 value/unit correction applied; original source-table fields are retained separately.,model_default_or_scenario,v5_local_pdf_read_with_retained_locator,v5 personally read local Besseling supplementary PDF; SI PDF model-description passages; retained row locator was not retyped cell-by-cell.,Dense polymers PET/PVC; Section 2.3.5; Fig. S2 refs 1400 kg/m3 for PET/PVC,"Source- and scenario-specific evidence. It is not a universal lake parameter, a pooled distribution, or an input to PathwayAttribution v7.",Model input or scenario assumption,"The named parameter, reported value and unit match the Table S5 entry; default or fitted settings remain source model inputs."
BOX-0025,26,Besseling_2017,Settling,Polymer density (scenario high - PET/PVC),rho_p,PET/PVC,Sphere,0.1-10000,1400,NA,NA,kg/m3,1400,NA,NA,kg/m3,Empirical,Fig. S2 scenario; PET and PVC representative density,Polymer density (scenario high - PET/PVC),Fate of nano- and microplastic in freshwater systems: a modeling study,https://doi.org/10.1016/j.envpol.2016.10.001,,selected,"structured value, unit, parameter/object context and source note are retained; scope is stated rather than inferred",1400,kg/m3,No v5 value/unit correction applied; original source-table fields are retained separately.,model_default_or_scenario,v5_local_pdf_read_with_retained_locator,v5 personally read local Besseling supplementary PDF; SI PDF model-description passages; retained row locator was not retyped cell-by-cell.,Fig. S2 scenario; PET and PVC representative density,Study-specific; do not pool as a universal lake coefficient or treat model outputs/bookkeeping as independent observations.,model_default_or_scenario,
BOX-0026,27,Besseling_2017,Settling,Stokes settling velocity (0.1 um particle),v_s,Mixed,Sphere,0.1,1.960E-10,NA,NA,m/s,1.6934E-05,NA,NA,m/d,Theoretical,Stokes law Eq. S8; rho_p=1040 kg/m3; Table S4B. Converted: *86400,Stokes settling velocity (0.1 um particle),Fate of nano- and microplastic in freshwater systems: a modeling study,https://doi.org/10.1016/j.envpol.2016.10.001,,selected,"structured value, unit, parameter/object context and source note are retained; scope is stated rather than inferred",1.960E-10,m/s,No v5 value/unit correction applied; original source-table fields are retained separately.,theoretical_calculation_or_model_output,v5_local_pdf_read_with_retained_locator,"v5 personally read local Besseling supplementary PDF; SI PDF p.15, Table S4.",Stokes law Eq. S8; rho_p=1040 kg/m3; Table S4B. Converted: *86400,"Source- and scenario-specific evidence. It is not a universal lake parameter, a pooled distribution, or an input to PathwayAttribution v7. Ideal Stokes-law calculation, valid only in the low-Reynolds-number regime. Large-particle extrapolations are not validated settling measurements.",Theoretical calculation,"The particle diameter and printed Stokes settling rate match the corresponding Table S4B row; this is a theoretical model value, not a field observation."
BOX-0027,28,Besseling_2017,Settling,Stokes settling velocity (0.2 um particle),v_s,Mixed,Sphere,0.2,7.830E-10,NA,NA,m/s,6.7651E-05,NA,NA,m/d,Theoretical,Stokes law Eq. S8; rho_p=1040 kg/m3; Table S4B. Converted: *86400,Stokes settling velocity (0.2 um particle),Fate of nano- and microplastic in freshwater systems: a modeling study,https://doi.org/10.1016/j.envpol.2016.10.001,,selected,"structured value, unit, parameter/object context and source note are retained; scope is stated rather than inferred",7.830E-10,m/s,No v5 value/unit correction applied; original source-table fields are retained separately.,theoretical_calculation_or_model_output,v5_local_pdf_read_with_retained_locator,"v5 personally read local Besseling supplementary PDF; SI PDF p.15, Table S4.",Stokes law Eq. S8; rho_p=1040 kg/m3; Table S4B. Converted: *86400,"Source- and scenario-specific evidence. It is not a universal lake parameter, a pooled distribution, or an input to PathwayAttribution v7. Ideal Stokes-law calculation, valid only in the low-Reynolds-number regime. Large-particle extrapolations are not validated settling measurements.",Theoretical calculation,"The particle diameter and printed Stokes settling rate match the corresponding Table S4B row; this is a theoretical model value, not a field observation."
BOX-0028,29,Besseling_2017,Settling,Stokes settling velocity (0.5 um particle),v_s,Mixed,Sphere,0.5,4.890E-09,NA,NA,m/s,4.2250E-04,NA,NA,m/d,Theoretical,Stokes law Eq. S8; rho_p=1040 kg/m3; Table S4B. Converted: *86400,Stokes settling velocity (0.5 um particle),Fate of nano- and microplastic in freshwater systems: a modeling study,https://doi.org/10.1016/j.envpol.2016.10.001,,selected,"structured value, unit, parameter/object context and source note are retained; scope is stated rather than inferred",4.890E-09,m/s,No v5 value/unit correction applied; original source-table fields are retained separately.,theoretical_calculation_or_model_output,v5_local_pdf_read_with_retained_locator,"v5 personally read local Besseling supplementary PDF; SI PDF p.15, Table S4.",Stokes law Eq. S8; rho_p=1040 kg/m3; Table S4B. Converted: *86400,"Source- and scenario-specific evidence. It is not a universal lake parameter, a pooled distribution, or an input to PathwayAttribution v7. Ideal Stokes-law calculation, valid only in the low-Reynolds-number regime. Large-particle extrapolations are not validated settling measurements.",Theoretical calculation,"The particle diameter and printed Stokes settling rate match the corresponding Table S4B row; this is a theoretical model value, not a field observation."
BOX-0029,30,Besseling_2017,Settling,Stokes settling velocity (1.0 um particle),v_s,Mixed,Sphere,1.0,1.960E-08,NA,NA,m/s,1.6934E-03,NA,NA,m/d,Theoretical,Stokes law Eq. S8; rho_p=1040 kg/m3; Table S4B. Converted: *86400,Stokes settling velocity (1.0 um particle),Fate of nano- and microplastic in freshwater systems: a modeling study,https://doi.org/10.1016/j.envpol.2016.10.001,,selected,"structured value, unit, parameter/object context and source note are retained; scope is stated rather than inferred",1.960E-08,m/s,No v5 value/unit correction applied; original source-table fields are retained separately.,theoretical_calculation_or_model_output,v5_local_pdf_read_with_retained_locator,"v5 personally read local Besseling supplementary PDF; SI PDF p.15, Table S4.",Stokes law Eq. S8; rho_p=1040 kg/m3; Table S4B. Converted: *86400,"Source- and scenario-specific evidence. It is not a universal lake parameter, a pooled distribution, or an input to PathwayAttribution v7. Ideal Stokes-law calculation, valid only in the low-Reynolds-number regime. Large-particle extrapolations are not validated settling measurements.",Theoretical calculation,"The particle diameter and printed Stokes settling rate match the corresponding Table S4B row; this is a theoretical model value, not a field observation."
BOX-0030,31,Besseling_2017,Settling,Stokes settling velocity (2.0 um particle),v_s,Mixed,Sphere,2.0,7.830E-08,NA,NA,m/s,6.7651E-03,NA,NA,m/d,Theoretical,Stokes law Eq. S8; rho_p=1040 kg/m3; Table S4B. Converted: *86400,Stokes settling velocity (2.0 um particle),Fate of nano- and microplastic in freshwater systems: a modeling study,https://doi.org/10.1016/j.envpol.2016.10.001,,selected,"structured value, unit, parameter/object context and source note are retained; scope is stated rather than inferred",7.830E-08,m/s,No v5 value/unit correction applied; original source-table fields are retained separately.,theoretical_calculation_or_model_output,v5_local_pdf_read_with_retained_locator,"v5 personally read local Besseling supplementary PDF; SI PDF p.15, Table S4.",Stokes law Eq. S8; rho_p=1040 kg/m3; Table S4B. Converted: *86400,"Source- and scenario-specific evidence. It is not a universal lake parameter, a pooled distribution, or an input to PathwayAttribution v7. Ideal Stokes-law calculation, valid only in the low-Reynolds-number regime. Large-particle extrapolations are not validated settling measurements.",Theoretical calculation,"The particle diameter and printed Stokes settling rate match the corresponding Table S4B row; this is a theoretical model value, not a field observation."
BOX-0031,32,Besseling_2017,Settling,Stokes settling velocity (5.0 um particle),v_s,Mixed,Sphere,5.0,4.890E-07,NA,NA,m/s,4.2250E-02,NA,NA,m/d,Theoretical,Stokes law Eq. S8; rho_p=1040 kg/m3; Table S4B. Converted: *86400,Stokes settling velocity (5.0 um particle),Fate of nano- and microplastic in freshwater systems: a modeling study,https://doi.org/10.1016/j.envpol.2016.10.001,,selected,"structured value, unit, parameter/object context and source note are retained; scope is stated rather than inferred",4.890E-07,m/s,No v5 value/unit correction applied; original source-table fields are retained separately.,theoretical_calculation_or_model_output,v5_local_pdf_read_with_retained_locator,"v5 personally read local Besseling supplementary PDF; SI PDF p.15, Table S4.",Stokes law Eq. S8; rho_p=1040 kg/m3; Table S4B. Converted: *86400,"Source- and scenario-specific evidence. It is not a universal lake parameter, a pooled distribution, or an input to PathwayAttribution v7. Ideal Stokes-law calculation, valid only in the low-Reynolds-number regime. Large-particle extrapolations are not validated settling measurements.",Theoretical calculation,"The particle diameter and printed Stokes settling rate match the corresponding Table S4B row; this is a theoretical model value, not a field observation."
BOX-0032,33,Besseling_2017,Settling,Stokes settling velocity (10.0 um particle),v_s,Mixed,Sphere,10.0,1.960E-06,NA,NA,m/s,1.6934E-01,NA,NA,m/d,Theoretical,Stokes law Eq. S8; rho_p=1040 kg/m3; Table S4B. Converted: *86400,Stokes settling velocity (10.0 um particle),Fate of nano- and microplastic in freshwater systems: a modeling study,https://doi.org/10.1016/j.envpol.2016.10.001,,selected,"structured value, unit, parameter/object context and source note are retained; scope is stated rather than inferred",1.960E-06,m/s,No v5 value/unit correction applied; original source-table fields are retained separately.,theoretical_calculation_or_model_output,v5_local_pdf_read_with_retained_locator,"v5 personally read local Besseling supplementary PDF; SI PDF p.15, Table S4.",Stokes law Eq. S8; rho_p=1040 kg/m3; Table S4B. Converted: *86400,"Source- and scenario-specific evidence. It is not a universal lake parameter, a pooled distribution, or an input to PathwayAttribution v7. Ideal Stokes-law calculation, valid only in the low-Reynolds-number regime. Large-particle extrapolations are not validated settling measurements.",Theoretical calculation,"The particle diameter and printed Stokes settling rate match the corresponding Table S4B row; this is a theoretical model value, not a field observation."
BOX-0033,34,Besseling_2017,Settling,Stokes settling velocity (20.0 um particle),v_s,Mixed,Sphere,20.0,7.830E-06,NA,NA,m/s,6.7651E-01,NA,NA,m/d,Theoretical,Stokes law Eq. S8; rho_p=1040 kg/m3; Table S4B. Converted: *86400,Stokes settling velocity (20.0 um particle),Fate of nano- and microplastic in freshwater systems: a modeling study,https://doi.org/10.1016/j.envpol.2016.10.001,,selected,"structured value, unit, parameter/object context and source note are retained; scope is stated rather than inferred",7.830E-06,m/s,No v5 value/unit correction applied; original source-table fields are retained separately.,theoretical_calculation_or_model_output,v5_local_pdf_read_with_retained_locator,"v5 personally read local Besseling supplementary PDF; SI PDF p.15, Table S4.",Stokes law Eq. S8; rho_p=1040 kg/m3; Table S4B. Converted: *86400,"Source- and scenario-specific evidence. It is not a universal lake parameter, a pooled distribution, or an input to PathwayAttribution v7. Ideal Stokes-law calculation, valid only in the low-Reynolds-number regime. Large-particle extrapolations are not validated settling measurements.",Theoretical calculation,"The particle diameter and printed Stokes settling rate match the corresponding Table S4B row; this is a theoretical model value, not a field observation."
BOX-0034,35,Besseling_2017,Settling,Stokes settling velocity (50.0 um particle),v_s,Mixed,Sphere,50.0,4.890E-05,NA,NA,m/s,4.2250E+00,NA,NA,m/d,Theoretical,Stokes law Eq. S8; rho_p=1040 kg/m3; Table S4B. Converted: *86400,Stokes settling velocity (50.0 um particle),Fate of nano- and microplastic in freshwater systems: a modeling study,https://doi.org/10.1016/j.envpol.2016.10.001,,selected,"structured value, unit, parameter/object context and source note are retained; scope is stated rather than inferred",4.890E-05,m/s,No v5 value/unit correction applied; original source-table fields are retained separately.,theoretical_calculation_or_model_output,v5_local_pdf_read_with_retained_locator,"v5 personally read local Besseling supplementary PDF; SI PDF p.15, Table S4.",Stokes law Eq. S8; rho_p=1040 kg/m3; Table S4B. Converted: *86400,"Source- and scenario-specific evidence. It is not a universal lake parameter, a pooled distribution, or an input to PathwayAttribution v7. Ideal Stokes-law calculation, valid only in the low-Reynolds-number regime. Large-particle extrapolations are not validated settling measurements.",Theoretical calculation,"The particle diameter and printed Stokes settling rate match the corresponding Table S4B row; this is a theoretical model value, not a field observation."
BOX-0035,36,Besseling_2017,Settling,Stokes settling velocity (100.0 um particle),v_s,Mixed,Sphere,100.0,1.960E-04,NA,NA,m/s,1.6934E+01,NA,NA,m/d,Theoretical,Stokes law Eq. S8; rho_p=1040 kg/m3; Table S4B. Converted: *86400,Stokes settling velocity (100.0 um particle),Fate of nano- and microplastic in freshwater systems: a modeling study,https://doi.org/10.1016/j.envpol.2016.10.001,,selected,"structured value, unit, parameter/object context and source note are retained; scope is stated rather than inferred",1.960E-04,m/s,No v5 value/unit correction applied; original source-table fields are retained separately.,theoretical_calculation_or_model_output,v5_local_pdf_read_with_retained_locator,"v5 personally read local Besseling supplementary PDF; SI PDF p.15, Table S4.",Stokes law Eq. S8; rho_p=1040 kg/m3; Table S4B. Converted: *86400,"Source- and scenario-specific evidence. It is not a universal lake parameter, a pooled distribution, or an input to PathwayAttribution v7. Ideal Stokes-law calculation, valid only in the low-Reynolds-number regime. Large-particle extrapolations are not validated settling measurements.",Theoretical calculation,"The particle diameter and printed Stokes settling rate match the corresponding Table S4B row; this is a theoretical model value, not a field observation."
BOX-0036,37,Besseling_2017,Settling,Stokes settling velocity (200.0 um particle),v_s,Mixed,Sphere,200.0,7.830E-04,NA,NA,m/s,6.7651E+01,NA,NA,m/d,Theoretical,Stokes law Eq. S8; rho_p=1040 kg/m3; Table S4B. Converted: *86400,Stokes settling velocity (200.0 um particle),Fate of nano- and microplastic in freshwater systems: a modeling study,https://doi.org/10.1016/j.envpol.2016.10.001,,selected,"structured value, unit, parameter/object context and source note are retained; scope is stated rather than inferred",7.830E-04,m/s,No v5 value/unit correction applied; original source-table fields are retained separately.,theoretical_calculation_or_model_output,v5_local_pdf_read_with_retained_locator,"v5 personally read local Besseling supplementary PDF; SI PDF p.15, Table S4.",Stokes law Eq. S8; rho_p=1040 kg/m3; Table S4B. Converted: *86400,"Source- and scenario-specific evidence. It is not a universal lake parameter, a pooled distribution, or an input to PathwayAttribution v7. Ideal Stokes-law calculation, valid only in the low-Reynolds-number regime. Large-particle extrapolations are not validated settling measurements.",Theoretical calculation,"The particle diameter and printed Stokes settling rate match the corresponding Table S4B row; this is a theoretical model value, not a field observation."
BOX-0037,38,Besseling_2017,Settling,Stokes settling velocity (500.0 um particle),v_s,Mixed,Sphere,500.0,4.890E-03,NA,NA,m/s,4.2250E+02,NA,NA,m/d,Theoretical,Stokes law Eq. S8; rho_p=1040 kg/m3; Table S4B. Converted: *86400,Stokes settling velocity (500.0 um particle),Fate of nano- and microplastic in freshwater systems: a modeling study,https://doi.org/10.1016/j.envpol.2016.10.001,,selected,"structured value, unit, parameter/object context and source note are retained; scope is stated rather than inferred",4.890E-03,m/s,No v5 value/unit correction applied; original source-table fields are retained separately.,theoretical_calculation_or_model_output,v5_local_pdf_read_with_retained_locator,"v5 personally read local Besseling supplementary PDF; SI PDF p.15, Table S4.",Stokes law Eq. S8; rho_p=1040 kg/m3; Table S4B. Converted: *86400,"Source- and scenario-specific evidence. It is not a universal lake parameter, a pooled distribution, or an input to PathwayAttribution v7. Ideal Stokes-law calculation, valid only in the low-Reynolds-number regime. Large-particle extrapolations are not validated settling measurements.",Theoretical calculation,"The particle diameter and printed Stokes settling rate match the corresponding Table S4B row; this is a theoretical model value, not a field observation."
BOX-0038,39,Besseling_2017,Settling,Stokes settling velocity (1000.0 um particle),v_s,Mixed,Sphere,1000.0,1.960E-02,NA,NA,m/s,1.6934E+03,NA,NA,m/d,Theoretical,Stokes law Eq. S8; rho_p=1040 kg/m3; Table S4B. Converted: *86400,Stokes settling velocity (1000.0 um particle),Fate of nano- and microplastic in freshwater systems: a modeling study,https://doi.org/10.1016/j.envpol.2016.10.001,,selected,"structured value, unit, parameter/object context and source note are retained; scope is stated rather than inferred",1.960E-02,m/s,No v5 value/unit correction applied; original source-table fields are retained separately.,theoretical_calculation_or_model_output,v5_local_pdf_read_with_retained_locator,"v5 personally read local Besseling supplementary PDF; SI PDF p.15, Table S4.",Stokes law Eq. S8; rho_p=1040 kg/m3; Table S4B. Converted: *86400,"Source- and scenario-specific evidence. It is not a universal lake parameter, a pooled distribution, or an input to PathwayAttribution v7. Ideal Stokes-law calculation, valid only in the low-Reynolds-number regime. Large-particle extrapolations are not validated settling measurements.",Theoretical calculation,"The particle diameter and printed Stokes settling rate match the corresponding Table S4B row; this is a theoretical model value, not a field observation."
BOX-0039,40,Besseling_2017,Settling,Stokes settling velocity (2000.0 um particle),v_s,Mixed,Sphere,2000.0,7.830E-02,NA,NA,m/s,6.7651E+03,NA,NA,m/d,Theoretical,Stokes law Eq. S8; rho_p=1040 kg/m3; Table S4B. Converted: *86400,Stokes settling velocity (2000.0 um particle),Fate of nano- and microplastic in freshwater systems: a modeling study,https://doi.org/10.1016/j.envpol.2016.10.001,,selected,"structured value, unit, parameter/object context and source note are retained; scope is stated rather than inferred",7.830E-02,m/s,No v5 value/unit correction applied; original source-table fields are retained separately.,theoretical_calculation_or_model_output,v5_local_pdf_read_with_retained_locator,"v5 personally read local Besseling supplementary PDF; SI PDF p.15, Table S4.",Stokes law Eq. S8; rho_p=1040 kg/m3; Table S4B. Converted: *86400,"Source- and scenario-specific evidence. It is not a universal lake parameter, a pooled distribution, or an input to PathwayAttribution v7. Ideal Stokes-law calculation, valid only in the low-Reynolds-number regime. Large-particle extrapolations are not validated settling measurements.",Theoretical calculation,"The particle diameter and printed Stokes settling rate match the corresponding Table S4B row; this is a theoretical model value, not a field observation."
BOX-0040,41,Besseling_2017,Settling,Stokes settling velocity (5000.0 um particle),v_s,Mixed,Sphere,5000.0,4.890E-01,NA,NA,m/s,4.2250E+04,NA,NA,m/d,Theoretical,Stokes law Eq. S8; rho_p=1040 kg/m3; Table S4B. Converted: *86400,Stokes settling velocity (5000.0 um particle),Fate of nano- and microplastic in freshwater systems: a modeling study,https://doi.org/10.1016/j.envpol.2016.10.001,,selected,"structured value, unit, parameter/object context and source note are retained; scope is stated rather than inferred",4.890E-01,m/s,No v5 value/unit correction applied; original source-table fields are retained separately.,theoretical_calculation_or_model_output,v5_local_pdf_read_with_retained_locator,"v5 personally read local Besseling supplementary PDF; SI PDF p.15, Table S4.",Stokes law Eq. S8; rho_p=1040 kg/m3; Table S4B. Converted: *86400,"Source- and scenario-specific evidence. It is not a universal lake parameter, a pooled distribution, or an input to PathwayAttribution v7. Ideal Stokes-law calculation, valid only in the low-Reynolds-number regime. Large-particle extrapolations are not validated settling measurements.",Theoretical calculation,"The particle diameter and printed Stokes settling rate match the corresponding Table S4B row; this is a theoretical model value, not a field observation."
BOX-0041,42,Besseling_2017,Settling,Stokes settling velocity (10000.0 um particle),v_s,Mixed,Sphere,10000.0,1.960E+00,NA,NA,m/s,1.6934E+05,NA,NA,m/d,Theoretical,Stokes law Eq. S8; rho_p=1040 kg/m3; Table S4B. Converted: *86400,Stokes settling velocity (10000.0 um particle),Fate of nano- and microplastic in freshwater systems: a modeling study,https://doi.org/10.1016/j.envpol.2016.10.001,,selected,"structured value, unit, parameter/object context and source note are retained; scope is stated rather than inferred",1.960E+00,m/s,No v5 value/unit correction applied; original source-table fields are retained separately.,theoretical_calculation_or_model_output,v5_local_pdf_read_with_retained_locator,"v5 personally read local Besseling supplementary PDF; SI PDF p.15, Table S4.",Stokes law Eq. S8; rho_p=1040 kg/m3; Table S4B. Converted: *86400,"Source- and scenario-specific evidence. It is not a universal lake parameter, a pooled distribution, or an input to PathwayAttribution v7. Ideal Stokes-law calculation, valid only in the low-Reynolds-number regime. Large-particle extrapolations are not validated settling measurements.",Theoretical calculation,"The particle diameter and printed Stokes settling rate match the corresponding Table S4B row; this is a theoretical model value, not a field observation."
BOX-0042,43,Besseling_2017,Settling,Suspended solids SS1 Stokes settling velocity,v_s_SS,NA,NA,0.5,5.370E-07,NA,NA,m/s,4.6397E-02,NA,NA,m/d,Theoretical,"SS1, radius=0.5 um, rho_SS=2120 kg/m3; Table S4A. Stokes calc. Converted: *86400",Suspended solids SS1 Stokes settling velocity,Fate of nano- and microplastic in freshwater systems: a modeling study,https://doi.org/10.1016/j.envpol.2016.10.001,,selected,"structured value, unit, parameter/object context and source note are retained; scope is stated rather than inferred",5.370E-07,m/s,No v5 value/unit correction applied; original source-table fields are retained separately.,theoretical_calculation_or_model_output,v5_local_pdf_read_with_retained_locator,"v5 personally read local Besseling supplementary PDF; SI PDF p.15, Table S4.","SS1, radius=0.5 um, rho_SS=2120 kg/m3; Table S4A. Stokes calc. Converted: *86400","Source- and scenario-specific evidence. It is not a universal lake parameter, a pooled distribution, or an input to PathwayAttribution v7. Ideal Stokes-law calculation, valid only in the low-Reynolds-number regime. Large-particle extrapolations are not validated settling measurements.",Theoretical calculation,The suspended-solids size class and Stokes settling rate match the corresponding Table S4A row.
BOX-0043,44,Besseling_2017,Settling,Suspended solids SS1 water concentration,C_SS_w,NA,NA,0.5,3.380E+03,NA,NA,1E9 particles/m3,3.380E+03,NA,NA,1E9 particles/m3,Empirical,SS1; Table S4A; initial concentration in water phase,Suspended solids SS1 water concentration,Fate of nano- and microplastic in freshwater systems: a modeling study,https://doi.org/10.1016/j.envpol.2016.10.001,,selected,"structured value, unit, parameter/object context and source note are retained; scope is stated rather than inferred",3.380E+03,1E9 particles/m3,No v5 value/unit correction applied; original source-table fields are retained separately.,reported_measurement_or_study_statistic,v5_local_pdf_read_with_retained_locator,"v5 personally read local Besseling supplementary PDF; SI PDF p.15, Table S4.",SS1; Table S4A; initial concentration in water phase,Study-specific; do not pool as a universal lake coefficient or treat model outputs/bookkeeping as independent observations.,reported_measurement_or_study_statistic,
BOX-0044,45,Besseling_2017,Settling,Suspended solids SS2 Stokes settling velocity,v_s_SS,NA,NA,1.5,4.830E-06,NA,NA,m/s,4.1731E-01,NA,NA,m/d,Theoretical,"SS2, radius=1.5 um, rho_SS=2120 kg/m3; Table S4A. Stokes calc. Converted: *86400",Suspended solids SS2 Stokes settling velocity,Fate of nano- and microplastic in freshwater systems: a modeling study,https://doi.org/10.1016/j.envpol.2016.10.001,,selected,"structured value, unit, parameter/object context and source note are retained; scope is stated rather than inferred",4.830E-06,m/s,No v5 value/unit correction applied; original source-table fields are retained separately.,theoretical_calculation_or_model_output,v5_local_pdf_read_with_retained_locator,"v5 personally read local Besseling supplementary PDF; SI PDF p.15, Table S4.","SS2, radius=1.5 um, rho_SS=2120 kg/m3; Table S4A. Stokes calc. Converted: *86400","Source- and scenario-specific evidence. It is not a universal lake parameter, a pooled distribution, or an input to PathwayAttribution v7. Ideal Stokes-law calculation, valid only in the low-Reynolds-number regime. Large-particle extrapolations are not validated settling measurements.",Theoretical calculation,The suspended-solids size class and Stokes settling rate match the corresponding Table S4A row.
BOX-0045,46,Besseling_2017,Settling,Suspended solids SS2 water concentration,C_SS_w,NA,NA,1.5,1.250E+02,NA,NA,1E9 particles/m3,1.250E+02,NA,NA,1E9 particles/m3,Empirical,SS2; Table S4A; initial concentration in water phase,Suspended solids SS2 water concentration,Fate of nano- and microplastic in freshwater systems: a modeling study,https://doi.org/10.1016/j.envpol.2016.10.001,,selected,"structured value, unit, parameter/object context and source note are retained; scope is stated rather than inferred",1.250E+02,1E9 particles/m3,No v5 value/unit correction applied; original source-table fields are retained separately.,reported_measurement_or_study_statistic,v5_local_pdf_read_with_retained_locator,"v5 personally read local Besseling supplementary PDF; SI PDF p.15, Table S4.",SS2; Table S4A; initial concentration in water phase,Study-specific; do not pool as a universal lake coefficient or treat model outputs/bookkeeping as independent observations.,reported_measurement_or_study_statistic,
BOX-0046,47,Besseling_2017,Settling,Suspended solids SS3 Stokes settling velocity,v_s_SS,NA,NA,5.0,5.370E-05,NA,NA,m/s,4.6397E+00,NA,NA,m/d,Theoretical,"SS3, radius=5.0 um, rho_SS=2120 kg/m3; Table S4A. Stokes calc. Converted: *86400",Suspended solids SS3 Stokes settling velocity,Fate of nano- and microplastic in freshwater systems: a modeling study,https://doi.org/10.1016/j.envpol.2016.10.001,,selected,"structured value, unit, parameter/object context and source note are retained; scope is stated rather than inferred",5.370E-05,m/s,No v5 value/unit correction applied; original source-table fields are retained separately.,theoretical_calculation_or_model_output,v5_local_pdf_read_with_retained_locator,"v5 personally read local Besseling supplementary PDF; SI PDF p.15, Table S4.","SS3, radius=5.0 um, rho_SS=2120 kg/m3; Table S4A. Stokes calc. Converted: *86400","Source- and scenario-specific evidence. It is not a universal lake parameter, a pooled distribution, or an input to PathwayAttribution v7. Ideal Stokes-law calculation, valid only in the low-Reynolds-number regime. Large-particle extrapolations are not validated settling measurements.",Theoretical calculation,The suspended-solids size class and Stokes settling rate match the corresponding Table S4A row.
BOX-0047,48,Besseling_2017,Settling,Suspended solids SS3 water concentration,C_SS_w,NA,NA,5.0,3.380E+00,NA,NA,1E9 particles/m3,3.380E+00,NA,NA,1E9 particles/m3,Empirical,SS3; Table S4A; initial concentration in water phase,Suspended solids SS3 water concentration,Fate of nano- and microplastic in freshwater systems: a modeling study,https://doi.org/10.1016/j.envpol.2016.10.001,,selected,"structured value, unit, parameter/object context and source note are retained; scope is stated rather than inferred",3.380E+00,1E9 particles/m3,No v5 value/unit correction applied; original source-table fields are retained separately.,reported_measurement_or_study_statistic,v5_local_pdf_read_with_retained_locator,"v5 personally read local Besseling supplementary PDF; SI PDF p.15, Table S4.",SS3; Table S4A; initial concentration in water phase,Study-specific; do not pool as a universal lake coefficient or treat model outputs/bookkeeping as independent observations.,reported_measurement_or_study_statistic,
BOX-0048,49,Besseling_2017,Settling,Suspended solids SS4 Stokes settling velocity,v_s_SS,NA,NA,15.0,4.830E-04,NA,NA,m/s,4.1731E+01,NA,NA,m/d,Theoretical,"SS4, radius=15.0 um, rho_SS=2120 kg/m3; Table S4A. Stokes calc. Converted: *86400",Suspended solids SS4 Stokes settling velocity,Fate of nano- and microplastic in freshwater systems: a modeling study,https://doi.org/10.1016/j.envpol.2016.10.001,,selected,"structured value, unit, parameter/object context and source note are retained; scope is stated rather than inferred",4.830E-04,m/s,No v5 value/unit correction applied; original source-table fields are retained separately.,theoretical_calculation_or_model_output,v5_local_pdf_read_with_retained_locator,"v5 personally read local Besseling supplementary PDF; SI PDF p.15, Table S4.","SS4, radius=15.0 um, rho_SS=2120 kg/m3; Table S4A. Stokes calc. Converted: *86400","Source- and scenario-specific evidence. It is not a universal lake parameter, a pooled distribution, or an input to PathwayAttribution v7. Ideal Stokes-law calculation, valid only in the low-Reynolds-number regime. Large-particle extrapolations are not validated settling measurements.",Theoretical calculation,The suspended-solids size class and Stokes settling rate match the corresponding Table S4A row.
BOX-0049,50,Besseling_2017,Settling,Suspended solids SS4 water concentration,C_SS_w,NA,NA,15.0,1.250E-01,NA,NA,1E9 particles/m3,1.250E-01,NA,NA,1E9 particles/m3,Empirical,SS4; Table S4A; initial concentration in water phase,Suspended solids SS4 water concentration,Fate of nano- and microplastic in freshwater systems: a modeling study,https://doi.org/10.1016/j.envpol.2016.10.001,,selected,"structured value, unit, parameter/object context and source note are retained; scope is stated rather than inferred",1.250E-01,1E9 particles/m3,No v5 value/unit correction applied; original source-table fields are retained separately.,reported_measurement_or_study_statistic,v5_local_pdf_read_with_retained_locator,"v5 personally read local Besseling supplementary PDF; SI PDF p.15, Table S4.",SS4; Table S4A; initial concentration in water phase,Study-specific; do not pool as a universal lake coefficient or treat model outputs/bookkeeping as independent observations.,reported_measurement_or_study_statistic,
BOX-0050,51,Besseling_2017,Settling,Suspended solids SS5 Stokes settling velocity,v_s_SS,NA,NA,50.0,5.370E-03,NA,NA,m/s,4.6397E+02,NA,NA,m/d,Theoretical,"SS5, radius=50.0 um, rho_SS=2120 kg/m3; Table S4A. Stokes calc. Converted: *86400",Suspended solids SS5 Stokes settling velocity,Fate of nano- and microplastic in freshwater systems: a modeling study,https://doi.org/10.1016/j.envpol.2016.10.001,,selected,"structured value, unit, parameter/object context and source note are retained; scope is stated rather than inferred",5.370E-03,m/s,No v5 value/unit correction applied; original source-table fields are retained separately.,theoretical_calculation_or_model_output,v5_local_pdf_read_with_retained_locator,"v5 personally read local Besseling supplementary PDF; SI PDF p.15, Table S4.","SS5, radius=50.0 um, rho_SS=2120 kg/m3; Table S4A. Stokes calc. Converted: *86400","Source- and scenario-specific evidence. It is not a universal lake parameter, a pooled distribution, or an input to PathwayAttribution v7. Ideal Stokes-law calculation, valid only in the low-Reynolds-number regime. Large-particle extrapolations are not validated settling measurements.",Theoretical calculation,The suspended-solids size class and Stokes settling rate match the corresponding Table S4A row.
BOX-0051,52,Besseling_2017,Settling,Suspended solids SS5 water concentration,C_SS_w,NA,NA,50.0,0.000E+00,NA,NA,1E9 particles/m3,0.000E+00,NA,NA,1E9 particles/m3,Empirical,SS5; Table S4A; initial concentration in water phase,Suspended solids SS5 water concentration,Fate of nano- and microplastic in freshwater systems: a modeling study,https://doi.org/10.1016/j.envpol.2016.10.001,,selected,"structured value, unit, parameter/object context and source note are retained; scope is stated rather than inferred",0.000E+00,1E9 particles/m3,No v5 value/unit correction applied; original source-table fields are retained separately.,reported_measurement_or_study_statistic,v5_local_pdf_read_with_retained_locator,"v5 personally read local Besseling supplementary PDF; SI PDF p.15, Table S4.",SS5; Table S4A; initial concentration in water phase,Study-specific; do not pool as a universal lake coefficient or treat model outputs/bookkeeping as independent observations.,reported_measurement_or_study_statistic,
BOX-0052,53,Besseling_2017,Settling,Suspended solids density,rho_SS,NA,NA,0.5-50,2120,NA,NA,kg/m3,2120,NA,NA,kg/m3,Empirical,"Dommel river; organic fraction rho=1250, inorganic rho=2700 kg/m3; Boyd 1995 method; Table S5",Suspended solids density,Fate of nano- and microplastic in freshwater systems: a modeling study,https://doi.org/10.1016/j.envpol.2016.10.001,,selected,"structured value, unit, parameter/object context and source note are retained; scope is stated rather than inferred",2120,kg/m3,No v5 value/unit correction applied; original source-table fields are retained separately.,model_default_or_scenario,v5_local_pdf_read_with_retained_locator,"v5 personally read local Besseling supplementary PDF; SI PDF p.24, Table S5.","Dommel river; organic fraction rho=1250, inorganic rho=2700 kg/m3; Boyd 1995 method; Table S5","Source- and scenario-specific evidence. It is not a universal lake parameter, a pooled distribution, or an input to PathwayAttribution v7.",Model input or scenario assumption,"The named parameter, reported value and unit match the Table S5 entry; default or fitted settings remain source model inputs."
BOX-0053,54,Besseling_2017,Settling,Upstream plastic input concentration (default),C_in,Mixed,Sphere,0.1-10000,1,NA,NA,ng/L,1,NA,NA,ng/L,Empirical,Table S2; representative average of freshwater microplastic concentrations,Upstream plastic input concentration (default),Fate of nano- and microplastic in freshwater systems: a modeling study,https://doi.org/10.1016/j.envpol.2016.10.001,,selected,"structured value, unit, parameter/object context and source note are retained; scope is stated rather than inferred",1,ng/L,No v5 value/unit correction applied; original source-table fields are retained separately.,model_default_or_scenario,v5_local_pdf_read_with_retained_locator,v5 personally read local Besseling supplementary PDF; SI PDF model-description passages; retained row locator was not retyped cell-by-cell.,Table S2; representative average of freshwater microplastic concentrations,"Source- and scenario-specific evidence. It is not a universal lake parameter, a pooled distribution, or an input to PathwayAttribution v7.",Model input or scenario assumption,The 1 ng/L initial input concentration and its unit match Table S4A-B context.
BOX-0054,55,Besseling_2017,Settling,Fractal dimension of plastic homoaggregates,D_f,Mixed,NA,NA,2.5,NA,NA,-,2.5,NA,NA,-,Calibrated,Table S5; as used for other (nano)particles (Quik et al. 2015),Fractal dimension of plastic homoaggregates,Fate of nano- and microplastic in freshwater systems: a modeling study,https://doi.org/10.1016/j.envpol.2016.10.001,,selected,"structured value, unit, parameter/object context and source note are retained; scope is stated rather than inferred",2.5,-,No v5 value/unit correction applied; original source-table fields are retained separately.,model_default_or_scenario,v5_local_pdf_read_with_retained_locator,"v5 personally read local Besseling supplementary PDF; SI PDF p.24, Table S5.",Table S5; as used for other (nano)particles (Quik et al. 2015),"Source- and scenario-specific evidence. It is not a universal lake parameter, a pooled distribution, or an input to PathwayAttribution v7.",Model input or scenario assumption,"The named parameter, reported value and unit match the Table S5 entry; default or fitted settings remain source model inputs."
BOX-0055,56,Besseling_2017,Biofouling,Biofilm layer thickness,delta_biofilm,Mixed,NA,NA,0.4,NA,NA,um,0.4,NA,NA,um,Empirical,Average bacteria width (Pernthaler et al. 1996); SI page 20 confirms 0.4 um,Biofilm layer thickness,Fate of nano- and microplastic in freshwater systems: a modeling study,https://doi.org/10.1016/j.envpol.2016.10.001,,selected,"structured value, unit, parameter/object context and source note are retained; scope is stated rather than inferred",0.4,um,No v5 value/unit correction applied; original source-table fields are retained separately.,model_default_or_scenario,v5_local_pdf_read_with_retained_locator,v5 personally read local Besseling supplementary PDF; SI PDF model-description passages; retained row locator was not retyped cell-by-cell.,Average bacteria width (Pernthaler et al. 1996); SI page 20 confirms 0.4 um,"Source- and scenario-specific evidence. It is not a universal lake parameter, a pooled distribution, or an input to PathwayAttribution v7.",Model input or scenario assumption,The process description and value match the NanoDUFLOW biofilm/sediment model description; scenario settings remain assumptions.
BOX-0056,57,Besseling_2017,Biofouling,Biofilm density,rho_biofilm,NA,NA,NA,1250,NA,NA,kg/m3,1250,NA,NA,kg/m3,Empirical,Density of organic matter (Avnimelech et al. 2001); Section 2.3.4,Biofilm density,Fate of nano- and microplastic in freshwater systems: a modeling study,https://doi.org/10.1016/j.envpol.2016.10.001,,selected,"structured value, unit, parameter/object context and source note are retained; scope is stated rather than inferred",1250,kg/m3,No v5 value/unit correction applied; original source-table fields are retained separately.,model_default_or_scenario,v5_local_pdf_read_with_retained_locator,v5 personally read local Besseling supplementary PDF; SI PDF model-description passages; retained row locator was not retyped cell-by-cell.,Density of organic matter (Avnimelech et al. 2001); Section 2.3.4,"Source- and scenario-specific evidence. It is not a universal lake parameter, a pooled distribution, or an input to PathwayAttribution v7.",Model input or scenario assumption,The process description and value match the NanoDUFLOW biofilm/sediment model description; scenario settings remain assumptions.
BOX-0057,58,Besseling_2017,Biofouling,Biofilm alpha_het multiplier factor,f_biofilm_alpha,NA,NA,NA,2,1,3,-,2,1,3,-,Empirical,Biofilm increases alpha_het 2-3x; Quik et al. 2011; Xiao & Wiesner 2013,Biofilm alpha_het multiplier factor,Fate of nano- and microplastic in freshwater systems: a modeling study,https://doi.org/10.1016/j.envpol.2016.10.001,,selected,"structured value, unit, parameter/object context and source note are retained; scope is stated rather than inferred",2,-,No v5 value/unit correction applied; original source-table fields are retained separately.,model_default_or_scenario,v5_local_pdf_read_with_retained_locator,v5 personally read local Besseling supplementary PDF; SI PDF model-description passages; retained row locator was not retyped cell-by-cell.,Biofilm increases alpha_het 2-3x; Quik et al. 2011; Xiao & Wiesner 2013,"Source- and scenario-specific evidence. It is not a universal lake parameter, a pooled distribution, or an input to PathwayAttribution v7.",Model input or scenario assumption,The process description and value match the NanoDUFLOW biofilm/sediment model description; scenario settings remain assumptions.
BOX-0058,59,Besseling_2017,Biofouling,alpha_het with biofilm (scenario 1),alpha_het_biofilm1,Mixed,Sphere,NA,0.02,NA,NA,-,0.02,NA,NA,-,Calibrated,Biofilm scenario with alpha_het=0.02; Section 3.2.4.2,alpha_het with biofilm (scenario 1),Fate of nano- and microplastic in freshwater systems: a modeling study,https://doi.org/10.1016/j.envpol.2016.10.001,,selected,"structured value, unit, parameter/object context and source note are retained; scope is stated rather than inferred",0.02,-,No v5 value/unit correction applied; original source-table fields are retained separately.,model_default_or_scenario,v5_local_pdf_read_with_retained_locator,v5 personally read local Besseling supplementary PDF; SI PDF model-description passages; retained row locator was not retyped cell-by-cell.,Biofilm scenario with alpha_het=0.02; Section 3.2.4.2,"Source- and scenario-specific evidence. It is not a universal lake parameter, a pooled distribution, or an input to PathwayAttribution v7.",Model input or scenario assumption,The process description and value match the NanoDUFLOW biofilm/sediment model description; scenario settings remain assumptions.
BOX-0059,60,Besseling_2017,Biofouling,alpha_het with biofilm (scenario 2),alpha_het_biofilm2,Mixed,Sphere,NA,0.03,NA,NA,-,0.03,NA,NA,-,Calibrated,Biofilm scenario with alpha_het=0.03; Section 3.2.4.2; Fig. S4,alpha_het with biofilm (scenario 2),Fate of nano- and microplastic in freshwater systems: a modeling study,https://doi.org/10.1016/j.envpol.2016.10.001,,selected,"structured value, unit, parameter/object context and source note are retained; scope is stated rather than inferred",0.03,-,No v5 value/unit correction applied; original source-table fields are retained separately.,model_default_or_scenario,v5_local_pdf_read_with_retained_locator,v5 personally read local Besseling supplementary PDF; SI PDF model-description passages; retained row locator was not retyped cell-by-cell.,Biofilm scenario with alpha_het=0.03; Section 3.2.4.2; Fig. S4,"Source- and scenario-specific evidence. It is not a universal lake parameter, a pooled distribution, or an input to PathwayAttribution v7.",Model input or scenario assumption,The process description and value match the NanoDUFLOW biofilm/sediment model description; scenario settings remain assumptions.
BOX-0060,61,Besseling_2017,Resuspension,Critical shear stress for resuspension,tau_crit,NA,NA,NA,0.5,NA,NA,Pa,0.5,NA,NA,Pa,Calibrated,Dommel river specific; Brouwer 2012; Table S5,Critical shear stress for resuspension,Fate of nano- and microplastic in freshwater systems: a modeling study,https://doi.org/10.1016/j.envpol.2016.10.001,,selected,"structured value, unit, parameter/object context and source note are retained; scope is stated rather than inferred",0.5,Pa,No v5 value/unit correction applied; original source-table fields are retained separately.,model_default_or_scenario,v5_local_pdf_read_with_retained_locator,"v5 personally read local Besseling supplementary PDF; SI PDF p.24, Table S5.",Dommel river specific; Brouwer 2012; Table S5,"Source- and scenario-specific evidence. It is not a universal lake parameter, a pooled distribution, or an input to PathwayAttribution v7.",Model input or scenario assumption,"The named parameter, reported value and unit match the Table S5 entry; default or fitted settings remain source model inputs."
BOX-0061,62,Besseling_2017,Resuspension,Maximum resuspension constant,R_jmax,NA,NA,NA,100,NA,NA,g/(m2*d),100,NA,NA,g/(m2*d),Calibrated,Table S5; per SS size class; from Brouwer 2012,Maximum resuspension constant,Fate of nano- and microplastic in freshwater systems: a modeling study,https://doi.org/10.1016/j.envpol.2016.10.001,,selected,"structured value, unit, parameter/object context and source note are retained; scope is stated rather than inferred",100,g/(m2*d),No v5 value/unit correction applied; original source-table fields are retained separately.,model_default_or_scenario,v5_local_pdf_read_with_retained_locator,"v5 personally read local Besseling supplementary PDF; SI PDF p.24, Table S5.",Table S5; per SS size class; from Brouwer 2012,"Source- and scenario-specific evidence. It is not a universal lake parameter, a pooled distribution, or an input to PathwayAttribution v7.",Model input or scenario assumption,"The named parameter, reported value and unit match the Table S5 entry; default or fitted settings remain source model inputs."
BOX-0062,63,Besseling_2017,Resuspension,Sediment burial rate constant,k_bur,NA,NA,NA,3.17E-09,NA,NA,s-1,2.74E-04,NA,NA,d-1,Calibrated,Table S5; Koelmans et al. 2009. Converted: *86400,Sediment burial rate constant,Fate of nano- and microplastic in freshwater systems: a modeling study,https://doi.org/10.1016/j.envpol.2016.10.001,,selected,"structured value, unit, parameter/object context and source note are retained; scope is stated rather than inferred",3.17E-09,s-1,No v5 value/unit correction applied; original source-table fields are retained separately.,model_default_or_scenario,v5_local_pdf_read_with_retained_locator,"v5 personally read local Besseling supplementary PDF; SI PDF p.24, Table S5.",Table S5; Koelmans et al. 2009. Converted: *86400,"Source- and scenario-specific evidence. It is not a universal lake parameter, a pooled distribution, or an input to PathwayAttribution v7.",Model input or scenario assumption,"The named parameter, reported value and unit match the Table S5 entry; default or fitted settings remain source model inputs."
BOX-0063,64,Besseling_2017,Resuspension,Degradation rate constant,k_deg,PE,NA,NA,6.81E-09,NA,NA,s-1,5.88E-04,NA,NA,d-1,Empirical,Max PE degradation 1.75%/month; Harshvardhan & Jha 2013; Table S5. Converted: *86400,Degradation rate constant,Fate of nano- and microplastic in freshwater systems: a modeling study,https://doi.org/10.1016/j.envpol.2016.10.001,,selected,"structured value, unit, parameter/object context and source note are retained; scope is stated rather than inferred",6.81E-09,s-1,No v5 value/unit correction applied; original source-table fields are retained separately.,model_default_or_scenario,v5_local_pdf_read_with_retained_locator,"v5 personally read local Besseling supplementary PDF; SI PDF p.24, Table S5.",Max PE degradation 1.75%/month; Harshvardhan & Jha 2013; Table S5. Converted: *86400,"Source- and scenario-specific evidence. It is not a universal lake parameter, a pooled distribution, or an input to PathwayAttribution v7.",Model input or scenario assumption,"The named parameter, reported value and unit match the Table S5 entry; default or fitted settings remain source model inputs."
BOX-0064,65,Besseling_2017,Resuspension,Sediment top layer thickness,H_sed,NA,NA,NA,10,NA,NA,cm,0.1,NA,NA,m,Calibrated,SI; mixed top layer available for resuspension; Section 2 Transport processes,Sediment top layer thickness,Fate of nano- and microplastic in freshwater systems: a modeling study,https://doi.org/10.1016/j.envpol.2016.10.001,,selected,"structured value, unit, parameter/object context and source note are retained; scope is stated rather than inferred",10,cm,No v5 value/unit correction applied; original source-table fields are retained separately.,model_default_or_scenario,v5_local_pdf_read_with_retained_locator,v5 personally read local Besseling supplementary PDF; SI PDF model-description passages; retained row locator was not retyped cell-by-cell.,SI; mixed top layer available for resuspension; Section 2 Transport processes,"Source- and scenario-specific evidence. It is not a universal lake parameter, a pooled distribution, or an input to PathwayAttribution v7.",Model input or scenario assumption,The process description and value match the NanoDUFLOW biofilm/sediment model description; scenario settings remain assumptions.
BOX-0246,247,Fazey_2016,Settling,HDPE density,rho_p,HDPE,Sheet,NA,960,NA,NA,kg/m3,960,NA,NA,kg/m3,Empirical,"Section 2, Page 2: Sheets of two common plastic pollutants, high-density polyethylene (HDPE, density 0.96 g/cm3) and low-density polyethylene (LDPE, density 0.92 g/cm3).",HDPE density,Biofouling on buoyant marine plastics: an experimental study into the effect of size on surface longevity,https://doi.org/10.1016/j.envpol.2016.01.026,,selected,"structured value, unit, parameter/object context and source note are retained; scope is stated rather than inferred",960,kg/m3,No v5 value/unit correction applied; original source-table fields are retained separately.,reported_measurement_or_study_statistic,v5_local_pdf_read_with_retained_locator,"v5 personally read local PDF; Table 2 is PDF p.5 for size-specific exposure days, with Materials/Results context on PDF pp.2–4.","Section 2, Page 2: Sheets of two common plastic pollutants, high-density polyethylene (HDPE, density 0.96 g/cm3) and low-density polyethylene (LDPE, density 0.92 g/cm3).","Source- and scenario-specific evidence. It is not a universal lake parameter, a pooled distribution, or an input to PathwayAttribution v7.",Source-reported experimental or physical parameter,The HDPE/LDPE density and polymer identity match the Materials and methods statement.
BOX-0247,248,Fazey_2016,Settling,LDPE density,rho_p,LDPE,Sheet,NA,920,NA,NA,kg/m3,920,NA,NA,kg/m3,Empirical,"Section 2, Page 2: low-density polyethylene (LDPE, density 0.92 g/cm3).",LDPE density,Biofouling on buoyant marine plastics: an experimental study into the effect of size on surface longevity,https://doi.org/10.1016/j.envpol.2016.01.026,,selected,"structured value, unit, parameter/object context and source note are retained; scope is stated rather than inferred",920,kg/m3,No v5 value/unit correction applied; original source-table fields are retained separately.,reported_measurement_or_study_statistic,v5_local_pdf_read_with_retained_locator,"v5 personally read local PDF; Table 2 is PDF p.5 for size-specific exposure days, with Materials/Results context on PDF pp.2–4.","Section 2, Page 2: low-density polyethylene (LDPE, density 0.92 g/cm3).","Source- and scenario-specific evidence. It is not a universal lake parameter, a pooled distribution, or an input to PathwayAttribution v7.",Source-reported experimental or physical parameter,The HDPE/LDPE density and polymer identity match the Materials and methods statement.
BOX-0248,249,Fazey_2016,Biofouling,"Days to 50% sinking probability (5x5 mm, LDPE 0.1mm)",t_Psink0.5,LDPE_0.1mm,Sheet,5x5 mm,17,NA,NA,days,17,NA,NA,days,Empirical,"Table 2, Page 5: The estimated submersion time required for the probability of sinking to exceed 0.5 (Psink=0.5) ranged from 17 days for the 0.1-mm LDPE microplastics to 66 days for the 4-mm HDPE macroplastic samples (Table 2).","Days to 50% sinking probability (5x5 mm, LDPE 0.1mm)",Biofouling on buoyant marine plastics: an experimental study into the effect of size on surface longevity,https://doi.org/10.1016/j.envpol.2016.01.026,,selected,"structured value, unit, parameter/object context and source note are retained; scope is stated rather than inferred",17,days,No v5 value/unit correction applied; original source-table fields are retained separately.,experimental_probability_model_estimate,v5_local_pdf_read_with_retained_locator,"v5 personally read local PDF; Table 2 is PDF p.5 for size-specific exposure days, with Materials/Results context on PDF pp.2–4.","Table 2, Page 5: The estimated submersion time required for the probability of sinking to exceed 0.5 (Psink=0.5) ranged from 17 days for the 0.1-mm LDPE microplastics to 66 days for the 4-mm HDPE macroplastic samples (Table 2).","Source- and scenario-specific evidence. It is not a universal lake parameter, a pooled distribution, or an input to PathwayAttribution v7.",Experimental probability-model estimate,Table 2 gives this Psink=0.5 value for the stated square size and LDPE/HDPE thickness; it is not an added or pooled value.
BOX-0249,250,Fazey_2016,Biofouling,"Days to 50% sinking probability (9x9 mm, LDPE 0.1mm)",t_Psink0.5,LDPE_0.1mm,Sheet,9x9 mm,35,NA,NA,days,35,NA,NA,days,Empirical,"Table 2, Page 5: The estimated submersion time required for the probability of sinking to exceed 0.5 (Psink=0.5) ranged from 17 days for the 0.1-mm LDPE microplastics to 66 days for the 4-mm HDPE macroplastic samples (Table 2).","Days to 50% sinking probability (9x9 mm, LDPE 0.1mm)",Biofouling on buoyant marine plastics: an experimental study into the effect of size on surface longevity,https://doi.org/10.1016/j.envpol.2016.01.026,,selected,"structured value, unit, parameter/object context and source note are retained; scope is stated rather than inferred",35,days,No v5 value/unit correction applied; original source-table fields are retained separately.,experimental_probability_model_estimate,v5_local_pdf_read_with_retained_locator,"v5 personally read local PDF; Table 2 is PDF p.5 for size-specific exposure days, with Materials/Results context on PDF pp.2–4.","Table 2, Page 5: The estimated submersion time required for the probability of sinking to exceed 0.5 (Psink=0.5) ranged from 17 days for the 0.1-mm LDPE microplastics to 66 days for the 4-mm HDPE macroplastic samples (Table 2).","Source- and scenario-specific evidence. It is not a universal lake parameter, a pooled distribution, or an input to PathwayAttribution v7.",Experimental probability-model estimate,Table 2 gives this Psink=0.5 value for the stated square size and LDPE/HDPE thickness; it is not an added or pooled value.
BOX-0250,251,Fazey_2016,Biofouling,"Days to 50% sinking probability (50x50 mm, LDPE 0.1mm)",t_Psink0.5,LDPE_0.1mm,Sheet,50x50 mm,49,NA,NA,days,49,NA,NA,days,Empirical,"Table 2, Page 5: The estimated submersion time required for the probability of sinking to exceed 0.5 (Psink=0.5) ranged from 17 days for the 0.1-mm LDPE microplastics to 66 days for the 4-mm HDPE macroplastic samples (Table 2).","Days to 50% sinking probability (50x50 mm, LDPE 0.1mm)",Biofouling on buoyant marine plastics: an experimental study into the effect of size on surface longevity,https://doi.org/10.1016/j.envpol.2016.01.026,,selected,"structured value, unit, parameter/object context and source note are retained; scope is stated rather than inferred",49,days,No v5 value/unit correction applied; original source-table fields are retained separately.,experimental_probability_model_estimate,v5_local_pdf_read_with_retained_locator,"v5 personally read local PDF; Table 2 is PDF p.5 for size-specific exposure days, with Materials/Results context on PDF pp.2–4.","Table 2, Page 5: The estimated submersion time required for the probability of sinking to exceed 0.5 (Psink=0.5) ranged from 17 days for the 0.1-mm LDPE microplastics to 66 days for the 4-mm HDPE macroplastic samples (Table 2).","Source- and scenario-specific evidence. It is not a universal lake parameter, a pooled distribution, or an input to PathwayAttribution v7.",Experimental probability-model estimate,Table 2 gives this Psink=0.5 value for the stated square size and LDPE/HDPE thickness; it is not an added or pooled value.
BOX-0251,252,Fazey_2016,Biofouling,"Days to 50% sinking probability (5x5 mm, LDPE 0.2mm)",t_Psink0.5,LDPE_0.2mm,Sheet,5x5 mm,42,NA,NA,days,42,NA,NA,days,Empirical,"Table 2, Page 5: The estimated submersion time required for the probability of sinking to exceed 0.5 (Psink=0.5) ranged from 17 days for the 0.1-mm LDPE microplastics to 66 days for the 4-mm HDPE macroplastic samples (Table 2).","Days to 50% sinking probability (5x5 mm, LDPE 0.2mm)",Biofouling on buoyant marine plastics: an experimental study into the effect of size on surface longevity,https://doi.org/10.1016/j.envpol.2016.01.026,,selected,"structured value, unit, parameter/object context and source note are retained; scope is stated rather than inferred",42,days,No v5 value/unit correction applied; original source-table fields are retained separately.,experimental_probability_model_estimate,v5_local_pdf_read_with_retained_locator,"v5 personally read local PDF; Table 2 is PDF p.5 for size-specific exposure days, with Materials/Results context on PDF pp.2–4.","Table 2, Page 5: The estimated submersion time required for the probability of sinking to exceed 0.5 (Psink=0.5) ranged from 17 days for the 0.1-mm LDPE microplastics to 66 days for the 4-mm HDPE macroplastic samples (Table 2).","Source- and scenario-specific evidence. It is not a universal lake parameter, a pooled distribution, or an input to PathwayAttribution v7.",Experimental probability-model estimate,Table 2 gives this Psink=0.5 value for the stated square size and LDPE/HDPE thickness; it is not an added or pooled value.
BOX-0252,253,Fazey_2016,Biofouling,"Days to 50% sinking probability (9x9 mm, LDPE 0.2mm)",t_Psink0.5,LDPE_0.2mm,Sheet,9x9 mm,39,NA,NA,days,39,NA,NA,days,Empirical,"Table 2, Page 5: The estimated submersion time required for the probability of sinking to exceed 0.5 (Psink=0.5) ranged from 17 days for the 0.1-mm LDPE microplastics to 66 days for the 4-mm HDPE macroplastic samples (Table 2).","Days to 50% sinking probability (9x9 mm, LDPE 0.2mm)",Biofouling on buoyant marine plastics: an experimental study into the effect of size on surface longevity,https://doi.org/10.1016/j.envpol.2016.01.026,,selected,"structured value, unit, parameter/object context and source note are retained; scope is stated rather than inferred",39,days,No v5 value/unit correction applied; original source-table fields are retained separately.,experimental_probability_model_estimate,v5_local_pdf_read_with_retained_locator,"v5 personally read local PDF; Table 2 is PDF p.5 for size-specific exposure days, with Materials/Results context on PDF pp.2–4.","Table 2, Page 5: The estimated submersion time required for the probability of sinking to exceed 0.5 (Psink=0.5) ranged from 17 days for the 0.1-mm LDPE microplastics to 66 days for the 4-mm HDPE macroplastic samples (Table 2).","Source- and scenario-specific evidence. It is not a universal lake parameter, a pooled distribution, or an input to PathwayAttribution v7.",Experimental probability-model estimate,Table 2 gives this Psink=0.5 value for the stated square size and LDPE/HDPE thickness; it is not an added or pooled value.
BOX-0253,254,Fazey_2016,Biofouling,"Days to 50% sinking probability (50x50 mm, LDPE 0.2mm)",t_Psink0.5,LDPE_0.2mm,Sheet,50x50 mm,50,NA,NA,days,50,NA,NA,days,Empirical,"Table 2, Page 5: The estimated submersion time required for the probability of sinking to exceed 0.5 (Psink=0.5) ranged from 17 days for the 0.1-mm LDPE microplastics to 66 days for the 4-mm HDPE macroplastic samples (Table 2).","Days to 50% sinking probability (50x50 mm, LDPE 0.2mm)",Biofouling on buoyant marine plastics: an experimental study into the effect of size on surface longevity,https://doi.org/10.1016/j.envpol.2016.01.026,,selected,"structured value, unit, parameter/object context and source note are retained; scope is stated rather than inferred",50,days,No v5 value/unit correction applied; original source-table fields are retained separately.,experimental_probability_model_estimate,v5_local_pdf_read_with_retained_locator,"v5 personally read local PDF; Table 2 is PDF p.5 for size-specific exposure days, with Materials/Results context on PDF pp.2–4.","Table 2, Page 5: The estimated submersion time required for the probability of sinking to exceed 0.5 (Psink=0.5) ranged from 17 days for the 0.1-mm LDPE microplastics to 66 days for the 4-mm HDPE macroplastic samples (Table 2).","Source- and scenario-specific evidence. It is not a universal lake parameter, a pooled distribution, or an input to PathwayAttribution v7.",Experimental probability-model estimate,Table 2 gives this Psink=0.5 value for the stated square size and LDPE/HDPE thickness; it is not an added or pooled value.
BOX-0254,255,Fazey_2016,Biofouling,"Days to 50% sinking probability (5x5 mm, HDPE 0.5mm)",t_Psink0.5,HDPE_0.5mm,Sheet,5x5 mm,40,NA,NA,days,40,NA,NA,days,Empirical,"Table 2, Page 5: The estimated submersion time required for the probability of sinking to exceed 0.5 (Psink=0.5) ranged from 17 days for the 0.1-mm LDPE microplastics to 66 days for the 4-mm HDPE macroplastic samples (Table 2).","Days to 50% sinking probability (5x5 mm, HDPE 0.5mm)",Biofouling on buoyant marine plastics: an experimental study into the effect of size on surface longevity,https://doi.org/10.1016/j.envpol.2016.01.026,,selected,"structured value, unit, parameter/object context and source note are retained; scope is stated rather than inferred",40,days,No v5 value/unit correction applied; original source-table fields are retained separately.,experimental_probability_model_estimate,v5_local_pdf_read_with_retained_locator,"v5 personally read local PDF; Table 2 is PDF p.5 for size-specific exposure days, with Materials/Results context on PDF pp.2–4.","Table 2, Page 5: The estimated submersion time required for the probability of sinking to exceed 0.5 (Psink=0.5) ranged from 17 days for the 0.1-mm LDPE microplastics to 66 days for the 4-mm HDPE macroplastic samples (Table 2).","Source- and scenario-specific evidence. It is not a universal lake parameter, a pooled distribution, or an input to PathwayAttribution v7.",Experimental probability-model estimate,Table 2 gives this Psink=0.5 value for the stated square size and LDPE/HDPE thickness; it is not an added or pooled value.
BOX-0255,256,Fazey_2016,Biofouling,"Days to 50% sinking probability (9x9 mm, HDPE 0.5mm)",t_Psink0.5,HDPE_0.5mm,Sheet,9x9 mm,40,NA,NA,days,40,NA,NA,days,Empirical,"Table 2, Page 5: The estimated submersion time required for the probability of sinking to exceed 0.5 (Psink=0.5) ranged from 17 days for the 0.1-mm LDPE microplastics to 66 days for the 4-mm HDPE macroplastic samples (Table 2).","Days to 50% sinking probability (9x9 mm, HDPE 0.5mm)",Biofouling on buoyant marine plastics: an experimental study into the effect of size on surface longevity,https://doi.org/10.1016/j.envpol.2016.01.026,,selected,"structured value, unit, parameter/object context and source note are retained; scope is stated rather than inferred",40,days,No v5 value/unit correction applied; original source-table fields are retained separately.,experimental_probability_model_estimate,v5_local_pdf_read_with_retained_locator,"v5 personally read local PDF; Table 2 is PDF p.5 for size-specific exposure days, with Materials/Results context on PDF pp.2–4.","Table 2, Page 5: The estimated submersion time required for the probability of sinking to exceed 0.5 (Psink=0.5) ranged from 17 days for the 0.1-mm LDPE microplastics to 66 days for the 4-mm HDPE macroplastic samples (Table 2).","Source- and scenario-specific evidence. It is not a universal lake parameter, a pooled distribution, or an input to PathwayAttribution v7.",Experimental probability-model estimate,Table 2 gives this Psink=0.5 value for the stated square size and LDPE/HDPE thickness; it is not an added or pooled value.
BOX-0256,257,Fazey_2016,Biofouling,"Days to 50% sinking probability (50x50 mm, HDPE 0.5mm)",t_Psink0.5,HDPE_0.5mm,Sheet,50x50 mm,49,NA,NA,days,49,NA,NA,days,Empirical,"Table 2, Page 5: The estimated submersion time required for the probability of sinking to exceed 0.5 (Psink=0.5) ranged from 17 days for the 0.1-mm LDPE microplastics to 66 days for the 4-mm HDPE macroplastic samples (Table 2).","Days to 50% sinking probability (50x50 mm, HDPE 0.5mm)",Biofouling on buoyant marine plastics: an experimental study into the effect of size on surface longevity,https://doi.org/10.1016/j.envpol.2016.01.026,,selected,"structured value, unit, parameter/object context and source note are retained; scope is stated rather than inferred",49,days,No v5 value/unit correction applied; original source-table fields are retained separately.,experimental_probability_model_estimate,v5_local_pdf_read_with_retained_locator,"v5 personally read local PDF; Table 2 is PDF p.5 for size-specific exposure days, with Materials/Results context on PDF pp.2–4.","Table 2, Page 5: The estimated submersion time required for the probability of sinking to exceed 0.5 (Psink=0.5) ranged from 17 days for the 0.1-mm LDPE microplastics to 66 days for the 4-mm HDPE macroplastic samples (Table 2).","Source- and scenario-specific evidence. It is not a universal lake parameter, a pooled distribution, or an input to PathwayAttribution v7.",Experimental probability-model estimate,Table 2 gives this Psink=0.5 value for the stated square size and LDPE/HDPE thickness; it is not an added or pooled value.
BOX-0257,258,Fazey_2016,Biofouling,"Days to 50% sinking probability (5x5 mm, HDPE 1.0mm)",t_Psink0.5,HDPE_1.0mm,Sheet,5x5 mm,39,NA,NA,days,39,NA,NA,days,Empirical,"Table 2, Page 5: The estimated submersion time required for the probability of sinking to exceed 0.5 (Psink=0.5) ranged from 17 days for the 0.1-mm LDPE microplastics to 66 days for the 4-mm HDPE macroplastic samples (Table 2).","Days to 50% sinking probability (5x5 mm, HDPE 1.0mm)",Biofouling on buoyant marine plastics: an experimental study into the effect of size on surface longevity,https://doi.org/10.1016/j.envpol.2016.01.026,,selected,"structured value, unit, parameter/object context and source note are retained; scope is stated rather than inferred",39,days,No v5 value/unit correction applied; original source-table fields are retained separately.,experimental_probability_model_estimate,v5_local_pdf_read_with_retained_locator,"v5 personally read local PDF; Table 2 is PDF p.5 for size-specific exposure days, with Materials/Results context on PDF pp.2–4.","Table 2, Page 5: The estimated submersion time required for the probability of sinking to exceed 0.5 (Psink=0.5) ranged from 17 days for the 0.1-mm LDPE microplastics to 66 days for the 4-mm HDPE macroplastic samples (Table 2).","Source- and scenario-specific evidence. It is not a universal lake parameter, a pooled distribution, or an input to PathwayAttribution v7.",Experimental probability-model estimate,Table 2 gives this Psink=0.5 value for the stated square size and LDPE/HDPE thickness; it is not an added or pooled value.
BOX-0258,259,Fazey_2016,Biofouling,"Days to 50% sinking probability (9x9 mm, HDPE 1.0mm)",t_Psink0.5,HDPE_1.0mm,Sheet,9x9 mm,45,NA,NA,days,45,NA,NA,days,Empirical,"Table 2, Page 5: The estimated submersion time required for the probability of sinking to exceed 0.5 (Psink=0.5) ranged from 17 days for the 0.1-mm LDPE microplastics to 66 days for the 4-mm HDPE macroplastic samples (Table 2).","Days to 50% sinking probability (9x9 mm, HDPE 1.0mm)",Biofouling on buoyant marine plastics: an experimental study into the effect of size on surface longevity,https://doi.org/10.1016/j.envpol.2016.01.026,,selected,"structured value, unit, parameter/object context and source note are retained; scope is stated rather than inferred",45,days,No v5 value/unit correction applied; original source-table fields are retained separately.,experimental_probability_model_estimate,v5_local_pdf_read_with_retained_locator,"v5 personally read local PDF; Table 2 is PDF p.5 for size-specific exposure days, with Materials/Results context on PDF pp.2–4.","Table 2, Page 5: The estimated submersion time required for the probability of sinking to exceed 0.5 (Psink=0.5) ranged from 17 days for the 0.1-mm LDPE microplastics to 66 days for the 4-mm HDPE macroplastic samples (Table 2).","Source- and scenario-specific evidence. It is not a universal lake parameter, a pooled distribution, or an input to PathwayAttribution v7.",Experimental probability-model estimate,Table 2 gives this Psink=0.5 value for the stated square size and LDPE/HDPE thickness; it is not an added or pooled value.
BOX-0259,260,Fazey_2016,Biofouling,"Days to 50% sinking probability (50x50 mm, HDPE 1.0mm)",t_Psink0.5,HDPE_1.0mm,Sheet,50x50 mm,62,NA,NA,days,62,NA,NA,days,Empirical,"Table 2, Page 5: The estimated submersion time required for the probability of sinking to exceed 0.5 (Psink=0.5) ranged from 17 days for the 0.1-mm LDPE microplastics to 66 days for the 4-mm HDPE macroplastic samples (Table 2).","Days to 50% sinking probability (50x50 mm, HDPE 1.0mm)",Biofouling on buoyant marine plastics: an experimental study into the effect of size on surface longevity,https://doi.org/10.1016/j.envpol.2016.01.026,,selected,"structured value, unit, parameter/object context and source note are retained; scope is stated rather than inferred",62,days,No v5 value/unit correction applied; original source-table fields are retained separately.,experimental_probability_model_estimate,v5_local_pdf_read_with_retained_locator,"v5 personally read local PDF; Table 2 is PDF p.5 for size-specific exposure days, with Materials/Results context on PDF pp.2–4.","Table 2, Page 5: The estimated submersion time required for the probability of sinking to exceed 0.5 (Psink=0.5) ranged from 17 days for the 0.1-mm LDPE microplastics to 66 days for the 4-mm HDPE macroplastic samples (Table 2).","Source- and scenario-specific evidence. It is not a universal lake parameter, a pooled distribution, or an input to PathwayAttribution v7.",Experimental probability-model estimate,Table 2 gives this Psink=0.5 value for the stated square size and LDPE/HDPE thickness; it is not an added or pooled value.
BOX-0260,261,Fazey_2016,Biofouling,"Days to 50% sinking probability (5x5 mm, HDPE 4.0mm)",t_Psink0.5,HDPE_4.0mm,Sheet,5x5 mm,49,NA,NA,days,49,NA,NA,days,Empirical,"Table 2, Page 5: The estimated submersion time required for the probability of sinking to exceed 0.5 (Psink=0.5) ranged from 17 days for the 0.1-mm LDPE microplastics to 66 days for the 4-mm HDPE macroplastic samples (Table 2).","Days to 50% sinking probability (5x5 mm, HDPE 4.0mm)",Biofouling on buoyant marine plastics: an experimental study into the effect of size on surface longevity,https://doi.org/10.1016/j.envpol.2016.01.026,,selected,"structured value, unit, parameter/object context and source note are retained; scope is stated rather than inferred",49,days,No v5 value/unit correction applied; original source-table fields are retained separately.,experimental_probability_model_estimate,v5_local_pdf_read_with_retained_locator,"v5 personally read local PDF; Table 2 is PDF p.5 for size-specific exposure days, with Materials/Results context on PDF pp.2–4.","Table 2, Page 5: The estimated submersion time required for the probability of sinking to exceed 0.5 (Psink=0.5) ranged from 17 days for the 0.1-mm LDPE microplastics to 66 days for the 4-mm HDPE macroplastic samples (Table 2).","Source- and scenario-specific evidence. It is not a universal lake parameter, a pooled distribution, or an input to PathwayAttribution v7.",Experimental probability-model estimate,Table 2 gives this Psink=0.5 value for the stated square size and LDPE/HDPE thickness; it is not an added or pooled value.
BOX-0261,262,Fazey_2016,Biofouling,"Days to 50% sinking probability (9x9 mm, HDPE 4.0mm)",t_Psink0.5,HDPE_4.0mm,Sheet,9x9 mm,58,NA,NA,days,58,NA,NA,days,Empirical,"Table 2, Page 5: The estimated submersion time required for the probability of sinking to exceed 0.5 (Psink=0.5) ranged from 17 days for the 0.1-mm LDPE microplastics to 66 days for the 4-mm HDPE macroplastic samples (Table 2).","Days to 50% sinking probability (9x9 mm, HDPE 4.0mm)",Biofouling on buoyant marine plastics: an experimental study into the effect of size on surface longevity,https://doi.org/10.1016/j.envpol.2016.01.026,,selected,"structured value, unit, parameter/object context and source note are retained; scope is stated rather than inferred",58,days,No v5 value/unit correction applied; original source-table fields are retained separately.,experimental_probability_model_estimate,v5_local_pdf_read_with_retained_locator,"v5 personally read local PDF; Table 2 is PDF p.5 for size-specific exposure days, with Materials/Results context on PDF pp.2–4.","Table 2, Page 5: The estimated submersion time required for the probability of sinking to exceed 0.5 (Psink=0.5) ranged from 17 days for the 0.1-mm LDPE microplastics to 66 days for the 4-mm HDPE macroplastic samples (Table 2).","Source- and scenario-specific evidence. It is not a universal lake parameter, a pooled distribution, or an input to PathwayAttribution v7.",Experimental probability-model estimate,Table 2 gives this Psink=0.5 value for the stated square size and LDPE/HDPE thickness; it is not an added or pooled value.
BOX-0262,263,Fazey_2016,Biofouling,"Days to 50% sinking probability (50x50 mm, HDPE 4.0mm)",t_Psink0.5,HDPE_4.0mm,Sheet,50x50 mm,66,NA,NA,days,66,NA,NA,days,Empirical,"Table 2, Page 5: The estimated submersion time required for the probability of sinking to exceed 0.5 (Psink=0.5) ranged from 17 days for the 0.1-mm LDPE microplastics to 66 days for the 4-mm HDPE macroplastic samples (Table 2).","Days to 50% sinking probability (50x50 mm, HDPE 4.0mm)",Biofouling on buoyant marine plastics: an experimental study into the effect of size on surface longevity,https://doi.org/10.1016/j.envpol.2016.01.026,,selected,"structured value, unit, parameter/object context and source note are retained; scope is stated rather than inferred",66,days,No v5 value/unit correction applied; original source-table fields are retained separately.,experimental_probability_model_estimate,v5_local_pdf_read_with_retained_locator,"v5 personally read local PDF; Table 2 is PDF p.5 for size-specific exposure days, with Materials/Results context on PDF pp.2–4.","Table 2, Page 5: The estimated submersion time required for the probability of sinking to exceed 0.5 (Psink=0.5) ranged from 17 days for the 0.1-mm LDPE microplastics to 66 days for the 4-mm HDPE macroplastic samples (Table 2).","Source- and scenario-specific evidence. It is not a universal lake parameter, a pooled distribution, or an input to PathwayAttribution v7.",Experimental probability-model estimate,Table 2 gives this Psink=0.5 value for the stated square size and LDPE/HDPE thickness; it is not an added or pooled value.
BOX-0265,266,Fazey_2016,Biofouling,Psink=0.5 vs log(volume) - R2,R2_t_vs_vol,PE,Sheet,NA,0.81,NA,NA,-,0.81,NA,NA,-,Empirical,"Section 3 Results, Page 4; Fig.4B: There was a significant positive relationship between Psink=0.5 time and the log of volume, which determines item buoyancy (R2=0.81, P<0.02; Fig.4B).",Psink=0.5 vs log(volume) - R2,Biofouling on buoyant marine plastics: an experimental study into the effect of size on surface longevity,https://doi.org/10.1016/j.envpol.2016.01.026,,selected,"structured value, unit, parameter/object context and source note are retained; scope is stated rather than inferred",0.81,-,No v5 value/unit correction applied; original source-table fields are retained separately.,reported_measurement_or_study_statistic,v5_local_pdf_read_with_retained_locator,"v5 personally read local PDF; Table 2 is PDF p.5 for size-specific exposure days, with Materials/Results context on PDF pp.2–4.","Section 3 Results, Page 4; Fig.4B: There was a significant positive relationship between Psink=0.5 time and the log of volume, which determines item buoyancy (R2=0.81, P<0.02; Fig.4B).",Study-specific; do not pool as a universal lake coefficient or treat model outputs/bookkeeping as independent observations.,reported_measurement_or_study_statistic,
BOX-0266,267,Fazey_2016,Biofouling,Psink=0.5 vs log(SA:Vol) - R2,R2_t_vs_savol,PE,Sheet,NA,0.51,NA,NA,-,0.51,NA,NA,-,Empirical,"Section 3 Results, Page 4; Fig.4A: There was a significant negative relationship between Psink=0.5 time and the log of surface area:volume ratio (R2=0.51, P<0.02; Fig.4A).",Psink=0.5 vs log(SA:Vol) - R2,Biofouling on buoyant marine plastics: an experimental study into the effect of size on surface longevity,https://doi.org/10.1016/j.envpol.2016.01.026,,selected,"structured value, unit, parameter/object context and source note are retained; scope is stated rather than inferred",0.51,-,No v5 value/unit correction applied; original source-table fields are retained separately.,reported_measurement_or_study_statistic,v5_local_pdf_read_with_retained_locator,"v5 personally read local PDF; Table 2 is PDF p.5 for size-specific exposure days, with Materials/Results context on PDF pp.2–4.","Section 3 Results, Page 4; Fig.4A: There was a significant negative relationship between Psink=0.5 time and the log of surface area:volume ratio (R2=0.51, P<0.02; Fig.4A).",Study-specific; do not pool as a universal lake coefficient or treat model outputs/bookkeeping as independent observations.,reported_measurement_or_study_statistic,
BOX-0267,268,Fazey_2016,Biofouling,Psink=0.5 vs log(edge:volume) - R2,R2_t_vs_edgevol,PE,Sheet,NA,0.84,NA,NA,-,0.84,NA,NA,-,Empirical,"Section 3 Results, Page 4; Fig.4C: There was also a strong positive relationship between Psink=0.5 time and the log of the ratio of the total length of edges to volume (R2=0.84, P<0.001; Fig.4C).",Psink=0.5 vs log(edge:volume) - R2,Biofouling on buoyant marine plastics: an experimental study into the effect of size on surface longevity,https://doi.org/10.1016/j.envpol.2016.01.026,,selected,"structured value, unit, parameter/object context and source note are retained; scope is stated rather than inferred",0.84,-,No v5 value/unit correction applied; original source-table fields are retained separately.,reported_measurement_or_study_statistic,v5_local_pdf_read_with_retained_locator,"v5 personally read local PDF; Table 2 is PDF p.5 for size-specific exposure days, with Materials/Results context on PDF pp.2–4.","Section 3 Results, Page 4; Fig.4C: There was also a strong positive relationship between Psink=0.5 time and the log of the ratio of the total length of edges to volume (R2=0.84, P<0.001; Fig.4C).",Study-specific; do not pool as a universal lake coefficient or treat model outputs/bookkeeping as independent observations.,reported_measurement_or_study_statistic,
BOX-0268,269,Fazey_2016,Biofouling,"Dry mass increase (microplastics, 12 weeks)",delta_m_micro,PE,Sheet,5x5 mm,5800,2500,10200,%,5800,2500,10200,%,Empirical,"Section 3, Page 4; Table 2: By the end of the experiment, mean accumulated mass ranged from a 66% increase... for the largest size class to a 5800% increase (95% CI=2500-10200%) for the smallest size class (Table 2).","Dry mass increase (microplastics, 12 weeks)",Biofouling on buoyant marine plastics: an experimental study into the effect of size on surface longevity,https://doi.org/10.1016/j.envpol.2016.01.026,,selected,"structured value, unit, parameter/object context and source note are retained; scope is stated rather than inferred",5800,%,No v5 value/unit correction applied; original source-table fields are retained separately.,reported_measurement_or_study_statistic,v5_local_pdf_read_with_retained_locator,"v5 personally read local PDF; Table 2 is PDF p.5 for size-specific exposure days, with Materials/Results context on PDF pp.2–4.","Section 3, Page 4; Table 2: By the end of the experiment, mean accumulated mass ranged from a 66% increase... for the largest size class to a 5800% increase (95% CI=2500-10200%) for the smallest size class (Table 2).",Study-specific; do not pool as a universal lake coefficient or treat model outputs/bookkeeping as independent observations.,reported_measurement_or_study_statistic,
BOX-0269,270,Fazey_2016,Biofouling,"Dry mass increase (macroplastics, 12 weeks)",delta_m_macro,PE,Sheet,50x50 mm,66,34,138,%,66,34,138,%,Empirical,"Section 3, Page 4; Table 2: By the end of the experiment, mean accumulated mass ranged from a 66% increase (95% CI=34-138%) for the largest size class.","Dry mass increase (macroplastics, 12 weeks)",Biofouling on buoyant marine plastics: an experimental study into the effect of size on surface longevity,https://doi.org/10.1016/j.envpol.2016.01.026,,selected,"structured value, unit, parameter/object context and source note are retained; scope is stated rather than inferred",66,%,No v5 value/unit correction applied; original source-table fields are retained separately.,reported_measurement_or_study_statistic,v5_local_pdf_read_with_retained_locator,"v5 personally read local PDF; Table 2 is PDF p.5 for size-specific exposure days, with Materials/Results context on PDF pp.2–4.","Section 3, Page 4; Table 2: By the end of the experiment, mean accumulated mass ranged from a 66% increase (95% CI=34-138%) for the largest size class.",Study-specific; do not pool as a universal lake coefficient or treat model outputs/bookkeeping as independent observations.,reported_measurement_or_study_statistic,
BOX-0270,271,Fazey_2016,Biofouling,Visible fouling settlement onset,t_foul_visible,PE,Sheet,NA,14,NA,NA,days,14,NA,NA,days,Empirical,"Section 3 Results, Page 3: Visible settlement was evident from two weeks, when nearly all samples had developed sparse cover of diatoms and green algal fouling communities.",Visible fouling settlement onset,Biofouling on buoyant marine plastics: an experimental study into the effect of size on surface longevity,https://doi.org/10.1016/j.envpol.2016.01.026,,selected,"structured value, unit, parameter/object context and source note are retained; scope is stated rather than inferred",14,days,No v5 value/unit correction applied; original source-table fields are retained separately.,reported_measurement_or_study_statistic,v5_local_pdf_read_with_retained_locator,"v5 personally read local PDF; Table 2 is PDF p.5 for size-specific exposure days, with Materials/Results context on PDF pp.2–4.","Section 3 Results, Page 3: Visible settlement was evident from two weeks, when nearly all samples had developed sparse cover of diatoms and green algal fouling communities.","Source- and scenario-specific evidence. It is not a universal lake parameter, a pooled distribution, or an input to PathwayAttribution v7.",Source-reported experimental or physical parameter,"The two-week onset is the reported timing of visible settlement, not a universal fouling rate."
BOX-0271,272,Fazey_2016,Biofouling,Complex 3D fouling onset,t_foul_3d,PE,Sheet,NA,42,NA,NA,days,42,NA,NA,days,Empirical,"Section 3 Results, Page 3: Complex, three-dimensional fouling assemblages constituting dense cover became common by approximately Week 6.",Complex 3D fouling onset,Biofouling on buoyant marine plastics: an experimental study into the effect of size on surface longevity,https://doi.org/10.1016/j.envpol.2016.01.026,,selected,"structured value, unit, parameter/object context and source note are retained; scope is stated rather than inferred",42,days,No v5 value/unit correction applied; original source-table fields are retained separately.,reported_measurement_or_study_statistic,v5_local_pdf_read_with_retained_locator,"v5 personally read local PDF; Table 2 is PDF p.5 for size-specific exposure days, with Materials/Results context on PDF pp.2–4.","Section 3 Results, Page 3: Complex, three-dimensional fouling assemblages constituting dense cover became common by approximately Week 6.","Source- and scenario-specific evidence. It is not a universal lake parameter, a pooled distribution, or an input to PathwayAttribution v7.",Source-reported experimental or physical parameter,The six-week timing is the reported onset of common dense three-dimensional assemblages.
BOX-0272,273,Fazey_2016,Biofouling,Maximum growth height recorded,H_growth_max,NA,NA,NA,160,NA,NA,mm,160,NA,NA,mm,Empirical,"Section 3 Results, Page 4: The maximum height of growth recorded during the study was 160 mm... on a 1-mm thick macro HDPE sample at Week 8 and on a 0.5-mm thick, macro HDPE sample at Week 12.",Maximum growth height recorded,Biofouling on buoyant marine plastics: an experimental study into the effect of size on surface longevity,https://doi.org/10.1016/j.envpol.2016.01.026,,selected,"structured value, unit, parameter/object context and source note are retained; scope is stated rather than inferred",160,mm,No v5 value/unit correction applied; original source-table fields are retained separately.,reported_measurement_or_study_statistic,v5_local_pdf_read_with_retained_locator,"v5 personally read local PDF; Table 2 is PDF p.5 for size-specific exposure days, with Materials/Results context on PDF pp.2–4.","Section 3 Results, Page 4: The maximum height of growth recorded during the study was 160 mm... on a 1-mm thick macro HDPE sample at Week 8 and on a 0.5-mm thick, macro HDPE sample at Week 12.",Study-specific; do not pool as a universal lake coefficient or treat model outputs/bookkeeping as independent observations.,reported_measurement_or_study_statistic,
BOX-0275,276,Kaiser_2017,Settling,PS density,rho_p,PS,Cylinder,1000,1050,NA,NA,kg/m3,1050,NA,NA,kg/m3,Empirical,"Section 2.1, Page 3: Polystyrene (PS, density 1050 kg m-3, BASF 143E).",PS density,Effects of biofouling on the sinking behavior of microplastics,https://doi.org/10.1088/1748-9326/aa8e8b,,selected,"structured value, unit, parameter/object context and source note are retained; scope is stated rather than inferred",1050,kg/m3,No v5 value/unit correction applied; original source-table fields are retained separately.,reported_measurement_or_study_statistic,v5_local_pdf_read_with_retained_locator,"v5 personally read local PDF; abstract is PDF p.2, experimental context p.3, and Table 1 p.4.","Section 2.1, Page 3: Polystyrene (PS, density 1050 kg m-3, BASF 143E).","Source- and scenario-specific evidence. It is not a universal lake parameter, a pooled distribution, or an input to PathwayAttribution v7.",Source-reported experimental or physical parameter,The polymer identity and density match the Materials and methods sentence.
BOX-0276,277,Kaiser_2017,Settling,PE (HDPE) density,rho_p,PE,Cylinder,1000,955,NA,NA,kg/m3,955,NA,NA,kg/m3,Empirical,"Section 2.1, Page 3: high density polyethylene (PE, density 955 kg m-3, CS Plastik GmbH, Germany).",PE (HDPE) density,Effects of biofouling on the sinking behavior of microplastics,https://doi.org/10.1088/1748-9326/aa8e8b,,selected,"structured value, unit, parameter/object context and source note are retained; scope is stated rather than inferred",955,kg/m3,No v5 value/unit correction applied; original source-table fields are retained separately.,reported_measurement_or_study_statistic,v5_local_pdf_read_with_retained_locator,"v5 personally read local PDF; abstract is PDF p.2, experimental context p.3, and Table 1 p.4.","Section 2.1, Page 3: high density polyethylene (PE, density 955 kg m-3, CS Plastik GmbH, Germany).","Source- and scenario-specific evidence. It is not a universal lake parameter, a pooled distribution, or an input to PathwayAttribution v7.",Source-reported experimental or physical parameter,The polymer identity and density match the Materials and methods sentence.
BOX-0277,278,Kaiser_2017,Settling,Microplastic particle dimensions,d_MP,PS/PE,Cylinder,1000,1,NA,NA,mm,1,NA,NA,mm,Empirical,"Section 2.1, Page 3: Particles were produced... by extruding and cutting the resin to cylindrical shape with both height and diameter of about 1 mm; PS particles were marginally smaller than PE particles.",Microplastic particle dimensions,Effects of biofouling on the sinking behavior of microplastics,https://doi.org/10.1088/1748-9326/aa8e8b,,selected,"structured value, unit, parameter/object context and source note are retained; scope is stated rather than inferred",1,mm,No v5 value/unit correction applied; original source-table fields are retained separately.,reported_measurement_or_study_statistic,v5_local_pdf_read_with_retained_locator,"v5 personally read local PDF; abstract is PDF p.2, experimental context p.3, and Table 1 p.4.","Section 2.1, Page 3: Particles were produced... by extruding and cutting the resin to cylindrical shape with both height and diameter of about 1 mm; PS particles were marginally smaller than PE particles.",Study-specific; do not pool as a universal lake coefficient or treat model outputs/bookkeeping as independent observations.,reported_measurement_or_study_statistic,
BOX-0278,279,Kaiser_2017,Biofouling,"PS sinking velocity increase (estuarine, 6 weeks)",delta_v_s_PS_est,PS,Cylinder,1000,16,NA,NA,%,16,NA,NA,%,Empirical,"Abstract, Page 2: Sinking velocities of PS increased by 16% in estuarine water (salinity 9.8)... after 6 weeks of incubation.","PS sinking velocity increase (estuarine, 6 weeks)",Effects of biofouling on the sinking behavior of microplastics,https://doi.org/10.1088/1748-9326/aa8e8b,,selected,"structured value, unit, parameter/object context and source note are retained; scope is stated rather than inferred",16,%,No v5 value/unit correction applied; original source-table fields are retained separately.,reported_measurement_or_study_statistic,v5_local_pdf_read_with_retained_locator,"v5 personally read local PDF; abstract is PDF p.2, experimental context p.3, and Table 1 p.4.","Abstract, Page 2: Sinking velocities of PS increased by 16% in estuarine water (salinity 9.8)... after 6 weeks of incubation.","Source- and scenario-specific evidence. It is not a universal lake parameter, a pooled distribution, or an input to PathwayAttribution v7.",Source-reported experimental or physical parameter,The abstract identifies a 16% PS sinking-velocity increase after six weeks in estuarine water (salinity 9.8).
BOX-0279,280,Kaiser_2017,Biofouling,"PS sinking velocity increase (marine, 6 weeks)",delta_v_s_PS_mar,PS,Cylinder,1000,81,NA,NA,%,81,NA,NA,%,Empirical,"Abstract, Page 2: Sinking velocities of PS increased by... 81% in marine water (salinity 36) after 6 weeks of incubation.","PS sinking velocity increase (marine, 6 weeks)",Effects of biofouling on the sinking behavior of microplastics,https://doi.org/10.1088/1748-9326/aa8e8b,,selected,"structured value, unit, parameter/object context and source note are retained; scope is stated rather than inferred",81,%,No v5 value/unit correction applied; original source-table fields are retained separately.,reported_measurement_or_study_statistic,v5_local_pdf_read_with_retained_locator,"v5 personally read local PDF; abstract is PDF p.2, experimental context p.3, and Table 1 p.4.","Abstract, Page 2: Sinking velocities of PS increased by... 81% in marine water (salinity 36) after 6 weeks of incubation.","Source- and scenario-specific evidence. It is not a universal lake parameter, a pooled distribution, or an input to PathwayAttribution v7.",Source-reported experimental or physical parameter,The abstract identifies an 81% PS sinking-velocity increase after six weeks in marine water (salinity 36).
BOX-0281,282,Kaiser_2017,Biofouling,PE sinking onset (coastal water),t_sink_PE_coast,PE,Cylinder,1000,42,NA,NA,days,42,NA,NA,days,Empirical,"Abstract, Page 2: PE started to sink after six weeks in coastal water when sufficiently colonized by blue mussels Mytilus edulis.",PE sinking onset (coastal water),Effects of biofouling on the sinking behavior of microplastics,https://doi.org/10.1088/1748-9326/aa8e8b,,selected,"structured value, unit, parameter/object context and source note are retained; scope is stated rather than inferred",42,days,No v5 value/unit correction applied; original source-table fields are retained separately.,reported_measurement_or_study_statistic,v5_local_pdf_read_with_retained_locator,"v5 personally read local PDF; abstract is PDF p.2, experimental context p.3, and Table 1 p.4.","Abstract, Page 2: PE started to sink after six weeks in coastal water when sufficiently colonized by blue mussels Mytilus edulis.","Source- and scenario-specific evidence. It is not a universal lake parameter, a pooled distribution, or an input to PathwayAttribution v7.",Source-reported experimental or physical parameter,The abstract states that PE began sinking after six weeks in coastal water when colonized by Mytilus edulis.
BOX-0282,283,Kaiser_2017,Hydrology,Estuarine water salinity,S_est,NA,NA,NA,9.9,NA,NA,-,9.9,NA,NA,-,Empirical,"Section 2.2, Page 4; Table 1: Salinity of filtered estuarine, coastal and Atlantic water was 9.9, 10, and 36, respectively (table 1).",Estuarine water salinity,Effects of biofouling on the sinking behavior of microplastics,https://doi.org/10.1088/1748-9326/aa8e8b,,selected,"structured value, unit, parameter/object context and source note are retained; scope is stated rather than inferred",9.9,-,No v5 value/unit correction applied; original source-table fields are retained separately.,reported_measurement_or_study_statistic,v5_local_pdf_read_with_retained_locator,"v5 personally read local PDF; abstract is PDF p.2, experimental context p.3, and Table 1 p.4.","Section 2.2, Page 4; Table 1: Salinity of filtered estuarine, coastal and Atlantic water was 9.9, 10, and 36, respectively (table 1).",Study-specific; do not pool as a universal lake coefficient or treat model outputs/bookkeeping as independent observations.,reported_measurement_or_study_statistic,
BOX-0283,284,Kaiser_2017,Hydrology,Coastal water salinity,S_coast,NA,NA,NA,10.0,NA,NA,-,10.0,NA,NA,-,Empirical,"Section 2.2, Page 4; Table 1: Salinity of filtered estuarine, coastal and Atlantic water was 9.9, 10, and 36, respectively (table 1).",Coastal water salinity,Effects of biofouling on the sinking behavior of microplastics,https://doi.org/10.1088/1748-9326/aa8e8b,,selected,"structured value, unit, parameter/object context and source note are retained; scope is stated rather than inferred",10.0,-,No v5 value/unit correction applied; original source-table fields are retained separately.,reported_measurement_or_study_statistic,v5_local_pdf_read_with_retained_locator,"v5 personally read local PDF; abstract is PDF p.2, experimental context p.3, and Table 1 p.4.","Section 2.2, Page 4; Table 1: Salinity of filtered estuarine, coastal and Atlantic water was 9.9, 10, and 36, respectively (table 1).",Study-specific; do not pool as a universal lake coefficient or treat model outputs/bookkeeping as independent observations.,reported_measurement_or_study_statistic,
BOX-0284,285,Kaiser_2017,Hydrology,Marine/Atlantic water salinity,S_atl,NA,NA,NA,36.0,NA,NA,-,36.0,NA,NA,-,Empirical,"Section 2.2, Page 4; Table 1: Salinity of filtered... Atlantic water was... 36 (table 1).",Marine/Atlantic water salinity,Effects of biofouling on the sinking behavior of microplastics,https://doi.org/10.1088/1748-9326/aa8e8b,,selected,"structured value, unit, parameter/object context and source note are retained; scope is stated rather than inferred",36.0,-,No v5 value/unit correction applied; original source-table fields are retained separately.,reported_measurement_or_study_statistic,v5_local_pdf_read_with_retained_locator,"v5 personally read local PDF; abstract is PDF p.2, experimental context p.3, and Table 1 p.4.","Section 2.2, Page 4; Table 1: Salinity of filtered... Atlantic water was... 36 (table 1).",Study-specific; do not pool as a universal lake coefficient or treat model outputs/bookkeeping as independent observations.,reported_measurement_or_study_statistic,
BOX-0285,286,Kaiser_2017,Hydrology,Water density (estuarine),rho_w_est,NA,NA,NA,1005.5,NA,NA,kg/m3,1005.5,NA,NA,kg/m3,Empirical,"Table 1, Page 4: Table 1. Water characteristics during laboratory sinking experiments.",Water density (estuarine),Effects of biofouling on the sinking behavior of microplastics,https://doi.org/10.1088/1748-9326/aa8e8b,,selected,"structured value, unit, parameter/object context and source note are retained; scope is stated rather than inferred",1005.5,kg/m3,No v5 value/unit correction applied; original source-table fields are retained separately.,reported_measurement_or_study_statistic,v5_local_pdf_read_with_retained_locator,"v5 personally read local PDF; abstract is PDF p.2, experimental context p.3, and Table 1 p.4.","Table 1, Page 4: Table 1. Water characteristics during laboratory sinking experiments.",Study-specific; do not pool as a universal lake coefficient or treat model outputs/bookkeeping as independent observations.,reported_measurement_or_study_statistic,
BOX-0286,287,Kaiser_2017,Hydrology,Water density (coastal),rho_w_coast,NA,NA,NA,1005.6,NA,NA,kg/m3,1005.6,NA,NA,kg/m3,Empirical,"Table 1, Page 4: Table 1.",Water density (coastal),Effects of biofouling on the sinking behavior of microplastics,https://doi.org/10.1088/1748-9326/aa8e8b,,selected,"structured value, unit, parameter/object context and source note are retained; scope is stated rather than inferred",1005.6,kg/m3,No v5 value/unit correction applied; original source-table fields are retained separately.,reported_measurement_or_study_statistic,v5_local_pdf_read_with_retained_locator,"v5 personally read local PDF; abstract is PDF p.2, experimental context p.3, and Table 1 p.4.","Table 1, Page 4: Table 1.",Study-specific; do not pool as a universal lake coefficient or treat model outputs/bookkeeping as independent observations.,reported_measurement_or_study_statistic,
BOX-0287,288,Kaiser_2017,Hydrology,Water density (Atlantic),rho_w_atl,NA,NA,NA,1025.3,NA,NA,kg/m3,1025.3,NA,NA,kg/m3,Empirical,"Table 1, Page 4: Table 1.",Water density (Atlantic),Effects of biofouling on the sinking behavior of microplastics,https://doi.org/10.1088/1748-9326/aa8e8b,,selected,"structured value, unit, parameter/object context and source note are retained; scope is stated rather than inferred",1025.3,kg/m3,No v5 value/unit correction applied; original source-table fields are retained separately.,reported_measurement_or_study_statistic,v5_local_pdf_read_with_retained_locator,"v5 personally read local PDF; abstract is PDF p.2, experimental context p.3, and Table 1 p.4.","Table 1, Page 4: Table 1.",Study-specific; do not pool as a universal lake coefficient or treat model outputs/bookkeeping as independent observations.,reported_measurement_or_study_statistic,
BOX-0288,289,Kaiser_2017,Hydrology,Experimental water temperature,T_exp,NA,NA,NA,20.6,20.0,21.5,deg_C,20.6,20.0,21.5,deg_C,Empirical,"Table 1, Page 4: Water temperature remained stable over the summer months and decreased from mid-September... mean 20.6±0.7°C.",Experimental water temperature,Effects of biofouling on the sinking behavior of microplastics,https://doi.org/10.1088/1748-9326/aa8e8b,,selected,"structured value, unit, parameter/object context and source note are retained; scope is stated rather than inferred",20.6,deg_C,No v5 value/unit correction applied; original source-table fields are retained separately.,reported_measurement_or_study_statistic,v5_local_pdf_read_with_retained_locator,"v5 personally read local PDF; abstract is PDF p.2, experimental context p.3, and Table 1 p.4.","Table 1, Page 4: Water temperature remained stable over the summer months and decreased from mid-September... mean 20.6±0.7°C.",Study-specific; do not pool as a universal lake coefficient or treat model outputs/bookkeeping as independent observations.,reported_measurement_or_study_statistic,
BOX-0293,294,Kaiser_2017,Biofouling,Chlorophyll a range (coastal station),Chl_a,NA,NA,NA,3.0,1.7,9.9,ug/L,3.0,1.7,9.9,ug/L,Empirical,"Section 3.1, Page 4: Chlorophyll a concentrations at the coastal station during the incubation period ranged from 1.7-9.9 ug L-1, with a median of 3.0 ug L-1.",Chlorophyll a range (coastal station),Effects of biofouling on the sinking behavior of microplastics,https://doi.org/10.1088/1748-9326/aa8e8b,,selected,"structured value, unit, parameter/object context and source note are retained; scope is stated rather than inferred",3.0,ug/L,No v5 value/unit correction applied; original source-table fields are retained separately.,reported_measurement_or_study_statistic,v5_local_pdf_read_with_retained_locator,"v5 personally read local PDF; abstract is PDF p.2, experimental context p.3, and Table 1 p.4.","Section 3.1, Page 4: Chlorophyll a concentrations at the coastal station during the incubation period ranged from 1.7-9.9 ug L-1, with a median of 3.0 ug L-1.",Study-specific; do not pool as a universal lake coefficient or treat model outputs/bookkeeping as independent observations.,reported_measurement_or_study_statistic,
BOX-0303,304,Messager_2016,Hydrology,Global mean lake hydraulic residence time,RT_mean,NA,NA,NA,1834,NA,NA,days,1834,NA,NA,days,Empirical,"The mean lake residence time computed for all natural lakes with a surface area of at least 10 ha, calculated as the sum of individual lake residence times divided by the total number of lakes, is 1,834 days (about 5.0 years).",Global mean lake hydraulic residence time,Estimating the volume and age of water stored in global lakes using a geo-statistical approach,https://doi.org/10.1038/ncomms13603,"Abstract, Page 1; Table 1",selected,"structured value, unit, parameter/object context and source note are retained; scope is stated rather than inferred",1834,days,No v5 value/unit correction applied; original source-table fields are retained separately.,model_derived_estimate,v5_local_pdf_read_with_retained_locator,"v5 personally read local PDF; Article Table 1 is PDF p.3, while Hydraulic residence times text is PDF p.4; retained locator specifies the row context.","The mean lake residence time computed for all natural lakes with a surface area of at least 10 ha, calculated as the sum of individual lake residence times divided by the total number of lakes, is 1,834 days (about 5.0 years).","Source- and scenario-specific evidence. It is not a universal lake parameter, a pooled distribution, or an input to PathwayAttribution v7.",Model-derived estimate,"The abstract and Results identify mean 1,834 days and median 456 days for natural lakes with surface area at least 10 ha."
BOX-0304,305,Messager_2016,Hydrology,Global median lake hydraulic residence time,RT_median,NA,NA,NA,456,NA,NA,days,456,NA,NA,days,Empirical,...while the median is 456 days.,Global median lake hydraulic residence time,Estimating the volume and age of water stored in global lakes using a geo-statistical approach,https://doi.org/10.1038/ncomms13603,"Abstract, Page 1",selected,"structured value, unit, parameter/object context and source note are retained; scope is stated rather than inferred",456,days,No v5 value/unit correction applied; original source-table fields are retained separately.,model_derived_estimate,v5_local_pdf_read_with_retained_locator,"v5 personally read local PDF; Article Table 1 is PDF p.3, while Hydraulic residence times text is PDF p.4; retained locator specifies the row context.",...while the median is 456 days.,"Source- and scenario-specific evidence. It is not a universal lake parameter, a pooled distribution, or an input to PathwayAttribution v7.",Model-derived estimate,"The abstract and Results identify mean 1,834 days and median 456 days for natural lakes with surface area at least 10 ha."
BOX-0305,306,Messager_2016,Hydrology,Global volume-weighted average lake age,RT_vol_weighted,NA,NA,NA,255,NA,NA,yr,255,NA,NA,yr,Theoretical,"The average age of all lake water, calculated as the volume-weighted average of all residence times, is 255 years.",Global volume-weighted average lake age,Estimating the volume and age of water stored in global lakes using a geo-statistical approach,https://doi.org/10.1038/ncomms13603,"Discussion, Page 5",selected,"structured value, unit, parameter/object context and source note are retained; scope is stated rather than inferred",255,yr,No v5 value/unit correction applied; original source-table fields are retained separately.,theoretical_calculation_or_model_output,v5_local_pdf_read_with_retained_locator,"v5 personally read local PDF; Article Table 1 is PDF p.3, while Hydraulic residence times text is PDF p.4; retained locator specifies the row context.","The average age of all lake water, calculated as the volume-weighted average of all residence times, is 255 years.",Study-specific; do not pool as a universal lake coefficient or treat model outputs/bookkeeping as independent observations.,theoretical_calculation_or_model_output,
BOX-0306,307,Messager_2016,Hydrology,Global lake total volume (natural lakes >=10 ha),V_total,NA,NA,NA,181900,NA,NA,km3,181900,NA,NA,km3,Empirical,...a total volume of 181.9 x 10^3 km3 (0.8% of total global non-frozen terrestrial water stocks).,Global lake total volume (natural lakes >=10 ha),Estimating the volume and age of water stored in global lakes using a geo-statistical approach,https://doi.org/10.1038/ncomms13603,"Abstract, Page 1; Table 1",selected,"structured value, unit, parameter/object context and source note are retained; scope is stated rather than inferred",181900,km3,No v5 value/unit correction applied; original source-table fields are retained separately.,structured_extracted_source_value,v5_local_pdf_read_with_retained_locator,"v5 personally read local PDF; Article Table 1 is PDF p.3, while Hydraulic residence times text is PDF p.4; retained locator specifies the row context.",...a total volume of 181.9 x 10^3 km3 (0.8% of total global non-frozen terrestrial water stocks).,Study-specific; do not pool as a universal lake coefficient or treat model outputs/bookkeeping as independent observations.,structured_extracted_source_value,
BOX-0307,308,Messager_2016,Hydrology,Global lake total surface area (natural lakes >=10 ha),A_total,NA,NA,NA,2.67E+06,NA,NA,km2,2.67E+06,NA,NA,km2,Empirical,1.42 million individual polygons of natural lakes with a total surface area of 2.67 x 10^6 km2 (1.8% of global land area).,Global lake total surface area (natural lakes >=10 ha),Estimating the volume and age of water stored in global lakes using a geo-statistical approach,https://doi.org/10.1038/ncomms13603,"Abstract, Page 1; Table 1",selected,"structured value, unit, parameter/object context and source note are retained; scope is stated rather than inferred",2.67E+06,km2,No v5 value/unit correction applied; original source-table fields are retained separately.,structured_extracted_source_value,v5_local_pdf_read_with_retained_locator,"v5 personally read local PDF; Article Table 1 is PDF p.3, while Hydraulic residence times text is PDF p.4; retained locator specifies the row context.",1.42 million individual polygons of natural lakes with a total surface area of 2.67 x 10^6 km2 (1.8% of global land area).,Study-specific; do not pool as a universal lake coefficient or treat model outputs/bookkeeping as independent observations.,structured_extracted_source_value,
BOX-0308,309,Messager_2016,Hydrology,Global lake total shoreline length,L_shoreline,NA,NA,NA,7.2E+06,NA,NA,km,7.2E+06,NA,NA,km,Empirical,The shoreline length of all natural lake polygons combined stretches for a total of 7.2 x 10^6 km.,Global lake total shoreline length,Estimating the volume and age of water stored in global lakes using a geo-statistical approach,https://doi.org/10.1038/ncomms13603,"Results, Page 2",selected,"structured value, unit, parameter/object context and source note are retained; scope is stated rather than inferred",7.2E+06,km,No v5 value/unit correction applied; original source-table fields are retained separately.,structured_extracted_source_value,v5_local_pdf_read_with_retained_locator,"v5 personally read local PDF; Article Table 1 is PDF p.3, while Hydraulic residence times text is PDF p.4; retained locator specifies the row context.",The shoreline length of all natural lake polygons combined stretches for a total of 7.2 x 10^6 km.,Study-specific; do not pool as a universal lake coefficient or treat model outputs/bookkeeping as independent observations.,structured_extracted_source_value,
BOX-0311,312,Messager_2016,Hydrology,Median residence time (lakes 0.1-1 km2),RT_mean,NA,NA,0.1-1,438.3,NA,NA,days,438.3,NA,NA,days,Empirical,Table 1; residence time for lake size class 0.1-1 km2. Converted: years*365.25,Mean residence time (lakes 0.1-1 km2),Estimating the volume and age of water stored in global lakes using a geo-statistical approach,https://doi.org/10.1038/ncomms13603,,selected,"structured value, unit, parameter/object context and source note are retained; scope is stated rather than inferred",1.2,yr,"Corrected source form from Messager Article Table 1 (PDF p.3): 1.2 yr, from the Median column (not Mean). Source CSV stored the already converted 438.3 days in Original_Value_Mean. Standardized value remains 438.3 days (= source years × 365.25); no re-calculation was applied in v5.",reported_measurement_or_study_statistic,v5_local_pdf_read_with_retained_locator,"v5 personally read local PDF p.3, Article Table 1, size-class residence-time values; source year form retained and day standardization checked arithmetically.",Table 1; residence time for lake size class 0.1-1 km2. Converted: years*365.25,Study-specific; do not pool as a universal lake coefficient or treat model outputs/bookkeeping as independent observations.,reported_measurement_or_study_statistic,
BOX-0312,313,Messager_2016,Hydrology,Median residence time (lakes 1-10 km2),RT_mean,NA,NA,1-10,511.34999999999997,NA,NA,days,511.34999999999997,NA,NA,days,Empirical,Table 1; residence time for lake size class 1-10 km2. Converted: years*365.25,Mean residence time (lakes 1-10 km2),Estimating the volume and age of water stored in global lakes using a geo-statistical approach,https://doi.org/10.1038/ncomms13603,,selected,"structured value, unit, parameter/object context and source note are retained; scope is stated rather than inferred",1.4,yr,"Corrected source form from Messager Article Table 1 (PDF p.3): 1.4 yr, from the Median column (not Mean). Source CSV stored the already converted 511.34999999999997 days in Original_Value_Mean. Standardized value remains 511.34999999999997 days (= source years × 365.25); no re-calculation was applied in v5.",reported_measurement_or_study_statistic,v5_local_pdf_read_with_retained_locator,"v5 personally read local PDF p.3, Article Table 1, size-class residence-time values; source year form retained and day standardization checked arithmetically.",Table 1; residence time for lake size class 1-10 km2. Converted: years*365.25,Study-specific; do not pool as a universal lake coefficient or treat model outputs/bookkeeping as independent observations.,reported_measurement_or_study_statistic,
BOX-0313,314,Messager_2016,Hydrology,Median residence time (lakes 10-100 km2),RT_mean,NA,NA,10-100,730.5,NA,NA,days,730.5,NA,NA,days,Empirical,Table 1; residence time for lake size class 10-100 km2. Converted: years*365.25,Mean residence time (lakes 10-100 km2),Estimating the volume and age of water stored in global lakes using a geo-statistical approach,https://doi.org/10.1038/ncomms13603,,selected,"structured value, unit, parameter/object context and source note are retained; scope is stated rather than inferred",2,yr,"Corrected source form from Messager Article Table 1 (PDF p.3): 2 yr, from the Median column (not Mean). Source CSV stored the already converted 730.5 days in Original_Value_Mean. Standardized value remains 730.5 days (= source years × 365.25); no re-calculation was applied in v5.",reported_measurement_or_study_statistic,v5_local_pdf_read_with_retained_locator,"v5 personally read local PDF p.3, Article Table 1, size-class residence-time values; source year form retained and day standardization checked arithmetically.",Table 1; residence time for lake size class 10-100 km2. Converted: years*365.25,Study-specific; do not pool as a universal lake coefficient or treat model outputs/bookkeeping as independent observations.,reported_measurement_or_study_statistic,
BOX-0314,315,Messager_2016,Hydrology,Median residence time (lakes 100-1000 km2),RT_mean,NA,NA,100-1000,1497.5249999999999,NA,NA,days,1497.5249999999999,NA,NA,days,Empirical,Table 1; residence time for lake size class 100-1000 km2. Converted: years*365.25,Mean residence time (lakes 100-1000 km2),Estimating the volume and age of water stored in global lakes using a geo-statistical approach,https://doi.org/10.1038/ncomms13603,,selected,"structured value, unit, parameter/object context and source note are retained; scope is stated rather than inferred",4.1,yr,"Corrected source form from Messager Article Table 1 (PDF p.3): 4.1 yr, from the Median column (not Mean). Source CSV stored the already converted 1497.5249999999999 days in Original_Value_Mean. Standardized value remains 1497.5249999999999 days (= source years × 365.25); no re-calculation was applied in v5.",reported_measurement_or_study_statistic,v5_local_pdf_read_with_retained_locator,"v5 personally read local PDF p.3, Article Table 1, size-class residence-time values; source year form retained and day standardization checked arithmetically.",Table 1; residence time for lake size class 100-1000 km2. Converted: years*365.25,Study-specific; do not pool as a universal lake coefficient or treat model outputs/bookkeeping as independent observations.,reported_measurement_or_study_statistic,
BOX-0315,316,Messager_2016,Hydrology,Median residence time (lakes 1000-10000 km2),RT_mean,NA,NA,1000-10000,1534.05,NA,NA,days,1534.05,NA,NA,days,Empirical,Table 1; residence time for lake size class 1000-10000 km2. Converted: years*365.25,Mean residence time (lakes 1000-10000 km2),Estimating the volume and age of water stored in global lakes using a geo-statistical approach,https://doi.org/10.1038/ncomms13603,,selected,"structured value, unit, parameter/object context and source note are retained; scope is stated rather than inferred",4.2,yr,"Corrected source form from Messager Article Table 1 (PDF p.3): 4.2 yr, from the Median column (not Mean). Source CSV stored the already converted 1534.05 days in Original_Value_Mean. Standardized value remains 1534.05 days (= source years × 365.25); no re-calculation was applied in v5.",reported_measurement_or_study_statistic,v5_local_pdf_read_with_retained_locator,"v5 personally read local PDF p.3, Article Table 1, size-class residence-time values; source year form retained and day standardization checked arithmetically.",Table 1; residence time for lake size class 1000-10000 km2. Converted: years*365.25,Study-specific; do not pool as a universal lake coefficient or treat model outputs/bookkeeping as independent observations.,reported_measurement_or_study_statistic,
BOX-0316,317,Messager_2016,Hydrology,Median residence time (lakes >10000 km2),RT_mean,NA,NA,>10000,4492.575,NA,NA,days,4492.575,NA,NA,days,Empirical,Table 1; residence time for lake size class >10000 km2. Converted: years*365.25,Mean residence time (lakes >10000 km2),Estimating the volume and age of water stored in global lakes using a geo-statistical approach,https://doi.org/10.1038/ncomms13603,,selected,"structured value, unit, parameter/object context and source note are retained; scope is stated rather than inferred",12.3,yr,"Corrected source form from Messager Article Table 1 (PDF p.3): 12.3 yr, from the Median column (not Mean). Source CSV stored the already converted 4492.575 days in Original_Value_Mean. Standardized value remains 4492.575 days (= source years × 365.25); no re-calculation was applied in v5.",reported_measurement_or_study_statistic,v5_local_pdf_read_with_retained_locator,"v5 personally read local PDF p.3, Article Table 1, size-class residence-time values; source year form retained and day standardization checked arithmetically.",Table 1; residence time for lake size class >10000 km2. Converted: years*365.25,Study-specific; do not pool as a universal lake coefficient or treat model outputs/bookkeeping as independent observations.,reported_measurement_or_study_statistic,
BOX-0317,318,Messager_2016,Hydrology,Average depth (lakes 0.1-1 km2),H_mean,NA,NA,0.1-1,3.5,NA,NA,m,3.5,NA,NA,m,Empirical,Table 1; average depth for lake size class 0.1-1 km2,Average depth (lakes 0.1-1 km2),Estimating the volume and age of water stored in global lakes using a geo-statistical approach,https://doi.org/10.1038/ncomms13603,,selected,"structured value, unit, parameter/object context and source note are retained; scope is stated rather than inferred",3.5,m,No v5 value/unit correction applied; original source-table fields are retained separately.,reported_measurement_or_study_statistic,v5_local_pdf_read_with_retained_locator,"v5 personally read local PDF; Article Table 1 is PDF p.3, while Hydraulic residence times text is PDF p.4; retained locator specifies the row context.",Table 1; average depth for lake size class 0.1-1 km2,Study-specific; do not pool as a universal lake coefficient or treat model outputs/bookkeeping as independent observations.,reported_measurement_or_study_statistic,
BOX-0318,319,Messager_2016,Hydrology,Average depth (lakes 1-10 km2),H_mean,NA,NA,1-10,5.4,NA,NA,m,5.4,NA,NA,m,Empirical,Table 1; average depth for lake size class 1-10 km2,Average depth (lakes 1-10 km2),Estimating the volume and age of water stored in global lakes using a geo-statistical approach,https://doi.org/10.1038/ncomms13603,,selected,"structured value, unit, parameter/object context and source note are retained; scope is stated rather than inferred",5.4,m,No v5 value/unit correction applied; original source-table fields are retained separately.,reported_measurement_or_study_statistic,v5_local_pdf_read_with_retained_locator,"v5 personally read local PDF; Article Table 1 is PDF p.3, while Hydraulic residence times text is PDF p.4; retained locator specifies the row context.",Table 1; average depth for lake size class 1-10 km2,Study-specific; do not pool as a universal lake coefficient or treat model outputs/bookkeeping as independent observations.,reported_measurement_or_study_statistic,
BOX-0319,320,Messager_2016,Hydrology,Average depth (lakes 10-100 km2),H_mean,NA,NA,10-100,10.4,NA,NA,m,10.4,NA,NA,m,Empirical,Table 1; average depth for lake size class 10-100 km2,Average depth (lakes 10-100 km2),Estimating the volume and age of water stored in global lakes using a geo-statistical approach,https://doi.org/10.1038/ncomms13603,,selected,"structured value, unit, parameter/object context and source note are retained; scope is stated rather than inferred",10.4,m,No v5 value/unit correction applied; original source-table fields are retained separately.,reported_measurement_or_study_statistic,v5_local_pdf_read_with_retained_locator,"v5 personally read local PDF; Article Table 1 is PDF p.3, while Hydraulic residence times text is PDF p.4; retained locator specifies the row context.",Table 1; average depth for lake size class 10-100 km2,Study-specific; do not pool as a universal lake coefficient or treat model outputs/bookkeeping as independent observations.,reported_measurement_or_study_statistic,
BOX-0320,321,Messager_2016,Hydrology,Average depth (lakes 100-1000 km2),H_mean,NA,NA,100-1000,19.6,NA,NA,m,19.6,NA,NA,m,Empirical,Table 1; average depth for lake size class 100-1000 km2,Average depth (lakes 100-1000 km2),Estimating the volume and age of water stored in global lakes using a geo-statistical approach,https://doi.org/10.1038/ncomms13603,,selected,"structured value, unit, parameter/object context and source note are retained; scope is stated rather than inferred",19.6,m,No v5 value/unit correction applied; original source-table fields are retained separately.,reported_measurement_or_study_statistic,v5_local_pdf_read_with_retained_locator,"v5 personally read local PDF; Article Table 1 is PDF p.3, while Hydraulic residence times text is PDF p.4; retained locator specifies the row context.",Table 1; average depth for lake size class 100-1000 km2,Study-specific; do not pool as a universal lake coefficient or treat model outputs/bookkeeping as independent observations.,reported_measurement_or_study_statistic,
BOX-0321,322,Messager_2016,Hydrology,Average depth (lakes 1000-10000 km2),H_mean,NA,NA,1000-10000,32.3,NA,NA,m,32.3,NA,NA,m,Empirical,Table 1; average depth for lake size class 1000-10000 km2,Average depth (lakes 1000-10000 km2),Estimating the volume and age of water stored in global lakes using a geo-statistical approach,https://doi.org/10.1038/ncomms13603,,selected,"structured value, unit, parameter/object context and source note are retained; scope is stated rather than inferred",32.3,m,No v5 value/unit correction applied; original source-table fields are retained separately.,reported_measurement_or_study_statistic,v5_local_pdf_read_with_retained_locator,"v5 personally read local PDF; Article Table 1 is PDF p.3, while Hydraulic residence times text is PDF p.4; retained locator specifies the row context.",Table 1; average depth for lake size class 1000-10000 km2,Study-specific; do not pool as a universal lake coefficient or treat model outputs/bookkeeping as independent observations.,reported_measurement_or_study_statistic,
BOX-0322,323,Messager_2016,Hydrology,Average depth (lakes >10000 km2),H_mean,NA,NA,>10000,139.6,NA,NA,m,139.6,NA,NA,m,Empirical,Table 1; average depth for lake size class >10000 km2,Average depth (lakes >10000 km2),Estimating the volume and age of water stored in global lakes using a geo-statistical approach,https://doi.org/10.1038/ncomms13603,,selected,"structured value, unit, parameter/object context and source note are retained; scope is stated rather than inferred",139.6,m,No v5 value/unit correction applied; original source-table fields are retained separately.,reported_measurement_or_study_statistic,v5_local_pdf_read_with_retained_locator,"v5 personally read local PDF; Article Table 1 is PDF p.3, while Hydraulic residence times text is PDF p.4; retained locator specifies the row context.",Table 1; average depth for lake size class >10000 km2,Study-specific; do not pool as a universal lake coefficient or treat model outputs/bookkeeping as independent observations.,reported_measurement_or_study_statistic,
BOX-0323,324,Messager_2016,Hydrology,Residence time (Caspian Sea),RT,NA,NA,NA,295.4,NA,NA,yr,107894.84999999999,NA,NA,days,Empirical,Table 1; Caspian Sea residence time. Converted: yr*365.25,Residence time (Caspian Sea),Estimating the volume and age of water stored in global lakes using a geo-statistical approach,https://doi.org/10.1038/ncomms13603,,selected,"structured value, unit, parameter/object context and source note are retained; scope is stated rather than inferred",295.4,yr,No v5 value/unit correction applied; original source-table fields are retained separately.,reported_measurement_or_study_statistic,v5_local_pdf_read_with_retained_locator,"v5 personally read local PDF; Article Table 1 is PDF p.3, while Hydraulic residence times text is PDF p.4; retained locator specifies the row context.",Table 1; Caspian Sea residence time. Converted: yr*365.25,Study-specific; do not pool as a universal lake coefficient or treat model outputs/bookkeeping as independent observations.,reported_measurement_or_study_statistic,
BOX-0324,325,Messager_2016,Hydrology,Residence time (Lake Baikal),RT,NA,NA,NA,374.6,NA,NA,yr,136822.65,NA,NA,days,Empirical,Table 1; Lake Baikal residence time. Converted: yr*365.25,Residence time (Lake Baikal),Estimating the volume and age of water stored in global lakes using a geo-statistical approach,https://doi.org/10.1038/ncomms13603,,selected,"structured value, unit, parameter/object context and source note are retained; scope is stated rather than inferred",374.6,yr,No v5 value/unit correction applied; original source-table fields are retained separately.,reported_measurement_or_study_statistic,v5_local_pdf_read_with_retained_locator,"v5 personally read local PDF; Article Table 1 is PDF p.3, while Hydraulic residence times text is PDF p.4; retained locator specifies the row context.",Table 1; Lake Baikal residence time. Converted: yr*365.25,Study-specific; do not pool as a universal lake coefficient or treat model outputs/bookkeeping as independent observations.,reported_measurement_or_study_statistic,
BOX-0325,326,Messager_2016,Hydrology,Residence time (Lake Tanganyika),RT,NA,NA,NA,402.6,NA,NA,yr,147049.65,NA,NA,days,Empirical,Table 1; Lake Tanganyika residence time. Converted: yr*365.25,Residence time (Lake Tanganyika),Estimating the volume and age of water stored in global lakes using a geo-statistical approach,https://doi.org/10.1038/ncomms13603,,selected,"structured value, unit, parameter/object context and source note are retained; scope is stated rather than inferred",402.6,yr,No v5 value/unit correction applied; original source-table fields are retained separately.,reported_measurement_or_study_statistic,v5_local_pdf_read_with_retained_locator,"v5 personally read local PDF; Article Table 1 is PDF p.3, while Hydraulic residence times text is PDF p.4; retained locator specifies the row context.",Table 1; Lake Tanganyika residence time. Converted: yr*365.25,Study-specific; do not pool as a universal lake coefficient or treat model outputs/bookkeeping as independent observations.,reported_measurement_or_study_statistic,
BOX-0326,327,Messager_2016,Hydrology,Residence time (Lake Superior),RT,NA,NA,NA,132.5,NA,NA,yr,48395.625,NA,NA,days,Empirical,Table 1; Lake Superior residence time. Converted: yr*365.25,Residence time (Lake Superior),Estimating the volume and age of water stored in global lakes using a geo-statistical approach,https://doi.org/10.1038/ncomms13603,,selected,"structured value, unit, parameter/object context and source note are retained; scope is stated rather than inferred",132.5,yr,No v5 value/unit correction applied; original source-table fields are retained separately.,reported_measurement_or_study_statistic,v5_local_pdf_read_with_retained_locator,"v5 personally read local PDF; Article Table 1 is PDF p.3, while Hydraulic residence times text is PDF p.4; retained locator specifies the row context.",Table 1; Lake Superior residence time. Converted: yr*365.25,Study-specific; do not pool as a universal lake coefficient or treat model outputs/bookkeeping as independent observations.,reported_measurement_or_study_statistic,
BOX-0327,328,Messager_2016,Hydrology,Residence time (Lake Malawi),RT,NA,NA,NA,218.5,NA,NA,yr,79807.125,NA,NA,days,Empirical,Table 1; Lake Malawi residence time. Converted: yr*365.25,Residence time (Lake Malawi),Estimating the volume and age of water stored in global lakes using a geo-statistical approach,https://doi.org/10.1038/ncomms13603,,selected,"structured value, unit, parameter/object context and source note are retained; scope is stated rather than inferred",218.5,yr,No v5 value/unit correction applied; original source-table fields are retained separately.,reported_measurement_or_study_statistic,v5_local_pdf_read_with_retained_locator,"v5 personally read local PDF; Article Table 1 is PDF p.3, while Hydraulic residence times text is PDF p.4; retained locator specifies the row context.",Table 1; Lake Malawi residence time. Converted: yr*365.25,Study-specific; do not pool as a universal lake coefficient or treat model outputs/bookkeeping as independent observations.,reported_measurement_or_study_statistic,
