hylak_id,ACR_CR,ACR_EN,ACR_VU,ACR_NT,CNEI_CR,CNEI_EN,CNEI_VU,CNEI_NT,sp_count_CR,sp_count_EN,sp_count_VU,sp_count_NT,exposure_scenario
1745.0,0.0,325.4226034,650.8452068,1464.4017153,0.0,162.7113017,162.7113017,162.7113017,0.0,2.0,4.0,9.0,S0_baseline
1746.0,0.0,182.15153948,546.45461844,819.6819276599999,0.0,91.07576974,91.07576974,91.07576974,0.0,2.0,6.0,9.0,S0_baseline
1776.0,0.0,172.53137826,603.8598239099999,1035.18826956,0.0,86.26568913,86.26568912999998,86.26568913,0.0,2.0,7.0,12.0,S0_baseline
2561.0,0.0,42.46960782,56.62614376,127.40882346,0.0,14.15653594,14.15653594,14.15653594,0.0,3.0,4.0,9.0,S0_baseline
2632.0,0.0,511.5746604,852.624434,1705.248868,0.0,170.5248868,213.1561085,189.47209644444445,0.0,3.0,4.0,9.0,S0_baseline
2642.0,0.0,171.99412454,343.98824908,601.97943589,0.0,85.99706227,85.99706227,85.99706227,0.0,2.0,4.0,7.0,S0_baseline
2911.0,0.0,830.8693714,830.8693714,3738.9121713,0.0,415.4346857,415.4346857,415.4346857,0.0,2.0,2.0,9.0,S0_baseline
2960.0,0.0,212.4442166,424.8884332,1911.9979494,0.0,212.4442166,212.4442166,212.4442166,0.0,1.0,2.0,9.0,S0_baseline
2975.0,0.0,258.2924408,516.5848816,1549.7546448,0.0,258.2924408,258.2924408,258.2924408,0.0,1.0,2.0,6.0,S0_baseline
3128.0,222.3450909,222.3450909,889.3803636,2223.450909,222.3450909,222.3450909,444.6901818,247.050101,1.0,1.0,2.0,9.0,S0_baseline
3256.0,0.0,694.335566,1388.671132,3471.67783,0.0,347.167783,462.8903773333333,385.74198111111104,0.0,2.0,3.0,9.0,S0_baseline
3322.0,0.0,553.180976,442.5447808,885.0895616,0.0,138.295244,110.6361952,110.6361952,0.0,4.0,4.0,8.0,S0_baseline
3382.0,0.0,1537.3428600000002,2049.79048,4612.02858,0.0,512.44762,512.44762,512.44762,0.0,3.0,4.0,9.0,S0_baseline
3384.0,0.0,339.4778823,339.4778823,905.2743528,0.0,113.1592941,113.1592941,113.1592941,0.0,3.0,3.0,8.0,S0_baseline
3415.0,0.0,745.2932174,1490.5864348,2981.1728696,0.0,372.6466087,372.6466087,372.6466087,0.0,2.0,4.0,8.0,S0_baseline
3515.0,208.75772712000003,208.75772712000003,173.9647726,347.9295452,34.79295452,34.79295452,34.79295452,34.79295452,6.0,6.0,5.0,10.0,S0_baseline
3620.0,346.4568745,1039.3706235,1385.827498,2771.654996,346.4568745,346.4568745,346.4568745,346.4568745,1.0,3.0,4.0,8.0,S0_baseline
3654.0,181.0359978,181.0359978,724.1439912,1086.2159868,181.0359978,181.0359978,181.0359978,181.0359978,1.0,1.0,4.0,6.0,S0_baseline
3696.0,329.5001721,329.5001721,1318.0006884,1977.0010326,329.5001721,329.5001721,329.5001721,329.5001721,1.0,1.0,4.0,6.0,S0_baseline
3697.0,0.0,203.3894898,813.5579592,1220.3369388,0.0,203.3894898,203.3894898,203.3894898,0.0,1.0,4.0,6.0,S0_baseline
3710.0,360.8712342,360.8712342,2165.2274052,2886.9698736,360.8712342,360.8712342,433.04548104,360.8712342,1.0,1.0,5.0,8.0,S0_baseline
3716.0,0.0,257.6055572,1030.4222288,1545.6333432,0.0,257.6055572,257.6055572,257.6055572,0.0,1.0,4.0,6.0,S0_baseline
3717.0,0.0,245.1066566,980.4266264,1470.6399396000002,0.0,245.1066566,245.1066566,245.10665660000004,0.0,1.0,4.0,6.0,S0_baseline
3719.0,44.88903546,89.77807092,134.66710638,359.11228368,44.88903546,44.88903546,44.88903546,44.88903546,1.0,2.0,3.0,8.0,S0_baseline
3797.0,147.0402236,147.0402236,588.1608944,1029.2815652,147.0402236,147.0402236,147.0402236,147.0402236,1.0,1.0,4.0,7.0,S0_baseline
3800.0,182.1698539,182.1698539,910.8492695,1275.1889773,182.1698539,182.1698539,227.712317375,182.1698539,1.0,1.0,4.0,7.0,S0_baseline
3823.0,221.154819,221.154819,884.619276,1326.928914,221.154819,221.154819,221.154819,221.154819,1.0,1.0,4.0,6.0,S0_baseline
3839.0,494.4723166,247.2361583,1236.1807915,1483.4169498,494.4723166,247.2361583,309.045197875,247.23615830000003,1.0,1.0,4.0,6.0,S0_baseline
3912.0,86.71881674,173.43763348,346.87526696,520.31290044,86.71881674,86.71881674,86.71881674,86.71881674000001,1.0,2.0,4.0,6.0,S0_baseline
3980.0,0.0,269.1186031,807.3558092999999,1883.8302217,0.0,269.1186031,269.1186031,269.1186031,0.0,1.0,3.0,7.0,S0_baseline
4051.0,90.24200036,180.48400072,360.96800144,541.45200216,90.24200036,90.24200036,90.24200036,90.24200036,1.0,2.0,4.0,6.0,S0_baseline
4135.0,364.0564396,364.0564396,728.1128792,1274.1975386,182.0282198,182.0282198,182.0282198,182.0282198,2.0,2.0,4.0,7.0,S0_baseline
4171.0,0.0,19.78529118,118.71174708,138.49703826,0.0,19.78529118,19.78529118,19.78529118,0.0,1.0,6.0,7.0,S0_baseline
4208.0,145.8204635,145.8204635,583.281854,1166.563708,145.8204635,145.8204635,145.8204635,145.8204635,1.0,1.0,4.0,8.0,S0_baseline
4272.0,770.5870101,513.7246734,770.5870101,1798.0363569,385.29350505,256.8623367,256.8623367,256.8623367,2.0,2.0,3.0,7.0,S0_baseline
4679.0,0.0,70.42978233,352.14891164999995,493.00847631,0.0,70.42978233,70.42978233,70.42978233,0.0,1.0,5.0,7.0,S0_baseline
4697.0,0.0,63.50468402,317.5234201,444.53278814,0.0,63.50468402,63.50468402,63.50468402,0.0,1.0,5.0,7.0,S0_baseline
4900.0,0.0,95.29308634,571.75851804,571.75851804,0.0,95.29308634,95.29308634,95.29308634,0.0,1.0,6.0,6.0,S0_baseline
4902.0,0.0,42.29300336,338.34402688,296.05102352,0.0,42.29300336,48.33486098285714,42.29300336,0.0,1.0,7.0,7.0,S0_baseline
4910.0,0.0,77.90686461,545.34805227,545.34805227,0.0,77.90686461,90.891342045,77.90686461,0.0,1.0,6.0,7.0,S0_baseline
5547.0,0.0,223.5729979,894.2919916,1565.0109853,0.0,223.5729979,223.5729979,223.5729979,0.0,1.0,4.0,7.0,S0_baseline
5555.0,79.79691136,239.39073408,478.78146816,797.9691135999999,79.79691136,79.79691136,95.756293632,88.66323484444443,1.0,3.0,5.0,9.0,S0_baseline
5624.0,0.0,582.8439012,777.1252016,1942.813004,0.0,194.2813004,259.0417338666667,215.8681115555556,0.0,3.0,3.0,9.0,S0_baseline
5628.0,0.0,1203.4082442,1805.1123663,4211.9288547,0.0,601.7041221,601.7041221,601.7041221,0.0,2.0,3.0,7.0,S0_baseline
5638.0,0.0,534.9071754,1069.8143508,1872.1751139,0.0,267.4535877,267.4535877,267.4535877,0.0,2.0,4.0,7.0,S0_baseline
5666.0,0.0,1240.9878093,1240.9878093,2895.6382217,0.0,413.6626031,413.6626031,413.6626031,0.0,3.0,3.0,7.0,S0_baseline
5694.0,0.0,525.710312,1051.420624,1314.2757800000002,0.0,262.855156,262.855156,262.855156,0.0,2.0,4.0,5.0,S0_baseline
5717.0,0.0,247.4776662,494.9553324,618.6941654999999,0.0,123.7388331,123.7388331,123.7388331,0.0,2.0,4.0,5.0,S0_baseline
5724.0,0.0,333.4674698,666.9349396,833.6686745,0.0,166.7337349,166.7337349,166.7337349,0.0,2.0,4.0,5.0,S0_baseline
5747.0,0.0,662.1745144,1324.3490288,1986.5235432,0.0,331.0872572,331.0872572,331.0872572,0.0,2.0,4.0,6.0,S0_baseline
5754.0,0.0,154.17066488,308.34132976,539.59732708,0.0,77.08533244,77.08533244,77.08533244,0.0,2.0,4.0,7.0,S0_baseline
5772.0,0.0,702.5777808,1756.4444520000002,2107.7333424,0.0,351.2888904,351.2888904,351.2888904,0.0,2.0,5.0,6.0,S0_baseline
5774.0,0.0,1200.5484198,2000.914033,2401.0968396,0.0,400.1828066,400.1828066,400.1828066,0.0,3.0,5.0,6.0,S0_baseline
5780.0,0.0,320.3322158,640.6644316,960.9966474,0.0,160.1661079,160.1661079,160.1661079,0.0,2.0,4.0,6.0,S0_baseline
5785.0,346.4396443,1039.3189329,1732.1982215,2078.6378658,346.4396443,346.4396443,346.4396443,346.4396443,1.0,3.0,5.0,6.0,S0_baseline
5807.0,0.0,0.0,2417.0403411,7251.1210233,0.0,0.0,805.6801136999999,805.6801137,0.0,0.0,3.0,9.0,S0_baseline
5825.0,170.8051438,0.0,512.4154314,1708.051438,170.8051438,0.0,170.8051438,170.8051438,1.0,0.0,3.0,10.0,S0_baseline
5826.0,0.0,0.0,1479.4951188,4068.6115767,0.0,0.0,493.1650396,406.86115767,0.0,0.0,3.0,10.0,S0_baseline
5865.0,0.0,420.8342282,841.6684564,2314.5882551,0.0,210.4171141,280.55615213333334,231.45882551,0.0,2.0,3.0,10.0,S0_baseline
5874.0,0.0,0.0,485.8696524,1457.6089572,0.0,0.0,161.9565508,161.9565508,0.0,0.0,3.0,9.0,S0_baseline
5903.0,0.0,0.0,1028.7526827000002,3429.175609,0.0,0.0,342.91756090000007,342.9175609,0.0,0.0,3.0,10.0,S0_baseline
5926.0,0.0,73.66170574,368.3085287,662.95535166,0.0,73.66170574,73.66170574,73.66170574,0.0,1.0,5.0,9.0,S0_baseline
5935.0,0.0,261.9717246,785.9151738,1833.8020722,0.0,261.9717246,261.9717246,261.9717246,0.0,1.0,3.0,7.0,S0_baseline
5972.0,0.0,648.3572217,1080.5953694999998,2377.3098129,0.0,216.1190739,216.1190739,216.1190739,0.0,3.0,5.0,11.0,S0_baseline
6005.0,0.0,0.0,1817.38415,3271.29147,0.0,0.0,363.47683,363.47683,0.0,0.0,5.0,9.0,S0_baseline
6017.0,0.0,178.2041592,891.020796,1782.041592,0.0,178.2041592,178.2041592,178.2041592,0.0,1.0,5.0,10.0,S0_baseline
6036.0,0.0,176.09309498,440.23273745,704.37237992,0.0,88.04654749,88.04654749,88.04654749,0.0,2.0,5.0,8.0,S0_baseline
6057.0,0.0,0.0,818.9322716,1637.8645432,0.0,0.0,204.7330679,204.7330679,0.0,0.0,4.0,8.0,S0_baseline
6077.0,0.0,166.6977452,666.7909808,1333.5819616,0.0,166.6977452,166.6977452,166.6977452,0.0,1.0,4.0,8.0,S0_baseline
6105.0,0.0,352.6712501,1410.6850004,2116.0275006,0.0,352.6712501,352.6712501,352.6712501,0.0,1.0,4.0,6.0,S0_baseline
6106.0,0.0,205.3828584,821.5314336,1232.2971504,0.0,205.3828584,205.3828584,205.3828584,0.0,1.0,4.0,6.0,S0_baseline
6108.0,0.0,108.5781336,434.3125344,651.4688016,0.0,108.5781336,108.5781336,108.5781336,0.0,1.0,4.0,6.0,S0_baseline
6112.0,0.0,438.2971074,1753.1884296,2629.7826444,0.0,438.2971074,438.2971074,438.2971074,0.0,1.0,4.0,6.0,S0_baseline
6132.0,0.0,230.8815412,923.5261648,1385.2892472,0.0,230.8815412,230.8815412,230.8815412,0.0,1.0,4.0,6.0,S0_baseline
6133.0,0.0,116.431993,582.159965,815.023951,0.0,116.431993,116.431993,116.431993,0.0,1.0,5.0,7.0,S0_baseline
6134.0,0.0,348.608691,697.2173819999999,813.4202789999999,0.0,116.202897,116.202897,116.202897,0.0,3.0,6.0,7.0,S0_baseline
6136.0,0.0,257.3237907,1029.2951628,1286.6189535,0.0,257.3237907,257.3237907,257.3237907,0.0,1.0,4.0,5.0,S0_baseline
6138.0,0.0,433.550567,1734.202268,2601.303402,0.0,433.550567,433.550567,433.550567,0.0,1.0,4.0,6.0,S0_baseline
6142.0,0.0,207.6678177,830.6712708,1246.0069062,0.0,207.6678177,207.6678177,207.6678177,0.0,1.0,4.0,6.0,S0_baseline
6184.0,0.0,713.8229223000001,1189.7048705,1903.5277928,0.0,237.94097410000003,237.9409741,237.9409741,0.0,3.0,5.0,8.0,S0_baseline
6205.0,0.0,420.5073162,841.0146324,1121.3528432,0.0,140.1691054,140.1691054,140.1691054,0.0,3.0,6.0,8.0,S0_baseline
6268.0,0.0,93.02180358,465.1090179,651.15262506,0.0,93.02180358,93.02180358,93.02180358,0.0,1.0,5.0,7.0,S0_baseline
6271.0,0.0,111.8556325,447.42253,894.84506,0.0,111.8556325,111.8556325,111.8556325,0.0,1.0,4.0,8.0,S0_baseline
6299.0,0.0,473.7738276,1184.434569,1421.3214828,0.0,236.8869138,236.8869138,236.8869138,0.0,2.0,5.0,6.0,S0_baseline
6306.0,213.0792632,426.1585264,852.3170528,1278.4755792,213.0792632,213.0792632,213.0792632,213.0792632,1.0,2.0,4.0,6.0,S0_baseline
6307.0,0.0,946.1087276,2365.271819,2838.3261828,0.0,473.0543638,473.0543638,473.0543638,0.0,2.0,5.0,6.0,S0_baseline
6313.0,0.0,0.0,102.37437825,204.7487565,0.0,0.0,34.12479275,34.12479275,0.0,0.0,3.0,6.0,S0_baseline
6328.0,0.0,128.2904645,641.4523225,641.4523225,0.0,128.2904645,128.2904645,128.2904645,0.0,1.0,5.0,5.0,S0_baseline
6340.0,0.0,0.0,159.28849992,265.4808332,0.0,0.0,53.09616664,53.09616664,0.0,0.0,3.0,5.0,S0_baseline
6362.0,0.0,152.4561428,762.280714,1372.1052852,0.0,152.4561428,152.4561428,152.4561428,0.0,1.0,5.0,9.0,S0_baseline
6381.0,0.0,139.8593169,699.2965845000001,1118.8745352,0.0,139.8593169,139.8593169,139.8593169,0.0,1.0,5.0,8.0,S0_baseline
6465.0,0.0,61.03186721,366.19120326,488.25493768,0.0,61.03186721,61.03186721,61.03186721,0.0,1.0,6.0,8.0,S0_baseline
6469.0,0.0,321.4994193,1607.4970965,2250.4959351,0.0,321.4994193,321.4994193,321.49941929999994,0.0,1.0,5.0,7.0,S0_baseline
6480.0,0.0,1300.866868,3902.600604,9106.068076,0.0,1300.866868,1300.866868,1300.8668679999998,0.0,1.0,3.0,7.0,S0_baseline
6487.0,0.0,195.4051762,977.025881,1367.8362334,0.0,195.4051762,195.4051762,195.4051762,0.0,1.0,5.0,7.0,S0_baseline
6493.0,0.0,301.699357,905.098071,1206.797428,0.0,150.8496785,150.8496785,150.8496785,0.0,2.0,6.0,8.0,S0_baseline
6503.0,0.0,101.795955,610.7757300000001,814.36764,0.0,101.795955,101.795955,101.795955,0.0,1.0,6.0,8.0,S0_baseline
6506.0,0.0,304.3474791,1521.7373954999998,2434.7798328,0.0,304.3474791,304.3474791,304.3474791,0.0,1.0,5.0,8.0,S0_baseline
6511.0,0.0,209.2130113,1255.2780678,1673.7040904,0.0,209.2130113,209.2130113,209.2130113,0.0,1.0,6.0,8.0,S0_baseline
6523.0,0.0,177.3000299,1063.8001794,1418.4002392,0.0,177.3000299,177.3000299,177.3000299,0.0,1.0,6.0,8.0,S0_baseline
6528.0,0.0,145.8676117,875.2056702,1166.9408936,0.0,145.8676117,145.8676117,145.8676117,0.0,1.0,6.0,8.0,S0_baseline
6538.0,0.0,131.07504852,196.61257278,655.3752426,0.0,65.53752426,65.53752426,65.53752426,0.0,2.0,3.0,10.0,S0_baseline
6545.0,0.0,989.018226,741.7636695,2472.545565,0.0,494.509113,247.2545565,247.2545565,0.0,2.0,3.0,10.0,S0_baseline
6546.0,0.0,473.5676836,947.1353672,2367.8384180000003,0.0,236.7838418,236.7838418,236.78384180000003,0.0,2.0,4.0,10.0,S0_baseline
6549.0,0.0,162.65301816,243.97952724,813.2650907999999,0.0,81.32650908,81.32650908,81.32650908,0.0,2.0,3.0,10.0,S0_baseline
6560.0,0.0,535.9161558,1071.8323116,2679.580779,0.0,267.9580779,267.9580779,267.9580779,0.0,2.0,4.0,10.0,S0_baseline
6568.0,0.0,528.9454458,705.2605944,1586.8363373999998,0.0,264.4727229,176.3151486,176.3151486,0.0,2.0,4.0,9.0,S0_baseline
6570.0,0.0,601.3594348,1202.7188696,2706.1174566,0.0,300.6797174,300.6797174,300.6797174,0.0,2.0,4.0,9.0,S0_baseline
6571.0,0.0,791.8189944,1187.7284916,1781.5927373999998,0.0,395.9094972,197.9547486,197.9547486,0.0,2.0,6.0,9.0,S0_baseline
6572.0,0.0,362.6662182,604.443697,967.1099152,0.0,181.3331091,120.8887394,120.8887394,0.0,2.0,5.0,8.0,S0_baseline
6593.0,178.4415769,178.4415769,892.2078845,1605.9741921,178.4415769,178.4415769,178.4415769,178.4415769,1.0,1.0,5.0,9.0,S0_baseline
6597.0,0.0,210.7032666,526.7581665,737.4614331,0.0,105.3516333,105.3516333,105.3516333,0.0,2.0,5.0,7.0,S0_baseline
6616.0,0.0,499.8870501,833.1450834999999,1333.0321336,0.0,166.6290167,166.6290167,166.6290167,0.0,3.0,5.0,8.0,S0_baseline
6622.0,0.0,413.3494143,964.4819667,964.4819667,0.0,137.7831381,137.7831381,137.7831381,0.0,3.0,7.0,7.0,S0_baseline
6642.0,79.11480338,158.22960676,395.5740169,553.80362366,79.11480338,79.11480338,79.11480338,79.11480338,1.0,2.0,5.0,7.0,S0_baseline
6644.0,0.0,498.148538,622.6856725,1120.8342105,0.0,166.04951266666666,124.5371345,124.5371345,0.0,3.0,5.0,9.0,S0_baseline
6655.0,139.5061481,139.5061481,697.5307405,1255.5553329,139.5061481,139.5061481,139.5061481,139.5061481,1.0,1.0,5.0,9.0,S0_baseline
6688.0,0.0,132.5042415,795.025449,927.5296905,0.0,132.5042415,132.5042415,132.5042415,0.0,1.0,6.0,7.0,S0_baseline
6691.0,0.0,67.00979067,268.03916268,670.0979067000001,0.0,67.00979067,67.00979067,67.00979067,0.0,1.0,4.0,10.0,S0_baseline
6694.0,0.0,58.18441465,349.1064879,640.02856115,0.0,58.18441465,69.82129757999999,64.002856115,0.0,1.0,5.0,10.0,S0_baseline
6699.0,0.0,49.88313338,249.4156669,548.7144671799999,0.0,49.88313338,49.88313338,49.88313338,0.0,1.0,5.0,11.0,S0_baseline
6700.0,0.0,96.36984609,481.84923045,1060.06830699,0.0,96.36984609,96.36984609,96.36984609,0.0,1.0,5.0,11.0,S0_baseline
6702.0,0.0,47.62081166,238.1040583,523.82892826,0.0,47.62081166,47.62081166,47.62081166,0.0,1.0,5.0,11.0,S0_baseline
6706.0,0.0,78.01358707,390.06793535,702.12228363,0.0,78.01358707,78.01358707,78.01358707,0.0,1.0,5.0,9.0,S0_baseline
6712.0,0.0,163.62647718,490.87943154,1063.57210167,0.0,81.81323859,98.175886308,96.6883728790909,0.0,2.0,5.0,11.0,S0_baseline
6735.0,0.0,140.6611619,562.6446476,1406.611619,0.0,140.6611619,140.6611619,140.6611619,0.0,1.0,4.0,10.0,S0_baseline
6753.0,0.0,136.08869913,317.54029797,453.6289971,0.0,45.36289971,52.923382995,45.36289971,0.0,3.0,6.0,10.0,S0_baseline
6778.0,0.0,354.7419156,1064.2257468,1773.7095780000002,0.0,177.3709578,177.3709578,177.3709578,0.0,2.0,6.0,10.0,S0_baseline
6780.0,0.0,401.2035024000001,1069.8760064,1604.8140096000002,0.0,133.7345008,152.8394294857143,160.48140096000003,0.0,3.0,7.0,10.0,S0_baseline
6786.0,0.0,395.1424982,1185.4274946,1778.1412418999998,0.0,197.5712491,197.5712491,197.5712491,0.0,2.0,6.0,9.0,S0_baseline
6789.0,0.0,307.68778032,461.53167048,615.37556064,0.0,76.92194508,76.92194508,76.92194508,0.0,4.0,6.0,8.0,S0_baseline
6897.0,0.0,176.82564136,176.82564136,442.0641034,0.0,58.94188045333333,44.20641034,44.20641034,0.0,3.0,4.0,10.0,S0_baseline
6906.0,0.0,178.8934422,357.7868844,715.5737688,0.0,89.4467211,89.4467211,89.4467211,0.0,2.0,4.0,8.0,S0_baseline
6912.0,0.0,156.06696060000002,156.06696060000002,416.1785616,0.0,52.0223202,52.0223202,52.0223202,0.0,3.0,3.0,8.0,S0_baseline
6917.0,0.0,119.64977218,119.64977218,478.59908872,0.0,59.82488609,59.82488609,59.82488609,0.0,2.0,2.0,8.0,S0_baseline
6932.0,0.0,379.1669922,631.944987,1516.6679688,0.0,126.3889974,157.98624675,151.66679688,0.0,3.0,4.0,10.0,S0_baseline
6945.0,180.08980306,270.13470459,360.17960612,900.4490153,180.08980306,90.04490153,90.04490153,90.04490153,1.0,3.0,4.0,10.0,S0_baseline
6973.0,0.0,201.5249498,604.5748494,1612.1995984,0.0,201.5249498,201.5249498,201.5249498,0.0,1.0,3.0,8.0,S0_baseline
6986.0,0.0,169.9909605,509.9728815,1359.927684,0.0,169.9909605,169.9909605,169.9909605,0.0,1.0,3.0,8.0,S0_baseline
7016.0,0.0,1431.7061485,1145.3649188,3149.7535267,0.0,286.3412297,381.78830626666667,349.97261407777773,0.0,5.0,3.0,9.0,S0_baseline
7024.0,0.0,69.24112061,207.72336183,484.68784427,0.0,69.24112061,69.24112061,69.24112061,0.0,1.0,3.0,7.0,S0_baseline
7048.0,0.0,73.16022924,109.74034386,329.22103158000004,0.0,36.58011462,36.58011462,36.58011462,0.0,2.0,3.0,9.0,S0_baseline
7071.0,0.0,60.99440106,91.49160159,213.48040371,0.0,30.49720053,30.49720053,30.497200530000004,0.0,2.0,3.0,7.0,S0_baseline
7077.0,0.0,115.0345017,345.1035051,805.2415119000001,0.0,115.0345017,115.0345017,115.0345017,0.0,1.0,3.0,7.0,S0_baseline
7118.0,0.0,136.2853351,204.42800265,613.2840079499999,0.0,68.14266755,68.14266755,68.14266755,0.0,2.0,3.0,9.0,S0_baseline
7139.0,0.0,73.77939753,221.33819259,516.45578271,0.0,73.77939753,73.77939753,73.77939753,0.0,1.0,3.0,7.0,S0_baseline
7198.0,0.0,476.7834084,476.7834084,1311.1543731,0.0,119.1958521,158.9278028,145.68381923333334,0.0,4.0,3.0,9.0,S0_baseline
7207.0,0.0,1253.8036084,1253.8036084,3761.4108252,0.0,417.9345361333333,417.9345361333333,376.14108252,0.0,3.0,3.0,10.0,S0_baseline
7218.0,0.0,854.8401354,854.8401354,2564.5204062000003,0.0,284.9467118,284.9467118,284.9467118,0.0,3.0,3.0,9.0,S0_baseline
7220.0,0.0,354.086961,472.115948,1534.376831,0.0,118.028987,157.37198266666667,139.48880281818182,0.0,3.0,3.0,11.0,S0_baseline
7222.0,0.0,164.93097876,329.86195752,907.12038318,0.0,82.46548938,109.95398584,100.79115368666666,0.0,2.0,3.0,9.0,S0_baseline
7241.0,0.0,199.98160726,299.97241089,799.92642904,0.0,99.99080363,99.99080363,99.99080363,0.0,2.0,3.0,8.0,S0_baseline
7298.0,0.0,122.30955852,122.30955852,326.15882272,0.0,40.76985284,40.76985284,40.76985284,0.0,3.0,3.0,8.0,S0_baseline
7301.0,0.0,101.158136,151.737204,404.632544,0.0,50.579068,50.579068,50.579068,0.0,2.0,3.0,8.0,S0_baseline
7310.0,0.0,95.86677928,191.73355856,431.40050676,0.0,47.93338964,63.91118618666667,61.62864382285714,0.0,2.0,3.0,7.0,S0_baseline
7636.0,0.0,86.73170708,173.46341416,346.92682832,0.0,86.73170708,86.73170708,86.73170708,0.0,1.0,2.0,4.0,S0_baseline
7894.0,0.0,39.97340738,119.92022214,239.84044428,0.0,39.97340738,39.97340738,47.968088856,0.0,1.0,3.0,5.0,S0_baseline
8088.0,0.0,308.4957708,205.6638472,925.4873124,0.0,154.2478854,102.8319236,132.2124732,0.0,2.0,2.0,7.0,S0_baseline
8239.0,0.0,146.22170266,219.33255399,584.88681064,0.0,73.11085133,73.11085133,83.55525866285714,0.0,2.0,3.0,7.0,S0_baseline
8729.0,0.0,155.8968112,155.8968112,389.742028,0.0,77.9484056,77.9484056,77.9484056,0.0,2.0,2.0,5.0,S0_baseline
9076.0,0.0,0.0,118.38075175,94.7046014,0.0,0.0,29.5951879375,23.67615035,0.0,0.0,4.0,4.0,S0_baseline
9407.0,0.0,0.0,201.95275524,252.44094405,0.0,0.0,50.48818881,50.48818881,0.0,0.0,4.0,5.0,S0_baseline
9412.0,0.0,0.0,222.8680412,167.1510309,0.0,0.0,55.7170103,55.7170103,0.0,0.0,4.0,3.0,S0_baseline
9631.0,0.0,0.0,226.37156038,226.37156038,0.0,0.0,45.274312076,45.274312076,0.0,0.0,5.0,5.0,S0_baseline
9637.0,0.0,0.0,126.48804675,126.48804675,0.0,0.0,25.29760935,25.29760935,0.0,0.0,5.0,5.0,S0_baseline
9669.0,0.0,0.0,104.07821226,121.42458097,0.0,0.0,26.019553065,24.284916194,0.0,0.0,4.0,5.0,S0_baseline
10001.0,26.85361627,0.0,80.56084881,107.41446508,26.85361627,0.0,26.85361627,26.85361627,1.0,0.0,3.0,4.0,S0_baseline
10024.0,44.69692538,0.0,134.09077614,178.78770152,44.69692538,0.0,44.69692538,44.69692538,1.0,0.0,3.0,4.0,S0_baseline
10262.0,162.6944907,162.6944907,488.0834721,650.7779628,162.6944907,162.6944907,162.6944907,162.6944907,1.0,1.0,3.0,4.0,S0_baseline
10383.0,29.35811764,0.0,58.71623528,117.43247056,29.35811764,0.0,29.35811764,29.35811764,1.0,0.0,2.0,4.0,S0_baseline
10386.0,92.8107877,0.0,278.43236310000003,371.2431508,92.8107877,0.0,92.8107877,92.8107877,1.0,0.0,3.0,4.0,S0_baseline
10595.0,28.13179208,0.0,112.52716832,112.52716832,28.13179208,0.0,28.13179208,28.13179208,1.0,0.0,4.0,4.0,S0_baseline
10655.0,24.23221065,24.23221065,72.69663195,96.9288426,24.23221065,24.23221065,24.23221065,24.23221065,1.0,1.0,3.0,4.0,S0_baseline
11471.0,17.87121228,0.0,53.613636840000005,71.48484912,17.87121228,0.0,17.87121228,17.87121228,1.0,0.0,3.0,4.0,S0_baseline
12761.0,17.17108794,0.0,51.51326382,85.8554397,17.17108794,0.0,17.17108794,17.17108794,1.0,0.0,3.0,5.0,S0_baseline
13846.0,44.18352772,132.55058316,132.55058316,353.46822176,44.18352772,44.18352772,44.18352772,44.18352772,1.0,3.0,3.0,8.0,S0_baseline
13941.0,18.13554901,0.0,54.40664703,108.81329406,18.13554901,0.0,18.13554901,18.13554901,1.0,0.0,3.0,6.0,S0_baseline
13975.0,81.46446396,244.39339188,407.3223198,651.71571168,81.46446396,81.46446396,81.46446396,81.46446396,1.0,3.0,5.0,8.0,S0_baseline
14014.0,19.2270781,38.4541562,76.9083124,134.5895467,19.2270781,19.2270781,19.2270781,19.2270781,1.0,2.0,4.0,7.0,S0_baseline
14208.0,188.5793055,377.158611,1508.634444,1508.634444,188.5793055,188.5793055,188.5793055,188.5793055,1.0,2.0,8.0,8.0,S0_baseline
14249.0,82.10226428,82.10226428,492.61358568,656.81811424,82.10226428,82.10226428,82.10226428,82.10226428,1.0,1.0,6.0,8.0,S0_baseline
14284.0,309.4948621,618.9897242,1856.9691726,2475.9588968,309.4948621,309.4948621,309.4948621,309.4948621,1.0,2.0,6.0,8.0,S0_baseline
14316.0,205.3311357,410.6622714,1026.6556785,1642.6490856,205.3311357,205.3311357,205.3311357,205.3311357,1.0,2.0,5.0,8.0,S0_baseline
14319.0,1422.6204615,474.2068205,2845.240923,4742.068205,711.31023075,474.2068205,474.2068205,526.8964672222222,2.0,1.0,6.0,9.0,S0_baseline
14334.0,488.9373648,244.4686824,977.8747296,1711.2807768,244.4686824,244.4686824,244.4686824,244.4686824,2.0,1.0,4.0,7.0,S0_baseline
14341.0,233.2875846,233.2875846,583.2189615,1166.437923,233.2875846,116.6437923,116.6437923,129.60421366666665,1.0,2.0,5.0,9.0,S0_baseline
14373.0,147.2720785,294.544157,883.6324709999999,1325.4487064999998,147.2720785,147.2720785,147.2720785,165.68108831249998,1.0,2.0,6.0,8.0,S0_baseline
14374.0,106.0808162,212.1616324,424.3232648,742.5657134,106.0808162,106.0808162,106.0808162,106.0808162,1.0,2.0,4.0,7.0,S0_baseline
14444.0,53.96331922,53.96331922,161.88995766,215.85327688,53.96331922,53.96331922,53.96331922,53.96331922,1.0,1.0,3.0,4.0,S0_baseline
14468.0,0.0,31.69328132,110.92648462,142.61976594,0.0,15.84664066,15.84664066,15.84664066,0.0,2.0,7.0,9.0,S0_baseline
14490.0,57.74264659,57.74264659,173.22793977,346.45587954,57.74264659,57.74264659,57.74264659,57.74264659,1.0,1.0,3.0,6.0,S0_baseline
14505.0,0.0,355.1720172,887.9300430000001,1598.2740774,0.0,177.5860086,177.5860086,177.5860086,0.0,2.0,5.0,9.0,S0_baseline
14517.0,193.6850796,968.425398,968.425398,1549.4806368,193.6850796,242.1063495,193.6850796,221.35437668571427,1.0,4.0,5.0,7.0,S0_baseline
14540.0,28.89890123,28.89890123,86.69670368999999,115.59560492,28.89890123,28.89890123,28.89890123,28.89890123,1.0,1.0,3.0,4.0,S0_baseline
14546.0,0.0,21.28909132,63.867273960000006,127.73454792,0.0,21.28909132,21.28909132,21.28909132,0.0,1.0,3.0,6.0,S0_baseline
14560.0,0.0,142.45618624,427.36855872,925.96521056,0.0,71.22809312,71.22809312,71.22809312,0.0,2.0,6.0,13.0,S0_baseline
14812.0,0.0,135.37754844,225.6292474,270.75509688,0.0,45.12584948,45.12584948,45.12584948,0.0,3.0,5.0,6.0,S0_baseline
14862.0,189.2400916,378.4801832,1135.4405496,1324.6806412,189.2400916,189.2400916,189.2400916,189.2400916,1.0,2.0,6.0,7.0,S0_baseline
14881.0,19.98500897,39.97001794,119.91005382,139.89506279,19.98500897,19.98500897,19.98500897,19.98500897,1.0,2.0,6.0,7.0,S0_baseline
14892.0,136.0053637,408.0160911,544.0214548,952.0375459,136.0053637,204.00804555,136.0053637,136.0053637,1.0,2.0,4.0,7.0,S0_baseline
14898.0,192.6695493,385.3390986,1156.0172958,1348.6868451,192.6695493,192.6695493,192.6695493,192.6695493,1.0,2.0,6.0,7.0,S0_baseline
14899.0,159.9377772,319.8755544,959.6266632,1119.5644404,159.9377772,159.9377772,159.9377772,159.9377772,1.0,2.0,6.0,7.0,S0_baseline
14902.0,745.6328827,1491.2657654,2982.5315308,5219.4301789,745.6328827,1491.2657654,745.6328827,745.6328827,1.0,1.0,4.0,7.0,S0_baseline
14905.0,165.6329751,331.2659502,993.7978506,1159.4308257,165.6329751,165.6329751,165.6329751,165.6329751,1.0,2.0,6.0,7.0,S0_baseline
14912.0,191.3204064,191.3204064,765.2816256,1339.2428448,191.3204064,191.3204064,191.3204064,191.3204064,1.0,1.0,4.0,7.0,S0_baseline
14922.0,277.4612552,277.4612552,1109.8450208,1942.2287864,277.4612552,277.4612552,277.4612552,277.4612552,1.0,1.0,4.0,7.0,S0_baseline
14930.0,273.5266571,273.5266571,1094.1066284,1914.6865997,273.5266571,273.5266571,273.5266571,273.5266571,1.0,1.0,4.0,7.0,S0_baseline
14933.0,475.1266332,475.1266332,1900.5065328,3325.8864324,475.1266332,475.1266332,475.1266332,475.1266332,1.0,1.0,4.0,7.0,S0_baseline
14937.0,254.2485104,254.2485104,762.7455312,1271.242552,254.2485104,254.2485104,254.2485104,254.2485104,1.0,1.0,3.0,5.0,S0_baseline
14946.0,237.9606641,237.9606641,951.8426564,1665.7246487,237.9606641,237.9606641,237.9606641,237.9606641,1.0,1.0,4.0,7.0,S0_baseline
14985.0,660.0926934,660.0926934,1980.2780802,2310.3244269,330.0463467,330.0463467,330.0463467,330.0463467,2.0,2.0,6.0,7.0,S0_baseline
15070.0,54.86343673,0.0,384.04405711,493.77093057,54.86343673,0.0,76.80881142199999,70.53870436714286,1.0,0.0,5.0,7.0,S0_baseline
15254.0,21.34811001,0.0,85.39244004,149.43677007,21.34811001,0.0,21.34811001,21.34811001,1.0,0.0,4.0,7.0,S0_baseline
15272.0,16.71382678,0.0,83.56913390000001,116.99678746,16.71382678,0.0,16.71382678,16.71382678,1.0,0.0,5.0,7.0,S0_baseline
15289.0,19.52003312,0.0,117.12019872,136.64023184,19.52003312,0.0,19.52003312,19.52003312,1.0,0.0,6.0,7.0,S0_baseline
15292.0,57.58926925,0.0,345.5356155,403.12488475,57.58926925,0.0,57.58926925,57.58926925,1.0,0.0,6.0,7.0,S0_baseline
15293.0,42.76502704,0.0,256.59016224,299.35518928,42.76502704,0.0,42.76502704,42.76502704,1.0,0.0,6.0,7.0,S0_baseline
15294.0,21.15007926,0.0,105.7503963,126.90047556,21.15007926,0.0,21.15007926,21.15007926,1.0,0.0,5.0,6.0,S0_baseline
15297.0,22.18650997,0.0,155.30556979,155.30556979,22.18650997,0.0,22.18650997,22.18650997,1.0,0.0,7.0,7.0,S0_baseline
15301.0,31.08953845,0.0,217.62676915,217.62676915,31.08953845,0.0,31.08953845,31.08953845,1.0,0.0,7.0,7.0,S0_baseline
15597.0,26.57085116,0.0,212.56680928,239.13766044,26.57085116,0.0,35.427801546666664,34.16252292,1.0,0.0,6.0,7.0,S0_baseline
15866.0,91.18703196,273.56109588,273.56109588,638.30922372,91.18703196,91.18703196,91.18703196,91.18703196,1.0,3.0,3.0,7.0,S0_baseline
15960.0,328.8297276,0.0,328.8297276,1150.9040466,164.4148638,0.0,164.4148638,164.4148638,2.0,0.0,2.0,7.0,S0_baseline
16032.0,2491.1697499,766.5137692,766.5137692,1916.284423,207.5974791583333,191.6284423,191.6284423,212.9204914444444,12.0,4.0,4.0,9.0,S0_baseline
16066.0,258.2794572,0.0,1291.397286,2324.5151148000004,258.2794572,0.0,258.2794572,290.56438935000006,1.0,0.0,5.0,8.0,S0_baseline
16169.0,850.4369278,850.4369278,1700.8738556,3401.7477112,425.2184639,425.2184639,425.2184639,425.2184639,2.0,2.0,4.0,8.0,S0_baseline
16176.0,494.5441138,494.5441138,1730.9043983,2472.720569,247.2720569,247.2720569,346.18087966,309.090071125,2.0,2.0,5.0,8.0,S0_baseline
16277.0,79.7184284,0.0,239.1552852,558.0289988,79.7184284,0.0,79.7184284,79.7184284,1.0,0.0,3.0,7.0,S0_baseline
16284.0,143.9939588,0.0,575.9758352,1007.9577116,143.9939588,0.0,143.9939588,143.9939588,1.0,0.0,4.0,7.0,S0_baseline
16299.0,129.8847188,0.0,389.6541564,909.1930316,129.8847188,0.0,129.8847188,129.8847188,1.0,0.0,3.0,7.0,S0_baseline
16332.0,86.91733351,0.0,260.75200053000003,521.5040010600001,86.91733351,0.0,86.91733351,86.91733351,1.0,0.0,3.0,6.0,S0_baseline
16350.0,380.4826732,0.0,1902.413366,2282.8960392,380.4826732,0.0,380.4826732,380.4826732,1.0,0.0,5.0,6.0,S0_baseline
16353.0,62.71921622,0.0,250.87686488,376.31529732,62.71921622,0.0,62.71921622,62.71921622,1.0,0.0,4.0,6.0,S0_baseline
16402.0,191.3260432,0.0,573.9781296,1147.9562592,191.3260432,0.0,191.3260432,191.3260432,1.0,0.0,3.0,6.0,S0_baseline
16419.0,121.6827877,0.0,486.7311508,730.0967262,121.6827877,0.0,121.6827877,121.6827877,1.0,0.0,4.0,6.0,S0_baseline
16426.0,64.29758113,0.0,128.59516226,385.78548678,64.29758113,0.0,64.29758113,64.29758113,1.0,0.0,2.0,6.0,S0_baseline
16471.0,58.94418789,0.0,176.83256367,412.60931523,58.94418789,0.0,58.94418789,58.94418789,1.0,0.0,3.0,7.0,S0_baseline
16497.0,64.84253623,0.0,129.68507246,389.05521737999993,64.84253623,0.0,64.84253623,64.84253623,1.0,0.0,2.0,6.0,S0_baseline
16561.0,113.2987153,0.0,339.8961459,679.7922917999999,113.2987153,0.0,113.29871529999998,113.29871529999998,1.0,0.0,3.0,6.0,S0_baseline
16568.0,64.59042622,0.0,387.54255732,387.54255732,64.59042622,0.0,64.59042622,64.59042622,1.0,0.0,6.0,6.0,S0_baseline
16601.0,88.36120442,0.0,265.08361326,530.16722652,88.36120442,0.0,88.36120441999999,88.36120441999999,1.0,0.0,3.0,6.0,S0_baseline
16624.0,37.19781712,0.0,148.79126848,223.18690272000003,37.19781712,0.0,37.19781712,37.19781712,1.0,0.0,4.0,6.0,S0_baseline
16666.0,152.453827,152.453827,304.907654,1067.176789,152.453827,152.453827,152.453827,152.453827,1.0,1.0,2.0,7.0,S0_baseline
16750.0,51.26671793,0.0,205.06687172,512.6671793,51.26671793,0.0,51.26671793,56.96301992222223,1.0,0.0,4.0,9.0,S0_baseline
16796.0,92.10457494,0.0,276.31372482,644.73202458,92.10457494,0.0,92.10457494,92.10457494,1.0,0.0,3.0,7.0,S0_baseline
16824.0,31.37332921,0.0,62.74665842,219.61330447,31.37332921,0.0,31.37332921,31.37332921,1.0,0.0,2.0,7.0,S0_baseline
16877.0,80.69723528,0.0,322.78894112,564.88064696,80.69723528,0.0,80.69723528,80.69723528,1.0,0.0,4.0,7.0,S0_baseline
16958.0,68.17833567,0.0,272.71334268,477.24834969,68.17833567,0.0,68.17833567,68.17833567,1.0,0.0,4.0,7.0,S0_baseline
16999.0,0.0,0.0,186.637821,373.275642,0.0,0.0,62.212607,62.212607,0.0,0.0,3.0,6.0,S0_baseline
17102.0,0.0,0.0,211.0766706,369.38417355,0.0,0.0,52.76916765,52.76916765,0.0,0.0,4.0,7.0,S0_baseline
17107.0,0.0,0.0,245.22249624,429.13936842,0.0,0.0,61.30562406,61.30562406,0.0,0.0,4.0,7.0,S0_baseline
17181.0,68.45518839,0.0,136.91037678,479.18631873,68.45518839,0.0,68.45518839,68.45518839,1.0,0.0,2.0,7.0,S0_baseline
17184.0,81.96952825,0.0,163.9390565,573.78669775,81.96952825,0.0,81.96952825,81.96952825000001,1.0,0.0,2.0,7.0,S0_baseline
17198.0,0.0,0.0,197.39936344,444.14856774,0.0,0.0,49.34984086,55.5185709675,0.0,0.0,4.0,8.0,S0_baseline
17205.0,0.0,0.0,818.2295177999999,1363.715863,0.0,0.0,136.3715863,151.52398477777777,0.0,0.0,6.0,9.0,S0_baseline
17242.0,0.0,0.0,224.05141936,504.11569356,0.0,0.0,56.01285484,63.014461695,0.0,0.0,4.0,8.0,S0_baseline
17251.0,0.0,0.0,179.9351277,419.8486313,0.0,0.0,59.9783759,59.9783759,0.0,0.0,3.0,7.0,S0_baseline
17327.0,0.0,0.0,157.85871708,473.57615124,0.0,0.0,52.61957236,52.61957236,0.0,0.0,3.0,9.0,S0_baseline
17423.0,57.4837768,0.0,229.9351072,459.8702144,57.4837768,0.0,57.4837768,65.69574491428571,1.0,0.0,4.0,7.0,S0_baseline
17499.0,0.0,0.0,302.01342168,604.02684336,0.0,0.0,75.50335542,86.28954905142858,0.0,0.0,4.0,7.0,S0_baseline
17517.0,0.0,0.0,237.31686895,305.12168865,0.0,0.0,33.90240985,38.14021108125,0.0,0.0,7.0,8.0,S0_baseline
17528.0,0.0,0.0,131.68971928,296.30186838,0.0,0.0,32.92242982,37.0377335475,0.0,0.0,4.0,8.0,S0_baseline
17542.0,0.0,0.0,121.38828204,212.42949357,0.0,0.0,30.34707051,30.34707051,0.0,0.0,4.0,7.0,S0_baseline
17608.0,0.0,0.0,270.41184174,360.54912232,0.0,0.0,45.06864029,51.50701747428571,0.0,0.0,6.0,7.0,S0_baseline
17610.0,0.0,0.0,173.22245886000002,461.92655696,0.0,0.0,57.74081962,57.74081962,0.0,0.0,3.0,8.0,S0_baseline
17648.0,82.0978751,0.0,328.3915004,492.5872506,82.0978751,0.0,82.0978751,82.0978751,1.0,0.0,4.0,6.0,S0_baseline
17696.0,0.0,0.0,300.07571132,675.1703504699999,0.0,0.0,75.01892783,75.01892783,0.0,0.0,4.0,9.0,S0_baseline
17736.0,0.0,0.0,171.17834216,342.35668432,0.0,0.0,42.79458554,48.90809776,0.0,0.0,4.0,7.0,S0_baseline
17822.0,0.0,0.0,179.4500551,287.12008816,0.0,0.0,35.89001102,41.01715545142857,0.0,0.0,5.0,7.0,S0_baseline
17907.0,0.0,255.130738,1530.784428,2296.176642,0.0,255.130738,255.130738,255.130738,0.0,1.0,6.0,9.0,S0_baseline
17976.0,0.0,503.7704568,1511.3113704,2770.7375124,0.0,503.7704568,251.8852284,277.07375124,0.0,1.0,6.0,10.0,S0_baseline
18325.0,0.0,355.3898489,2132.3390934,3553.898489,0.0,355.3898489,355.3898489,355.3898489,0.0,1.0,6.0,10.0,S0_baseline
18326.0,0.0,346.8537309,2427.9761163000003,3468.5373090000003,0.0,346.8537309,346.8537309,346.8537309,0.0,1.0,7.0,10.0,S0_baseline
18415.0,0.0,135.6473325,949.5313275,1356.473325,0.0,135.6473325,135.6473325,135.6473325,0.0,1.0,7.0,10.0,S0_baseline
18430.0,0.0,190.9284186,1336.4989302,1909.284186,0.0,190.9284186,190.9284186,190.9284186,0.0,1.0,7.0,10.0,S0_baseline
18464.0,0.0,84.50230029,591.51610203,845.0230028999999,0.0,84.50230029,84.50230029,84.50230029,0.0,1.0,7.0,10.0,S0_baseline
18513.0,0.0,76.46656017,535.26592119,764.6656016999999,0.0,76.46656017,76.46656017,76.46656017,0.0,1.0,7.0,10.0,S0_baseline
18525.0,0.0,75.98987105,531.92909735,759.8987105000001,0.0,75.98987105,75.98987105,75.98987105,0.0,1.0,7.0,10.0,S0_baseline
18571.0,0.0,78.35401574,548.4781101799999,861.8941731399999,0.0,78.35401574,78.35401574,86.189417314,0.0,1.0,7.0,10.0,S0_baseline
18601.0,0.0,159.5026283,1116.5183981,1595.026283,0.0,159.5026283,159.5026283,159.5026283,0.0,1.0,7.0,10.0,S0_baseline
18612.0,0.0,107.7546316,754.2824211999999,1185.3009476,0.0,107.7546316,107.7546316,118.53009476,0.0,1.0,7.0,10.0,S0_baseline
18666.0,0.0,173.6417098,1215.4919686,2083.7005176,0.0,173.6417098,173.6417098,208.37005176,0.0,1.0,7.0,10.0,S0_baseline
18668.0,0.0,230.7585687,1615.3099809,2307.585687,0.0,230.7585687,230.7585687,230.7585687,0.0,1.0,7.0,10.0,S0_baseline
18728.0,0.0,116.9253427,701.5520562,1169.253427,0.0,116.9253427,116.9253427,116.92534270000002,0.0,1.0,6.0,10.0,S0_baseline
18740.0,0.0,99.55232201,696.86625407,995.5232201,0.0,99.55232201,99.55232201,99.55232201,0.0,1.0,7.0,10.0,S0_baseline
18771.0,0.0,114.7808833,688.6852997999999,1147.808833,0.0,114.7808833,114.7808833,143.476104125,0.0,1.0,6.0,8.0,S0_baseline
18774.0,0.0,112.5315315,675.1891889999999,900.252252,0.0,112.5315315,112.5315315,112.5315315,0.0,1.0,6.0,8.0,S0_baseline
18783.0,0.0,224.6661078,1572.6627546,2246.661078,0.0,224.6661078,224.6661078,224.6661078,0.0,1.0,7.0,10.0,S0_baseline
18818.0,0.0,191.1067895,1337.7475264999998,1911.067895,0.0,191.1067895,191.1067895,191.1067895,0.0,1.0,7.0,10.0,S0_baseline
18887.0,0.0,0.0,462.6101157000001,693.9151735500001,0.0,0.0,77.10168595,77.10168595,0.0,0.0,6.0,9.0,S0_baseline
18890.0,0.0,0.0,825.0479621999999,1237.5719433,0.0,0.0,137.5079937,137.5079937,0.0,0.0,6.0,9.0,S0_baseline
18926.0,0.0,107.7700434,646.6202604,1185.4704774000002,0.0,107.7700434,107.7700434,131.71894193333335,0.0,1.0,6.0,9.0,S0_baseline
18955.0,0.0,0.0,1036.1997564,1554.2996346,0.0,0.0,172.6999594,172.6999594,0.0,0.0,6.0,9.0,S0_baseline
18972.0,0.0,0.0,702.3308716,1755.827179,0.0,0.0,175.5827179,219.478397375,0.0,0.0,4.0,8.0,S0_baseline
18999.0,0.0,0.0,1427.6548662,1903.5398216,0.0,0.0,237.9424777,237.9424777,0.0,0.0,6.0,8.0,S0_baseline
19062.0,0.0,0.0,595.9104600000001,893.86569,0.0,0.0,99.31841,111.73321125,0.0,0.0,6.0,8.0,S0_baseline
19258.0,628.315017,0.0,1884.945051,3141.575085,628.315017,0.0,628.315017,628.315017,1.0,0.0,3.0,5.0,S0_baseline
19324.0,0.0,0.0,258.743613,431.2393550000001,0.0,0.0,86.24787099999999,86.247871,0.0,0.0,3.0,5.0,S0_baseline
19375.0,0.0,0.0,398.6098956,664.349826,0.0,0.0,132.8699652,132.8699652,0.0,0.0,3.0,5.0,S0_baseline
19412.0,154.6945115,0.0,464.0835345,773.4725575,154.6945115,0.0,154.6945115,154.6945115,1.0,0.0,3.0,5.0,S0_baseline
19510.0,209.2295662,209.2295662,1464.6069634,2092.295662,209.2295662,209.2295662,292.92139268,261.53695775,1.0,1.0,5.0,8.0,S0_baseline
19585.0,554.0710554,0.0,3324.4263324,6094.7816094,554.0710554,0.0,831.1065831,677.1979566,1.0,0.0,4.0,9.0,S0_baseline
19610.0,146.2078212,0.0,731.0391060000001,1462.078212,146.2078212,0.0,146.2078212,162.45313466666667,1.0,0.0,5.0,9.0,S0_baseline
19629.0,252.2451346,252.2451346,1008.9805384,1765.7159422,252.2451346,252.2451346,252.2451346,252.2451346,1.0,1.0,4.0,7.0,S0_baseline
19689.0,167.9165555,0.0,1175.4158885,1847.0821105,167.9165555,0.0,235.0831777,205.2313456111111,1.0,0.0,5.0,9.0,S0_baseline
19693.0,235.1408808,0.0,1645.9861655999998,2586.5496888,235.1408808,0.0,329.19723312,287.39440986666665,1.0,0.0,5.0,9.0,S0_baseline
19709.0,392.8528252,0.0,785.7056504,1767.8377134,392.8528252,0.0,196.4264126,196.4264126,1.0,0.0,4.0,9.0,S0_baseline
19713.0,325.0952341,0.0,1300.3809364,2925.8571069000004,325.0952341,0.0,325.0952341,325.0952341,1.0,0.0,4.0,9.0,S0_baseline
19727.0,299.3496676,0.0,1496.748338,1796.0980056,299.3496676,0.0,299.3496676,299.3496676,1.0,0.0,5.0,6.0,S0_baseline
19783.0,310.8050199,0.0,1554.0250995,2486.4401592,310.8050199,0.0,310.8050199,355.20573702857143,1.0,0.0,5.0,7.0,S0_baseline
19795.0,385.9812145,0.0,1929.9060725,1929.9060725,385.9812145,0.0,385.9812145,385.9812145,1.0,0.0,5.0,5.0,S0_baseline
19825.0,143.5168553,0.0,717.5842765,1148.1348424,143.5168553,0.0,143.5168553,143.5168553,1.0,0.0,5.0,8.0,S0_baseline
19854.0,91.05001636,91.05001636,455.2500818,819.45014724,91.05001636,91.05001636,91.05001636,91.05001636,1.0,1.0,5.0,9.0,S0_baseline
19861.0,104.442056,104.442056,522.21028,939.978504,104.442056,104.442056,104.442056,104.442056,1.0,1.0,5.0,9.0,S0_baseline
20032.0,62.88634098,0.0,314.4317049,314.4317049,62.88634098,0.0,62.88634098,62.88634098,1.0,0.0,5.0,5.0,S0_baseline
20036.0,105.5104717,0.0,527.5523585,527.5523585,105.5104717,0.0,105.5104717,105.5104717,1.0,0.0,5.0,5.0,S0_baseline
20109.0,0.0,0.0,155.99949372,194.99936715,0.0,0.0,38.99987343,38.99987343,0.0,0.0,4.0,5.0,S0_baseline
20178.0,0.0,0.0,153.14277072,267.99984876,0.0,0.0,38.28569268,38.28569268,0.0,0.0,4.0,7.0,S0_baseline
20347.0,0.0,0.0,81.92432952,218.46487872,0.0,0.0,27.30810984,27.30810984,0.0,0.0,3.0,8.0,S0_baseline
20384.0,0.0,0.0,89.56242311999999,208.97898728,0.0,0.0,29.85414104,29.85414104,0.0,0.0,3.0,7.0,S0_baseline
20406.0,0.0,0.0,986.3996994,2301.5992986,0.0,0.0,328.7998998,328.7998998,0.0,0.0,3.0,7.0,S0_baseline
20548.0,0.0,0.0,483.9242748,1290.4647328,0.0,0.0,161.3080916,184.3521046857143,0.0,0.0,3.0,7.0,S0_baseline
20580.0,473.7204461,473.7204461,1894.8817844,4263.4840149,473.7204461,473.7204461,473.7204461,473.7204461,1.0,1.0,4.0,9.0,S0_baseline
20629.0,33.3455484,33.3455484,333.455484,533.5287744,33.3455484,33.3455484,41.6819355,41.04067495384615,1.0,1.0,8.0,13.0,S0_baseline
20640.0,235.5395631,235.5395631,1884.3165048,3062.0143203,235.5395631,235.5395631,314.0527508,278.3649382090909,1.0,1.0,6.0,11.0,S0_baseline
20705.0,151.7485544,0.0,758.742772,1062.2398807999998,151.7485544,0.0,151.7485544,151.74855439999996,1.0,0.0,5.0,7.0,S0_baseline
20803.0,0.0,0.0,348.64176508,435.80220635,0.0,0.0,87.16044127,87.16044127,0.0,0.0,4.0,5.0,S0_baseline
20826.0,77.63063384,38.81531692,271.70721844,426.96848612,38.81531692,38.81531692,38.81531692,38.81531692,2.0,1.0,7.0,11.0,S0_baseline
20858.0,42.26621196,0.0,211.3310598,253.59727176,42.26621196,0.0,42.26621196,42.26621196,1.0,0.0,5.0,6.0,S0_baseline
20867.0,70.8732929,0.0,354.3664645,425.2397574,70.8732929,0.0,70.8732929,70.8732929,1.0,0.0,5.0,6.0,S0_baseline
20872.0,105.3418731,0.0,421.3674924,632.0512386,105.3418731,0.0,105.3418731,105.3418731,1.0,0.0,4.0,6.0,S0_baseline
20910.0,108.4581364,0.0,325.3744092,650.7488184,108.4581364,0.0,108.4581364,108.4581364,1.0,0.0,3.0,6.0,S0_baseline
20955.0,0.0,0.0,286.14515356,357.68144195,0.0,0.0,71.53628839,71.53628839,0.0,0.0,4.0,5.0,S0_baseline
20958.0,0.0,0.0,322.9123335,538.1872225,0.0,0.0,107.6374445,107.6374445,0.0,0.0,3.0,5.0,S0_baseline
21019.0,105.2461887,105.2461887,526.2309435,631.4771322,105.2461887,105.2461887,105.2461887,105.2461887,1.0,1.0,5.0,6.0,S0_baseline
21104.0,311.2887262,311.2887262,1089.5105417,1712.0879940999998,155.6443631,155.6443631,217.90210834,190.23199934444443,2.0,2.0,5.0,9.0,S0_baseline
21207.0,72.89095226,0.0,218.67285678,364.4547613,36.44547613,0.0,54.668214195,45.5568451625,2.0,0.0,4.0,8.0,S0_baseline
21349.0,70.99040042,0.0,496.93280294,638.91360378,70.99040042,0.0,70.99040042,79.8642004725,1.0,0.0,7.0,8.0,S0_baseline
22064.0,61.89243319,0.0,433.24703233,618.9243319,61.89243319,0.0,72.20783872166666,61.89243319,1.0,0.0,6.0,10.0,S0_baseline
22126.0,0.0,0.0,1054.4139768,2372.4314478,0.0,0.0,263.6034942,263.6034942,0.0,0.0,4.0,9.0,S0_baseline
22240.0,60.05352499,0.0,240.21409996,480.42819992,60.05352499,0.0,60.05352499,60.05352499,1.0,0.0,4.0,8.0,S0_baseline
22532.0,206.5385382,0.0,826.1541528,1652.3083056,206.5385382,0.0,206.5385382,206.5385382,1.0,0.0,4.0,8.0,S0_baseline
23254.0,122.63753082,122.63753082,367.91259246,490.55012328,61.31876541,61.31876541,61.31876541,61.31876541,2.0,2.0,6.0,8.0,S0_baseline
23321.0,42.95186896,42.95186896,193.28341032,257.71121376,21.47593448,21.47593448,27.61191576,28.634579306666662,2.0,2.0,7.0,9.0,S0_baseline
23333.0,50.18688496,87.82704868,225.84098232,301.12130976000003,25.09344248,29.275682893333336,32.26299747428571,30.112130976000003,2.0,3.0,7.0,10.0,S0_baseline
23346.0,57.90814552,57.90814552,144.77036379999998,260.58665484,28.95407276,28.95407276,28.954072759999995,32.573331855,2.0,2.0,5.0,8.0,S0_baseline
23413.0,51.05275104,51.05275104,153.15825311999998,255.2637552,25.52637552,25.52637552,25.52637552,25.52637552,2.0,2.0,6.0,10.0,S0_baseline
23433.0,66.7354768,100.1032152,200.2064304,333.677384,33.3677384,33.3677384,33.3677384,33.3677384,2.0,3.0,6.0,10.0,S0_baseline
23471.0,58.1324443,58.1324443,145.33111075,290.6622215,29.06622215,29.06622215,29.06622215,29.06622215,2.0,2.0,5.0,10.0,S0_baseline
23473.0,49.42272806,49.42272806,123.55682015,247.1136403,24.71136403,24.71136403,24.71136403,24.71136403,2.0,2.0,5.0,10.0,S0_baseline
23479.0,49.4650219,49.4650219,123.66255475,272.05762045,24.73251095,24.73251095,24.73251095,24.73251095,2.0,2.0,5.0,11.0,S0_baseline
23486.0,86.010948,86.010948,172.021896,387.049266,43.005474,43.005474,43.005474,43.005474,2.0,2.0,4.0,9.0,S0_baseline
23584.0,54.32211782,81.48317673,108.64423564,271.6105891,27.16105891,27.16105891,27.16105891,27.16105891,2.0,3.0,4.0,10.0,S0_baseline
23589.0,65.94128328,131.88256656,197.82384984,362.67705804,32.97064164,32.97064164,49.45596246,40.29745089333333,2.0,4.0,4.0,9.0,S0_baseline
23591.0,43.85230674,65.77846011,131.55692022,263.11384044,21.92615337,21.92615337,32.889230055,29.23487116,2.0,3.0,4.0,9.0,S0_baseline
23598.0,54.94951876,109.89903752,109.89903752,329.69711256,27.47475938,27.47475938,27.47475938,29.972464778181816,2.0,4.0,4.0,11.0,S0_baseline
23616.0,389.7303506,779.4607012,779.4607012,2338.3821036,194.8651753,259.82023373333334,194.8651753,194.8651753,2.0,3.0,4.0,12.0,S0_baseline
23625.0,778.854513,2336.563539,1557.709026,5062.5543345,389.4272565,584.1408847499999,389.4272565,421.879527875,2.0,4.0,4.0,12.0,S0_baseline
23644.0,603.2550204,603.2550204,1508.137551,3619.5301224,301.6275102,301.6275102,377.03438775,301.6275102,2.0,2.0,4.0,12.0,S0_baseline
23648.0,530.4470242,795.6705363,1856.5645847,3713.1291694,265.2235121,397.83526815,464.141146175,337.55719721818184,2.0,2.0,4.0,11.0,S0_baseline
23653.0,1471.9131988,1471.9131988,2943.8263976,7359.565994,735.9565994,735.9565994,735.9565994,735.9565994,2.0,2.0,4.0,10.0,S0_baseline
23657.0,1226.0751176,1839.1126764,2452.1502352,4904.3004704,613.0375588,919.5563382,613.0375588,613.0375588,2.0,2.0,4.0,8.0,S0_baseline
23707.0,518.9135566,259.4567783,1816.1974481,3372.9381179,259.4567783,259.4567783,454.049362025,374.7709019888889,2.0,1.0,4.0,9.0,S0_baseline
23728.0,127.1950774,127.1950774,508.7803096,1399.1458514,127.1950774,127.1950774,127.1950774,155.46065015555556,1.0,1.0,4.0,9.0,S0_baseline
23750.0,168.5167037,168.5167037,1179.6169258999998,2696.2672592,168.5167037,168.5167037,294.904231475,269.62672592,1.0,1.0,4.0,10.0,S0_baseline
23792.0,250.3936929,250.3936929,1502.3621574,2253.5432361,250.3936929,250.3936929,375.59053935,281.6929045125,1.0,1.0,4.0,8.0,S0_baseline
23820.0,77.76150522,77.76150522,544.33053654,699.85354698,77.76150522,77.76150522,108.866107308,87.4816933725,1.0,1.0,5.0,8.0,S0_baseline
23821.0,76.43420323,76.43420323,535.03942261,764.3420322999999,76.43420323,76.43420323,107.007884522,95.5427540375,1.0,1.0,5.0,8.0,S0_baseline
23833.0,67.34437353,67.34437353,471.41061471,606.09936177,67.34437353,67.34437353,94.282122942,75.76242022125,1.0,1.0,5.0,8.0,S0_baseline
23885.0,1508.0903654,754.0451827,6786.4066443,9802.5873751,754.0451827,754.0451827,969.4866634714286,816.8822812583334,2.0,1.0,7.0,12.0,S0_baseline
23888.0,1248.1214594,624.0607297,4992.4858376,7488.7287564,624.0607297,624.0607297,832.0809729333333,680.7935233090909,2.0,1.0,6.0,11.0,S0_baseline
24063.0,0.0,65.61564106,459.30948742,590.54076954,0.0,65.61564106,65.61564106,65.61564106,0.0,1.0,7.0,9.0,S0_baseline
25356.0,28.61626736,28.61626736,286.1626736,228.93013888,28.61626736,28.61626736,28.61626736,28.61626736,1.0,1.0,10.0,8.0,S0_baseline
25396.0,33.92351868,33.92351868,339.2351868,271.38814944,33.92351868,33.92351868,33.92351868,33.92351868,1.0,1.0,10.0,8.0,S0_baseline
25510.0,44.38187046,44.38187046,576.96431598,399.43683414,44.38187046,44.38187046,57.696431598,44.38187046,1.0,1.0,10.0,9.0,S0_baseline
25512.0,18.0741831,18.0741831,108.4450986,108.4450986,18.0741831,18.0741831,18.0741831,18.0741831,1.0,1.0,6.0,6.0,S0_baseline
25816.0,54.14574116,54.14574116,270.7287058,595.6031527600001,54.14574116,54.14574116,54.14574116,54.14574116000001,1.0,1.0,5.0,11.0,S0_baseline
25879.0,29.18700725,29.18700725,291.8700725,262.68306525,29.18700725,29.18700725,29.18700725,29.187007250000004,1.0,1.0,10.0,9.0,S0_baseline
25975.0,17.99131791,17.99131791,179.91317909999998,161.92186119,17.99131791,17.99131791,17.99131791,17.99131791,1.0,1.0,10.0,9.0,S0_baseline
26044.0,24.84123095,24.84123095,149.0473857,173.88861665,24.84123095,24.84123095,24.84123095,24.84123095,1.0,1.0,6.0,7.0,S0_baseline
26079.0,0.0,38.26801763,382.6801763,344.41215867000005,0.0,38.26801763,38.26801763,38.26801763,0.0,1.0,10.0,9.0,S0_baseline
26120.0,0.0,55.61622274,556.1622274,500.54600466,0.0,55.61622274,55.61622274,55.61622274,0.0,1.0,10.0,9.0,S0_baseline
26185.0,0.0,105.0732118,1050.732118,945.6589062,0.0,105.0732118,105.0732118,105.0732118,0.0,1.0,10.0,9.0,S0_baseline
26216.0,0.0,0.0,169.24887252000002,225.66516336,0.0,0.0,28.208145420000005,28.20814542,0.0,0.0,6.0,8.0,S0_baseline
26219.0,0.0,0.0,235.5070563,211.95635067,0.0,0.0,23.55070563,23.55070563,0.0,0.0,10.0,9.0,S0_baseline
26279.0,0.0,154.79011574,541.7654050900001,851.34563657,0.0,77.39505787,77.39505787,77.39505787,0.0,2.0,7.0,11.0,S0_baseline
26423.0,0.0,147.26926884,662.71170978,736.3463442,0.0,73.63463442,73.63463442,73.63463442,0.0,2.0,9.0,10.0,S0_baseline
26424.0,0.0,0.0,734.0508575,734.0508575,0.0,0.0,73.40508575,73.40508575,0.0,0.0,10.0,10.0,S0_baseline
26521.0,0.0,134.70705664,707.2120473599999,942.94939648,0.0,67.35352832,78.57911637333332,67.35352832,0.0,2.0,9.0,14.0,S0_baseline
26579.0,0.0,0.0,696.74530347,541.9130138099999,0.0,0.0,77.41614483,77.41614483,0.0,0.0,9.0,7.0,S0_baseline
26916.0,0.0,62.22057941,622.2057941,497.76463528,0.0,62.22057941,62.220579410000006,62.22057941,0.0,1.0,10.0,8.0,S0_baseline
26990.0,0.0,89.12123124,579.28800306,534.72738744,0.0,44.56061562,44.56061562000001,44.56061562,0.0,2.0,13.0,12.0,S0_baseline
27151.0,0.0,48.14971989,385.19775912,577.79663868,0.0,48.14971989,55.02825130285714,48.14971989,0.0,1.0,7.0,12.0,S0_baseline
27406.0,0.0,0.0,661.5580302,992.3370453,0.0,0.0,132.31160604,110.2596717,0.0,0.0,5.0,9.0,S0_baseline
27411.0,0.0,0.0,369.8716702,517.82033828,0.0,0.0,73.97433404,73.97433404,0.0,0.0,5.0,7.0,S0_baseline
27426.0,0.0,12.37914983,74.27489897999999,99.03319864,0.0,12.37914983,14.854979796,12.37914983,0.0,1.0,5.0,8.0,S0_baseline
27692.0,0.0,38.18174416,114.54523248,190.9087208,0.0,19.09087208,19.09087208,19.09087208,0.0,2.0,6.0,10.0,S0_baseline
27780.0,79.99114687,239.97344061,399.95573435,1039.88490931,79.99114687,79.99114687,79.99114687,86.65707577583333,1.0,3.0,5.0,12.0,S0_baseline
27804.0,0.0,73.89839961,147.79679922,246.3279987,0.0,24.63279987,24.63279987,24.63279987,0.0,3.0,6.0,10.0,S0_baseline
28065.0,0.0,69.27770358,173.19425894999998,381.02736969,0.0,34.63885179,34.63885179,34.63885179,0.0,2.0,5.0,11.0,S0_baseline
28158.0,0.0,75.5534829,113.33022435,415.54415595,0.0,37.77674145,37.77674145,37.77674145,0.0,2.0,3.0,11.0,S0_baseline
28306.0,0.0,22.7276531,79.54678585,136.3659186,0.0,11.36382655,15.909357170000002,12.396901690909091,0.0,2.0,5.0,11.0,S0_baseline
28317.0,0.0,144.08609976,384.22959936,528.31569912,0.0,48.02869992,54.88994276571429,48.02869992,0.0,3.0,7.0,11.0,S0_baseline
28337.0,688.256916,344.128458,2064.770748,4129.541496,344.128458,344.128458,344.128458,375.4128632727272,2.0,1.0,6.0,11.0,S0_baseline
28341.0,437.9305142,218.9652571,1313.7915426,2408.6178281,218.9652571,218.9652571,218.9652571,218.96525710000003,2.0,1.0,6.0,11.0,S0_baseline
28452.0,25.57080254,178.99561778,127.8540127,255.7080254,25.57080254,25.57080254,42.61800423333333,28.41200282222222,1.0,7.0,3.0,9.0,S0_baseline
28552.0,0.0,98.95402006,56.54515432,169.63546296,0.0,32.984673353333335,28.27257716,28.27257716,0.0,3.0,2.0,6.0,S0_baseline
28608.0,36.77034912,156.27398376,91.9258728,183.8517456,18.38517456,22.32485482285714,30.6419576,20.427971733333333,2.0,7.0,3.0,9.0,S0_baseline
28617.0,20.14509291,171.233289735,40.29018582,181.30583619,20.14509291,21.404161216875,20.14509291,20.14509291,1.0,8.0,2.0,9.0,S0_baseline
28621.0,25.61548845,192.116163375,51.2309769,230.53939605,25.61548845,32.019360562500005,25.61548845,25.61548845,1.0,6.0,2.0,9.0,S0_baseline
28622.0,44.69287854,335.19658905,89.38575708,402.23590686,44.69287854,55.866098175,44.69287854,44.69287854,1.0,6.0,2.0,9.0,S0_baseline
28627.0,15.34269376,115.0702032,30.68538752,138.08424384,15.34269376,19.1783672,15.34269376,15.34269376,1.0,6.0,2.0,9.0,S0_baseline
28633.0,48.53646368,109.20704328,48.53646368,169.87762288,24.26823184,27.30176082,24.26823184,24.26823184,2.0,4.0,2.0,7.0,S0_baseline
28635.0,18.20053194,100.10292567,36.40106388,109.20319164,18.20053194,20.020585134,18.20053194,18.20053194,1.0,5.0,2.0,6.0,S0_baseline
28637.0,0.0,127.27832688,84.85221792,169.70443584,0.0,31.81958172,28.28407264,28.28407264,0.0,4.0,3.0,6.0,S0_baseline
28670.0,0.0,141.354042615,94.23602841,219.88406629,0.0,35.33851065375,31.41200947,31.412009470000005,0.0,4.0,3.0,7.0,S0_baseline
28714.0,0.0,126.22330058,38.83793864,155.35175456,0.0,21.03721676333333,19.41896932,19.41896932,0.0,6.0,2.0,8.0,S0_baseline
28747.0,31.28518403,297.209248285,125.14073612,281.56665627,31.28518403,37.151156035625,62.57036806,35.19583203375,1.0,8.0,2.0,8.0,S0_baseline
28751.0,40.40262734,212.113793535,80.80525468,202.0131367,20.20131367,26.514224191875,40.40262734,22.44590407777778,2.0,8.0,2.0,9.0,S0_baseline
28763.0,17.50197729,148.766806965,35.00395458,157.51779561,17.50197729,18.595850870625,17.50197729,17.50197729,1.0,8.0,2.0,9.0,S0_baseline
28781.0,33.19076213,315.31224023500005,132.76304852,331.9076213,33.19076213,39.414030029375006,66.38152426,36.87862458888889,1.0,8.0,2.0,9.0,S0_baseline
28790.0,36.70193124,155.98320777,91.7548281,165.15869058,18.35096562,19.49790097125,18.35096562,18.35096562,2.0,8.0,5.0,9.0,S0_baseline
28796.0,36.99288418,157.219757765,55.48932626999999,166.46797880999998,18.49644209,19.652469720625,18.49644209,18.49644209,2.0,8.0,3.0,9.0,S0_baseline
28797.0,17.41643853,130.623288975,52.24931559,156.74794677,17.41643853,18.66046985357143,17.41643853,17.41643853,1.0,7.0,3.0,9.0,S0_baseline
28814.0,0.0,71.00084097,47.33389398,94.66778796,0.0,17.7502102425,15.77796466,15.77796466,0.0,4.0,3.0,6.0,S0_baseline
28837.0,92.09817162,253.269971955,184.19634324,414.44177229,46.04908581,50.653994391000005,46.04908581,46.04908581,2.0,5.0,4.0,9.0,S0_baseline
28844.0,74.16191824,129.78335692000002,111.24287736,259.56671384000003,37.08095912,43.26111897333334,37.08095912,37.08095912,2.0,3.0,3.0,7.0,S0_baseline
29009.0,0.0,103.917449675,63.9491998,127.8983996,0.0,17.319574945833335,15.98729995,15.98729995,0.0,6.0,4.0,8.0,S0_baseline
29022.0,66.64282138,316.553401555,199.92846414,366.53551759,33.32141069,35.17260017277778,49.982116035,36.653551759,2.0,9.0,4.0,10.0,S0_baseline
29046.0,0.0,155.05906794,73.8376514,147.6753028,0.0,17.228785326666667,24.612550466666665,16.408366977777778,0.0,9.0,3.0,9.0,S0_baseline
29063.0,0.0,180.616876605,197.03659266,295.55488899,0.0,36.123375321,49.259148165,36.94436112375,0.0,5.0,4.0,8.0,S0_baseline
29132.0,0.0,70.730999325,94.3079991,94.3079991,0.0,17.68274983125,15.71799985,15.71799985,0.0,4.0,6.0,6.0,S0_baseline
29152.0,0.0,122.536457685,108.92129572,217.84259144,0.0,30.63411442125,27.23032393,27.23032393,0.0,4.0,4.0,8.0,S0_baseline
29168.0,127.9143953,703.52917415,767.4863717999999,1151.2295577,127.9143953,140.70583483,191.87159295,143.9036947125,1.0,5.0,4.0,8.0,S0_baseline
29201.0,32.55109643,146.47993393500002,195.30657858,292.95986787000004,32.55109643,36.619983483750005,48.826644645,36.619983483750005,1.0,4.0,4.0,8.0,S0_baseline
29205.0,0.0,300.947494365,401.26332582,601.89498873,0.0,75.23687359125,100.315831455,75.23687359125,0.0,4.0,4.0,8.0,S0_baseline
29227.0,0.0,172.7699328,230.3599104,345.5398656,0.0,43.1924832,57.5899776,43.1924832,0.0,4.0,4.0,8.0,S0_baseline
29232.0,0.0,157.26026385,209.6803518,314.5205277,0.0,39.3150659625,52.42008795,39.3150659625,0.0,4.0,4.0,8.0,S0_baseline
29235.0,0.0,141.428792295,125.71448204,251.42896408,0.0,35.35719807375,31.42862051,31.42862051,0.0,4.0,4.0,8.0,S0_baseline
29243.0,0.0,293.523897375,260.910131,521.820262,0.0,73.38097434375,65.22753275,65.22753275,0.0,4.0,4.0,8.0,S0_baseline
29260.0,72.41432642,162.93223444499998,217.24297926,325.86446889,36.20716321,40.73305861125,54.31074481499999,40.73305861125,2.0,4.0,4.0,8.0,S0_baseline
29297.0,0.0,250.226779455,333.63570594,500.45355891,0.0,62.55669486375,83.408926485,62.55669486375,0.0,4.0,4.0,8.0,S0_baseline
29302.0,25.03522958,112.65853311,150.21137748,250.3522958,25.03522958,28.1646332775,37.55284437,27.816921755555555,1.0,4.0,4.0,9.0,S0_baseline
29367.0,23.96255312,95.85021248,215.66297808,335.47574368,23.96255312,23.96255312,23.96255312,25.80582643692308,1.0,4.0,9.0,13.0,S0_baseline
29373.0,14.70837895,44.12513685,132.37541055,191.20892635,14.70837895,14.708378950000002,14.70837895,14.70837895,1.0,3.0,9.0,13.0,S0_baseline
29519.0,0.0,0.0,786.6799262,1123.828466,0.0,0.0,112.3828466,112.3828466,0.0,0.0,7.0,10.0,S0_baseline
29689.0,0.0,0.0,418.3230258,836.6460516,0.0,0.0,69.7205043,69.7205043,0.0,0.0,6.0,12.0,S0_baseline
29719.0,0.0,0.0,304.0969472,669.01328384,0.0,0.0,60.81938944,60.81938944,0.0,0.0,5.0,11.0,S0_baseline
29901.0,71.44337989,0.0,285.77351956,642.99041901,71.44337989,0.0,71.44337989,71.44337989,1.0,0.0,4.0,9.0,S0_baseline
30007.0,71.6229656,0.0,286.4918624,644.6066904,71.6229656,0.0,71.6229656,71.6229656,1.0,0.0,4.0,9.0,S0_baseline
30021.0,724.2796514,0.0,2897.1186056,6518.5168626,724.2796514,0.0,724.2796514,724.2796514,1.0,0.0,4.0,9.0,S0_baseline
30026.0,0.0,0.0,2718.538934,4349.6622944,0.0,0.0,543.7077868,543.7077868,0.0,0.0,5.0,8.0,S0_baseline
30041.0,0.0,0.0,2179.15797,3486.652752,0.0,0.0,435.83159400000005,435.831594,0.0,0.0,5.0,8.0,S0_baseline
30083.0,0.0,0.0,135.99429085,217.59086536,0.0,0.0,27.19885817,27.19885817,0.0,0.0,5.0,8.0,S0_baseline
30134.0,738.5286553,0.0,2954.1146212,6646.757897699999,738.5286553,0.0,738.5286553,738.5286553,1.0,0.0,4.0,9.0,S0_baseline
30142.0,37.84969396,0.0,151.39877584,340.64724564000005,37.84969396,0.0,37.84969396,37.84969396,1.0,0.0,4.0,9.0,S0_baseline
30143.0,100.8534118,0.0,403.4136472,907.6807062,100.8534118,0.0,100.8534118,100.8534118,1.0,0.0,4.0,9.0,S0_baseline
30160.0,327.3253269,0.0,1309.3013076,3273.253269,327.3253269,0.0,327.3253269,363.6948076666666,1.0,0.0,4.0,9.0,S0_baseline
30173.0,645.0335625,0.0,2580.13425,5805.3020625,645.0335625,0.0,645.0335625,645.0335625,1.0,0.0,4.0,9.0,S0_baseline
30806.0,0.0,79.67731662,398.3865831,637.41853296,0.0,79.67731662,79.67731662,91.05979042285716,0.0,1.0,5.0,7.0,S0_baseline
30829.0,0.0,63.87690589,255.50762356,447.13834123,0.0,63.87690589,63.87690589,74.52305687166667,0.0,1.0,4.0,6.0,S0_baseline
30857.0,0.0,90.83247937,363.32991748,726.65983496,0.0,90.83247937,90.83247937,103.80854785142856,0.0,1.0,4.0,7.0,S0_baseline
30887.0,0.0,184.5994938,922.997469,922.997469,0.0,184.5994938,184.5994938,184.5994938,0.0,1.0,5.0,5.0,S0_baseline
30947.0,0.0,157.5208537,787.6042685,787.6042685,0.0,157.5208537,157.5208537,157.5208537,0.0,1.0,5.0,5.0,S0_baseline
30964.0,238.0914758,476.1829516,1190.457379,1190.457379,238.0914758,238.0914758,238.0914758,238.0914758,1.0,2.0,5.0,5.0,S0_baseline
31595.0,0.0,0.0,96.95461074,64.63640716,0.0,0.0,19.390922148,16.15910179,0.0,0.0,5.0,4.0,S0_baseline
33599.0,0.0,227.2085306,2044.8767754,2499.2938366,0.0,227.2085306,227.2085306,227.2085306,0.0,1.0,9.0,11.0,S0_baseline
33609.0,0.0,36.99575034,49.32766712,135.65108458,0.0,12.33191678,12.33191678,12.33191678,0.0,3.0,4.0,11.0,S0_baseline
33636.0,0.0,114.0867114,1140.867114,1369.0405368,0.0,114.0867114,114.08671139999998,114.0867114,0.0,1.0,10.0,12.0,S0_baseline
33690.0,0.0,150.18330908,675.82489086,1126.3748181,0.0,75.09165454,75.09165454,75.09165454,0.0,2.0,9.0,15.0,S0_baseline
34479.0,0.0,0.0,1493.6673075500005,2444.1828669,0.0,0.0,298.73346151000004,271.5758741,0.0,0.0,5.0,9.0,S0_baseline
34484.0,0.0,0.0,1108.11329915,1611.8011624,0.0,0.0,221.62265983000003,201.4751453,0.0,0.0,5.0,8.0,S0_baseline
34576.0,0.0,344.6055902,1292.27096325,1723.027951,0.0,172.3027951,184.6101376071429,172.3027951,0.0,2.0,7.0,10.0,S0_baseline
34582.0,0.0,128.6856313,482.571117375,643.4281565000001,0.0,64.34281565,68.93873105357143,64.34281565,0.0,2.0,7.0,10.0,S0_baseline
34583.0,0.0,317.1934046,1189.47526725,1585.9670230000002,0.0,158.5967023,169.92503817857144,158.5967023,0.0,2.0,7.0,10.0,S0_baseline
34598.0,0.0,359.4358904,1527.6025342,2156.6153424,0.0,179.7179452,218.2289334571429,179.7179452,0.0,2.0,7.0,12.0,S0_baseline
34613.0,0.0,242.0921982,968.3687928,1331.5070901,0.0,121.0460991,121.0460991,121.0460991,0.0,2.0,8.0,11.0,S0_baseline
34625.0,0.0,92.50358358,277.51075074,647.52508506,0.0,46.25179179,46.25179179,46.251791790000006,0.0,2.0,6.0,14.0,S0_baseline
34628.0,0.0,114.09497727,304.25327272,532.44322726,0.0,38.03165909,38.03165909,38.03165909,0.0,3.0,8.0,14.0,S0_baseline
34758.0,27.41554762,27.41554762,109.66219048,219.32438096,27.41554762,27.41554762,27.41554762,27.41554762,1.0,1.0,4.0,8.0,S0_baseline
34822.0,39.14150268,19.57075134,78.28300536,195.7075134,19.57075134,19.57075134,19.57075134,21.745279266666667,2.0,1.0,4.0,9.0,S0_baseline
35118.0,0.0,127.74245272,319.3561318,638.7122636,0.0,63.87122636,63.87122636,63.87122636,0.0,2.0,5.0,10.0,S0_baseline
35128.0,0.0,198.75089148,496.8772287000001,795.00356592,0.0,99.37544574,99.37544574,99.37544574,0.0,2.0,5.0,8.0,S0_baseline
35887.0,0.0,35.32527796,52.987916940000005,211.95166776,0.0,17.66263898,17.66263898,17.66263898,0.0,2.0,3.0,12.0,S0_baseline
37603.0,65.66080898,65.66080898,131.32161796,295.47364041,32.83040449,32.83040449,32.83040449,32.83040449,2.0,2.0,4.0,9.0,S0_baseline
38097.0,0.0,77.45559824,232.36679472,619.64478592,0.0,77.45559824,77.45559824,77.45559824,0.0,1.0,3.0,8.0,S0_baseline
38105.0,0.0,97.33418964,292.00256892000004,778.67351712,0.0,97.33418964,97.33418964000002,97.33418964,0.0,1.0,3.0,8.0,S0_baseline
38364.0,0.0,31.6794241,253.4353928,411.8325133,0.0,31.6794241,31.6794241,31.6794241,0.0,1.0,8.0,13.0,S0_baseline
38385.0,0.0,268.5219498,939.8268243,1611.1316988,0.0,134.2609749,134.2609749,134.2609749,0.0,2.0,7.0,12.0,S0_baseline
38397.0,0.0,285.0329202,1140.1316808,1995.2304414,0.0,142.5164601,142.5164601,142.5164601,0.0,2.0,8.0,14.0,S0_baseline
38403.0,0.0,410.4826527,1094.6204072,1915.5857126,0.0,205.24132635,136.8275509,136.8275509,0.0,2.0,8.0,14.0,S0_baseline
38404.0,0.0,319.0272082,1116.5952287,2233.1904574,0.0,159.5136041,159.5136041,159.5136041,0.0,2.0,7.0,14.0,S0_baseline
38661.0,108.4465046,108.4465046,433.7860184,650.6790275999999,108.4465046,108.4465046,108.4465046,108.44650459999998,1.0,1.0,4.0,6.0,S0_baseline
38665.0,188.741737,188.741737,754.966948,1132.450422,188.741737,188.741737,188.741737,188.741737,1.0,1.0,4.0,6.0,S0_baseline
38791.0,0.0,91.86559449,597.126364185,1010.52153939,0.0,91.86559449,99.5210606975,91.86559449,0.0,1.0,6.0,11.0,S0_baseline
39008.0,0.0,128.51593862,514.06375448,899.6115703399998,0.0,64.25796931,64.25796931,64.25796931,0.0,2.0,8.0,14.0,S0_baseline
39032.0,0.0,334.7740824,781.1395256000001,1562.2790512,0.0,111.5913608,111.5913608,111.5913608,0.0,3.0,7.0,14.0,S0_baseline
39034.0,0.0,284.2271496,994.7950236,1989.5900472,0.0,142.1135748,142.1135748,142.1135748,0.0,2.0,7.0,14.0,S0_baseline
39579.0,450.0659709,450.0659709,1800.2638836,2700.3958254,450.0659709,450.0659709,450.0659709,450.0659709,1.0,1.0,4.0,6.0,S0_baseline
39725.0,0.0,246.88386504,246.88386504,658.35697344,0.0,82.29462168,82.29462168,82.29462168,0.0,3.0,3.0,8.0,S0_baseline
39935.0,0.0,107.97569958,179.95949929999998,395.91089846,0.0,35.99189986,35.99189986,35.99189986,0.0,3.0,5.0,11.0,S0_baseline
40002.0,0.0,34.63587948,46.18117264,126.99822476,0.0,11.54529316,11.54529316,11.54529316,0.0,3.0,4.0,11.0,S0_baseline
40060.0,0.0,46.5039791,93.0079582,93.0079582,0.0,46.5039791,46.5039791,46.5039791,0.0,1.0,2.0,2.0,S0_baseline
40061.0,0.0,43.74145494,87.48290988,87.48290988,0.0,43.74145494,43.74145494,43.74145494,0.0,1.0,2.0,2.0,S0_baseline
40450.0,567.3417711,567.3417711,1702.0253133,3404.0506266,567.3417711,567.3417711,567.3417711,567.3417711,1.0,1.0,3.0,6.0,S0_baseline
40741.0,67.88773586,33.94386793,203.66320758,373.38254723000006,33.94386793,33.94386793,33.94386793,37.338254723000006,2.0,1.0,6.0,10.0,S0_baseline
41266.0,33.54218624,16.77109312,67.08437248,167.7109312,16.77109312,16.77109312,16.77109312,16.77109312,2.0,1.0,4.0,10.0,S0_baseline
41268.0,77.91643956,77.91643956,155.83287912,428.54041758,38.95821978,38.95821978,38.95821978,38.95821978,2.0,2.0,4.0,11.0,S0_baseline
41269.0,44.9200805,78.610140875,89.840161,291.98052325,22.46004025,26.203380291666665,22.46004025,26.54368393181818,2.0,3.0,4.0,11.0,S0_baseline
41324.0,0.0,65.0326598,81.29082475000001,178.83981445,0.0,16.25816495,16.25816495,16.25816495,0.0,4.0,5.0,11.0,S0_baseline
41325.0,0.0,497.6072032,870.8126056,1368.4198088,0.0,124.4018008,124.4018008,124.4018008,0.0,4.0,7.0,11.0,S0_baseline
41452.0,0.0,81.31514471,162.63028942,243.94543413,0.0,81.31514471,81.31514471,81.31514471,0.0,1.0,2.0,3.0,S0_baseline
41626.0,29.4816598,0.0,132.6674691,265.3349382,29.4816598,0.0,33.166867275,29.481659800000003,1.0,0.0,4.0,9.0,S0_baseline
41630.0,0.0,0.0,215.10883108,351.99626904,0.0,0.0,43.021766216,39.11069656,0.0,0.0,5.0,9.0,S0_baseline
41713.0,392.9943957,392.9943957,1571.9775828,2357.9663742,392.9943957,392.9943957,392.9943957,392.9943957,1.0,1.0,4.0,6.0,S0_baseline
41758.0,0.0,239.9807795,719.9423385,1679.8654565000002,0.0,239.9807795,239.9807795,239.9807795,0.0,1.0,3.0,7.0,S0_baseline
41923.0,89.02898344,89.02898344,356.11593376,534.17390064,89.02898344,89.02898344,89.02898344,89.02898344,1.0,1.0,4.0,6.0,S0_baseline
41929.0,61.35985314,92.03977971,153.39963285,398.83904541,30.67992657,30.679926570000003,30.67992657,36.25809503727272,2.0,3.0,5.0,11.0,S0_baseline
41935.0,0.0,47.49410334,79.1568389,174.14504558000002,0.0,15.83136778,15.83136778,15.83136778,0.0,3.0,5.0,11.0,S0_baseline
41999.0,0.0,83.10013854,166.20027708,249.30041562,0.0,83.10013854,83.10013854,83.10013854,0.0,1.0,2.0,3.0,S0_baseline
42007.0,0.0,42.75351974,85.50703948,128.26055922,0.0,42.75351974,42.75351974,42.75351974,0.0,1.0,2.0,3.0,S0_baseline
42020.0,0.0,111.88317416,447.53269664,727.2406320399999,0.0,55.94158708,55.94158708,55.94158707999999,0.0,2.0,8.0,13.0,S0_baseline
42034.0,765.7186078,382.8593039,2680.0151273,5360.0302546,382.8593039,382.8593039,382.8593039,446.6691878833333,2.0,1.0,7.0,12.0,S0_baseline
42071.0,601.9843232,601.9843232,3611.9059392,5417.8589088,601.9843232,601.9843232,902.9764848,677.2323636,1.0,1.0,4.0,8.0,S0_baseline
42179.0,0.0,117.7806144,235.5612288,235.5612288,0.0,117.7806144,117.7806144,117.7806144,0.0,1.0,2.0,2.0,S0_baseline
42390.0,0.0,43.28243284,86.56486568,173.12973136,0.0,43.28243284,43.28243284,43.28243284,0.0,1.0,2.0,4.0,S0_baseline
42438.0,0.0,169.0171441,338.0342882,1014.1028646,0.0,169.0171441,169.0171441,169.0171441,0.0,1.0,2.0,6.0,S0_baseline
42463.0,0.0,32.28153558,53.8025593,118.36563046,0.0,10.76051186,10.76051186,10.76051186,0.0,3.0,5.0,11.0,S0_baseline
42535.0,0.0,0.0,139.53027034,279.06054068,0.0,0.0,69.76513517,69.76513517,0.0,0.0,2.0,4.0,S0_baseline
42656.0,108.9934755,108.9934755,653.960853,1198.9282305,108.9934755,108.9934755,163.49021325,133.21424783333333,1.0,1.0,4.0,9.0,S0_baseline
42742.0,57.65465328,86.48197992,115.30930656,259.44593976,28.82732664,28.82732664,28.82732664,28.82732664,2.0,3.0,4.0,9.0,S0_baseline
42817.0,0.0,39.73057404,66.21762340000001,145.67877148,0.0,13.24352468,13.243524680000002,13.24352468,0.0,3.0,5.0,11.0,S0_baseline
42836.0,0.0,62.82830551,125.65661102,314.14152755,0.0,62.82830551,62.82830551,62.82830550999999,0.0,1.0,2.0,5.0,S0_baseline
42848.0,0.0,158.11785152,237.17677728,632.47140608,0.0,79.05892576,79.05892576,79.05892576,0.0,2.0,3.0,8.0,S0_baseline
43041.0,0.0,138.25736934,207.38605401,414.77210802,0.0,69.12868467,69.12868467,69.12868467,0.0,2.0,3.0,6.0,S0_baseline
43110.0,568.3200576,568.3200576,1704.9601728000002,3409.9203456000005,568.3200576,568.3200576,568.3200576,568.3200576,1.0,1.0,3.0,6.0,S0_baseline
43119.0,0.0,86.93616371,173.87232742,260.80849113,0.0,86.93616371,86.93616371,86.93616371,0.0,1.0,2.0,3.0,S0_baseline
43121.0,0.0,0.0,1626.2100699,5420.700233,0.0,0.0,542.0700233,542.0700233,0.0,0.0,3.0,10.0,S0_baseline
43256.0,391.3250956,684.8189173000001,1173.9752868,2543.6131214,195.6625478,228.27297243333336,293.4938217,231.2375564909091,2.0,3.0,4.0,11.0,S0_baseline
43320.0,0.0,40.66613438,81.33226876,121.99840314,0.0,40.66613438,40.66613438,40.66613438,0.0,1.0,2.0,3.0,S0_baseline
43352.0,0.0,54.97358911,109.94717822,219.89435644,0.0,54.97358911,54.97358911,54.97358911,0.0,1.0,2.0,4.0,S0_baseline
43451.0,0.0,351.3775511,1054.1326533,3513.775511,0.0,351.3775511,351.37755110000006,351.3775511,0.0,1.0,3.0,10.0,S0_baseline
43486.0,34.75566437,0.0,208.53398622,312.80097933,34.75566437,0.0,34.75566437,34.75566437,1.0,0.0,6.0,9.0,S0_baseline
43580.0,0.0,0.0,1770.5285217,5311.5855651,0.0,0.0,590.1761739,590.1761739,0.0,0.0,3.0,9.0,S0_baseline
43631.0,53.13627814,0.0,318.81766884,265.6813907,53.13627814,0.0,53.13627814,53.13627814,1.0,0.0,6.0,5.0,S0_baseline
43732.0,0.0,72.4665066,202.90621848,347.83923168,0.0,72.4665066,40.581243696,38.64880352,0.0,1.0,5.0,9.0,S0_baseline
43743.0,0.0,100.269881725,280.75566883,481.29543228,0.0,100.269881725,56.151133766,53.47727025333333,0.0,1.0,5.0,9.0,S0_baseline
43749.0,0.0,95.0143817,323.04889778,456.06903216,0.0,95.0143817,53.84148296333333,50.67433690666667,0.0,1.0,6.0,9.0,S0_baseline
43751.0,0.0,55.600067235,185.33355745,333.60040341,0.0,55.600067235,46.3333893625,41.70005042625,0.0,1.0,4.0,8.0,S0_baseline
43752.0,0.0,52.559219985,175.19739994999998,315.35531991,0.0,52.559219985,43.7993499875,39.41941498875,0.0,1.0,4.0,8.0,S0_baseline
43778.0,0.0,36.39950877,121.3316959,218.39705262,0.0,36.39950877,30.332923975,27.2996315775,0.0,1.0,4.0,8.0,S0_baseline
43784.0,0.0,40.825594995,136.08531664999998,244.95356997,0.0,40.825594995,34.021329162499995,30.61919624625,0.0,1.0,4.0,8.0,S0_baseline
43794.0,0.0,0.0,144.23981525,259.63166745,0.0,0.0,36.0599538125,32.45395843125,0.0,0.0,4.0,8.0,S0_baseline
43796.0,0.0,0.0,207.66733845,373.80120921,0.0,0.0,51.9168346125,46.72515115125,0.0,0.0,4.0,8.0,S0_baseline
43797.0,0.0,0.0,163.30234696,183.71514033,0.0,0.0,27.217057826666665,22.96439254125,0.0,0.0,6.0,8.0,S0_baseline
43798.0,0.0,0.0,189.218563495,261.99493407,0.0,0.0,37.843712699,32.74936675875,0.0,0.0,5.0,8.0,S0_baseline
43812.0,0.0,0.0,909.6401928,1137.050241,0.0,0.0,151.6066988,126.33891566666664,0.0,0.0,6.0,9.0,S0_baseline
43818.0,0.0,0.0,817.5922272,919.7912556,0.0,0.0,136.2653712,114.97390695,0.0,0.0,6.0,8.0,S0_baseline
43831.0,0.0,0.0,174.139115345,267.9063313,0.0,0.0,34.827823069,29.76737014444444,0.0,0.0,5.0,9.0,S0_baseline
43848.0,0.0,0.0,939.2261512,1056.6294201,0.0,0.0,156.53769186666668,132.0786775125,0.0,0.0,6.0,8.0,S0_baseline
43878.0,0.0,0.0,739.73432648,832.2011172900001,0.0,0.0,123.28905441333336,104.02513966125,0.0,0.0,6.0,8.0,S0_baseline
43879.0,0.0,0.0,566.75181608,637.59579309,0.0,0.0,94.45863601333332,79.69947413625,0.0,0.0,6.0,8.0,S0_baseline
43895.0,0.0,0.0,135.67748305,244.21946949,0.0,0.0,33.9193707625,30.52743368625,0.0,0.0,4.0,8.0,S0_baseline
43898.0,0.0,0.0,180.87208334,250.43826924,0.0,0.0,36.174416668000006,31.304783655,0.0,0.0,5.0,8.0,S0_baseline
43899.0,0.0,0.0,148.03064115,266.45515407,0.0,0.0,37.0076602875,33.30689425875,0.0,0.0,4.0,8.0,S0_baseline
43913.0,0.0,106.51499015000002,298.24197242,511.27195272000006,0.0,106.51499015000002,59.64839448400001,56.80799474666667,0.0,1.0,5.0,9.0,S0_baseline
43916.0,0.0,35.837639535,155.296437985,238.9175969,0.0,35.837639535,31.059287597,29.8646996125,0.0,1.0,5.0,8.0,S0_baseline
43942.0,0.0,69.79739983500001,209.392199505,465.3159989,0.0,69.79739983500001,52.34804987625,58.1644998625,0.0,1.0,4.0,8.0,S0_baseline
43949.0,0.0,53.789607675,215.1584307,358.59738450000003,0.0,53.789607675,53.789607675,44.8246730625,0.0,1.0,4.0,8.0,S0_baseline
43977.0,0.0,25.88262849,207.06102792,310.59154188,0.0,25.88262849,41.412205584,34.51017132,0.0,1.0,5.0,9.0,S0_baseline
44009.0,0.0,150.7219957,1431.85895915,1808.6639484,0.0,150.7219957,238.6431598583333,200.96266093333327,0.0,1.0,6.0,9.0,S0_baseline
44049.0,0.0,0.0,1080.929804,1216.0460295,0.0,0.0,180.15496733333336,152.0057536875,0.0,0.0,6.0,8.0,S0_baseline
44083.0,0.0,0.0,138.18587808,155.45911284000002,0.0,0.0,23.03097968,19.432389105,0.0,0.0,6.0,8.0,S0_baseline
44139.0,0.0,0.0,386.45107696,434.75746158,0.0,0.0,64.40851282666667,54.344682697500005,0.0,0.0,6.0,8.0,S0_baseline
44187.0,0.0,152.672854075,396.949420595,610.6914163,0.0,152.672854075,79.389884119,87.2416309,0.0,1.0,5.0,7.0,S0_baseline
44208.0,0.0,45.938514375,64.313920125,165.37865175,0.0,45.938514375,21.437973375,27.563108625,0.0,1.0,3.0,6.0,S0_baseline
44209.0,0.0,101.70575616,237.31343104,474.62686208,0.0,101.70575616,79.10447701333332,79.10447701333332,0.0,1.0,3.0,6.0,S0_baseline
44239.0,0.0,0.0,190.61373486,285.92060229000003,0.0,0.0,38.122746972,35.740075286250004,0.0,0.0,5.0,8.0,S0_baseline
44255.0,0.0,0.0,434.06221338,687.265171185,0.0,0.0,86.812442676,85.908146398125,0.0,0.0,5.0,8.0,S0_baseline
44319.0,0.0,0.0,698.529723975,838.23566877,0.0,0.0,116.4216206625,104.77945859625,0.0,0.0,6.0,8.0,S0_baseline
44326.0,0.0,0.0,914.71340775,1097.6560893,0.0,0.0,152.452234625,137.2070111625,0.0,0.0,6.0,8.0,S0_baseline
44336.0,0.0,0.0,395.37526065,474.45031278,0.0,0.0,65.895876775,59.3062890975,0.0,0.0,6.0,8.0,S0_baseline
44435.0,0.0,0.0,190.71256968,190.71256968,0.0,0.0,27.244652811428573,23.83907121,0.0,0.0,7.0,8.0,S0_baseline
44594.0,0.0,0.0,204.250348365,193.50033003,0.0,0.0,29.178621195,24.18754125375,0.0,0.0,7.0,8.0,S0_baseline
44605.0,0.0,0.0,351.043929985,332.56793367,0.0,0.0,50.149132855,41.57099170875,0.0,0.0,7.0,8.0,S0_baseline
44644.0,0.0,0.0,246.39205059000005,211.19318622000003,0.0,0.0,35.19886437,26.399148277500004,0.0,0.0,7.0,8.0,S0_baseline
44700.0,0.0,0.0,184.26590272,253.36561624,0.0,0.0,30.71098378666667,28.151735137777777,0.0,0.0,6.0,9.0,S0_baseline
44796.0,0.0,20.12679094,140.88753658,191.20451393,0.0,20.12679094,28.177507316,27.31493056142857,0.0,1.0,5.0,7.0,S0_baseline
44833.0,0.0,28.59393728,214.4545296,271.64240416,0.0,28.59393728,42.89090592,38.80605773714285,0.0,1.0,5.0,7.0,S0_baseline
44851.0,0.0,26.21004653,196.575348975,248.995442035,0.0,26.21004653,39.315069795,35.57077743357143,0.0,1.0,5.0,7.0,S0_baseline
44899.0,0.0,0.0,400.16635011,333.471958425,0.0,0.0,66.694391685,55.5786597375,0.0,0.0,6.0,6.0,S0_baseline
44999.0,0.0,0.0,462.05966782,570.77958966,0.0,0.0,77.00994463666667,81.53994138,0.0,0.0,6.0,7.0,S0_baseline
45007.0,0.0,0.0,193.05414009,206.843721525,0.0,0.0,38.610828018,29.549103075,0.0,0.0,5.0,7.0,S0_baseline
45256.0,0.0,0.0,134.72770234,144.35110964999998,0.0,0.0,26.945540468,20.62158709285714,0.0,0.0,5.0,7.0,S0_baseline
45257.0,0.0,0.0,144.13399532,154.4292807,0.0,0.0,28.826799064,22.06132581428572,0.0,0.0,5.0,7.0,S0_baseline
45357.0,0.0,0.0,171.2954711,237.1783446,0.0,0.0,34.259094219999994,29.647293075,0.0,0.0,5.0,8.0,S0_baseline
45483.0,0.0,0.0,163.62632112,224.98619154,0.0,0.0,27.27105352,24.998465726666662,0.0,0.0,6.0,9.0,S0_baseline
45486.0,0.0,0.0,220.73861064,206.942447475,0.0,0.0,36.78976844,29.563206782142856,0.0,0.0,6.0,7.0,S0_baseline
45494.0,0.0,0.0,194.16017352,218.43019521,0.0,0.0,32.36002892,31.204313601428574,0.0,0.0,6.0,7.0,S0_baseline
45512.0,0.0,0.0,162.29814846,220.26177291,0.0,0.0,32.459629692,24.47353032333333,0.0,0.0,5.0,9.0,S0_baseline
45538.0,0.0,0.0,192.5735199,231.08822388,0.0,0.0,38.51470398,33.01260341142857,0.0,0.0,5.0,7.0,S0_baseline
45562.0,0.0,0.0,167.03691232,156.5971053,0.0,0.0,27.839485386666663,22.371015042857145,0.0,0.0,6.0,7.0,S0_baseline
45591.0,0.0,0.0,180.809793,192.8637792,0.0,0.0,36.161958600000006,27.55196845714286,0.0,0.0,5.0,7.0,S0_baseline
45649.0,0.0,0.0,331.0001464,310.31263725,0.0,0.0,55.166691066666665,44.330376750000006,0.0,0.0,6.0,7.0,S0_baseline
45711.0,0.0,0.0,172.18754488,193.71098799,0.0,0.0,28.697924146666665,24.21387349875,0.0,0.0,6.0,8.0,S0_baseline
45827.0,0.0,0.0,172.15614800999998,233.640486585,0.0,0.0,34.431229601999995,25.960054065,0.0,0.0,5.0,9.0,S0_baseline
46432.0,0.0,98.93099465,643.051465225,1088.24094115,0.0,98.93099465,128.610293045,136.03011764375,0.0,1.0,5.0,8.0,S0_baseline
46449.0,0.0,84.82942106,593.8059474199999,933.12363166,0.0,84.82942106,118.76118948399998,133.30337595142856,0.0,1.0,5.0,7.0,S0_baseline
46451.0,0.0,43.687514,305.812598,502.4064110000001,0.0,43.687514,61.1625196,71.77234442857143,0.0,1.0,5.0,7.0,S0_baseline
46454.0,0.0,39.38503116,315.08024928,472.62037392,0.0,39.38503116,63.016049856,59.07754674,0.0,1.0,5.0,8.0,S0_baseline
46499.0,0.0,82.88139839,331.52559356,994.57678068,0.0,82.88139839,110.50853118666669,124.322097585,0.0,1.0,3.0,8.0,S0_baseline
46504.0,0.0,71.72134677,286.88538708,860.65616124,0.0,71.72134677,95.62846236,107.582020155,0.0,1.0,3.0,8.0,S0_baseline
46660.0,0.0,0.0,192.16617998000004,259.98953762,0.0,0.0,38.43323599600001,32.4986922025,0.0,0.0,5.0,8.0,S0_baseline
46671.0,0.0,0.0,440.257285,1144.668941,0.0,0.0,110.06432125,143.083617625,0.0,0.0,4.0,8.0,S0_baseline
46713.0,0.0,0.0,1207.6813989000002,4830.7255956,0.0,0.0,402.5604663000001,603.84069945,0.0,0.0,3.0,8.0,S0_baseline
46718.0,0.0,0.0,1494.3296632,3532.0519312,0.0,0.0,498.1098877333333,441.5064914,0.0,0.0,3.0,8.0,S0_baseline
46719.0,0.0,0.0,1598.5237764,5195.2022733,0.0,0.0,532.8412588,649.4002841625,0.0,0.0,3.0,8.0,S0_baseline
46726.0,0.0,0.0,729.3215976,3008.4515901,0.0,0.0,243.1071992,429.7787985857143,0.0,0.0,3.0,7.0,S0_baseline
46734.0,0.0,0.0,884.7224712,2543.5771047000003,0.0,0.0,294.9074904,363.3681578142858,0.0,0.0,3.0,7.0,S0_baseline
46740.0,0.0,0.0,2753.1760417,4523.07492565,0.0,0.0,550.63520834,565.38436570625,0.0,0.0,5.0,8.0,S0_baseline
46742.0,0.0,0.0,1521.6706316,2499.8874662000003,0.0,0.0,304.33412632,312.48593327500004,0.0,0.0,5.0,8.0,S0_baseline
46744.0,0.0,0.0,2182.4702192,3819.3228836,0.0,0.0,436.49404384,477.41536045,0.0,0.0,5.0,8.0,S0_baseline
46844.0,0.0,0.0,123.74465955,371.23397865,0.0,0.0,30.9361648875,41.24821985,0.0,0.0,4.0,9.0,S0_baseline
46948.0,0.0,0.0,112.8083112,248.17828464,0.0,0.0,37.6027704,31.02228558,0.0,0.0,3.0,8.0,S0_baseline
46970.0,0.0,0.0,99.821596905,232.917059445,0.0,0.0,24.95539922625,29.114632430625,0.0,0.0,4.0,8.0,S0_baseline
46997.0,0.0,0.0,119.8776717,239.7553434,0.0,0.0,29.969417925,29.969417925,0.0,0.0,4.0,8.0,S0_baseline
47010.0,0.0,0.0,135.53730366,203.30595549,0.0,0.0,27.107460732,25.41324443625,0.0,0.0,5.0,8.0,S0_baseline
47075.0,0.0,0.0,1069.9095264000002,1646.0146560000003,0.0,0.0,213.98190528000003,205.75183200000004,0.0,0.0,5.0,8.0,S0_baseline
47814.0,0.0,0.0,211.4025601,179.69217608500003,0.0,0.0,30.20036572857143,25.67031086928572,0.0,0.0,7.0,7.0,S0_baseline
48085.0,0.0,0.0,244.2850968,207.64233228,0.0,0.0,34.897870971428574,29.66319032571429,0.0,0.0,7.0,7.0,S0_baseline
48100.0,0.0,0.0,241.1573749,204.983768665,0.0,0.0,34.451053557142856,29.283395523571432,0.0,0.0,7.0,7.0,S0_baseline
49423.0,0.0,0.0,262.449861805,277.88808897,0.0,0.0,37.492837400714286,34.73601112125,0.0,0.0,7.0,8.0,S0_baseline
49538.0,0.0,0.0,315.70410643,334.27493622000003,0.0,0.0,45.10058663285714,41.7843670275,0.0,0.0,7.0,8.0,S0_baseline
49575.0,0.0,0.0,318.2876929,286.45892361,0.0,0.0,39.7859616125,35.80736545125,0.0,0.0,8.0,8.0,S0_baseline
49636.0,0.0,0.0,229.0506692,206.14560228,0.0,0.0,28.63133365,25.768200285,0.0,0.0,8.0,8.0,S0_baseline
49679.0,0.0,0.0,569.4542942,512.5088647800001,0.0,0.0,71.181786775,64.06360809750001,0.0,0.0,8.0,8.0,S0_baseline
49680.0,0.0,0.0,410.4160437000001,369.37443933,0.0,0.0,51.302005462500006,46.17180491625,0.0,0.0,8.0,8.0,S0_baseline
49882.0,0.0,0.0,142.284340425,161.255585815,0.0,0.0,23.7140567375,20.156948226875,0.0,0.0,6.0,8.0,S0_baseline
49892.0,0.0,0.0,433.969985925,433.969985925,0.0,0.0,61.995712275,54.246248240625,0.0,0.0,7.0,8.0,S0_baseline
49950.0,0.0,0.0,283.765063275,321.600405045,0.0,0.0,47.2941772125,40.200050630625,0.0,0.0,6.0,8.0,S0_baseline
49997.0,0.0,0.0,172.92431864999998,219.03747029,0.0,0.0,28.820719775,24.337496698888888,0.0,0.0,6.0,9.0,S0_baseline
50010.0,0.0,0.0,505.39392243,505.39392243,0.0,0.0,72.19913177571428,63.17424030375,0.0,0.0,7.0,8.0,S0_baseline
50028.0,0.0,0.0,308.21334084,342.45926760000003,0.0,0.0,44.03047726285714,42.80740845,0.0,0.0,7.0,8.0,S0_baseline
50029.0,0.0,0.0,241.18414755,305.49992023,0.0,0.0,40.197357925,33.94443558111111,0.0,0.0,6.0,9.0,S0_baseline
50065.0,0.0,0.0,159.70083712500002,202.287727025,0.0,0.0,26.616806187500003,22.47641411388889,0.0,0.0,6.0,9.0,S0_baseline
50067.0,0.0,0.0,208.29423159000004,196.722329835,0.0,0.0,29.756318798571435,24.590291229375,0.0,0.0,7.0,8.0,S0_baseline
50086.0,0.0,0.0,314.89064317,314.89064317,0.0,0.0,44.984377595714285,39.36133039625,0.0,0.0,7.0,8.0,S0_baseline
50134.0,0.0,0.0,265.96698195,301.42924621,0.0,0.0,44.327830325,37.67865577625,0.0,0.0,6.0,8.0,S0_baseline
50183.0,0.0,0.0,184.918106475,234.229601535,0.0,0.0,30.8196844125,26.025511281666667,0.0,0.0,6.0,9.0,S0_baseline
50269.0,0.0,0.0,199.632309075,239.55877089,0.0,0.0,33.27205151249999,29.94484636125,0.0,0.0,6.0,8.0,S0_baseline
50490.0,0.0,35.0495219,262.87141425000004,332.97045805000005,0.0,35.0495219,43.81190237500001,36.99671756111112,0.0,1.0,6.0,9.0,S0_baseline
50580.0,0.0,0.0,115.43045288,122.22047952,0.0,0.0,16.490064697142856,15.27755994,0.0,0.0,7.0,8.0,S0_baseline
50633.0,0.0,29.28515147,219.638636025,248.923787495,0.0,29.28515147,36.6064393375,31.115473436875,0.0,1.0,6.0,8.0,S0_baseline
50673.0,0.0,0.0,178.20989721,168.309347365,0.0,0.0,25.458556744285715,21.038668420625,0.0,0.0,7.0,8.0,S0_baseline
50716.0,0.0,0.0,159.36906555000002,180.61827429,0.0,0.0,26.561510925000004,22.57728428625,0.0,0.0,6.0,8.0,S0_baseline
50755.0,0.0,0.0,245.63621925,327.51495900000003,0.0,0.0,40.939369875,40.939369875,0.0,0.0,6.0,8.0,S0_baseline
50855.0,0.0,0.0,179.566447875,203.508640925,0.0,0.0,29.9277413125,25.438580115625,0.0,0.0,6.0,8.0,S0_baseline
50988.0,0.0,0.0,139.70901359,147.92719086,0.0,0.0,19.958430512857145,18.4908988575,0.0,0.0,7.0,8.0,S0_baseline
51133.0,0.0,0.0,202.532335875,229.536647325,0.0,0.0,33.7553893125,28.692080915625,0.0,0.0,6.0,8.0,S0_baseline
51173.0,0.0,0.0,248.27495535000003,281.37828273,0.0,0.0,41.379159225,35.17228534125,0.0,0.0,6.0,8.0,S0_baseline
51182.0,0.0,0.0,164.5300146,186.46734988,0.0,0.0,27.4216691,23.308418735,0.0,0.0,6.0,8.0,S0_baseline
51194.0,0.0,0.0,221.29879935,250.80530593,0.0,0.0,36.883133225,31.35066324125,0.0,0.0,6.0,8.0,S0_baseline
51225.0,0.0,34.04946268,255.3709701,289.42043278,0.0,34.04946268,42.56182834999999,36.1775540975,0.0,1.0,6.0,8.0,S0_baseline
51228.0,0.0,34.03857507,255.289313025,289.327888095,0.0,34.03857507,42.5482188375,36.165986011875,0.0,1.0,6.0,8.0,S0_baseline
51243.0,0.0,0.0,212.551461375,240.891656225,0.0,0.0,35.42524356249999,30.111457028125,0.0,0.0,6.0,8.0,S0_baseline
51328.0,0.0,0.0,239.054459475,270.928387405,0.0,0.0,39.8424099125,33.866048425625,0.0,0.0,6.0,8.0,S0_baseline
52797.0,0.0,0.0,116.38475145,169.2869112,0.0,0.0,29.0961878625,24.183844457142857,0.0,0.0,4.0,7.0,S0_baseline
52844.0,0.0,0.0,142.572203015,207.37774984,0.0,0.0,35.64305075375,29.62539283428572,0.0,0.0,4.0,7.0,S0_baseline
52845.0,0.0,0.0,112.50599459,163.64508304,0.0,0.0,28.1264986475,23.377869005714285,0.0,0.0,4.0,7.0,S0_baseline
52858.0,0.0,0.0,103.4608374,165.53733984,0.0,0.0,25.86520935,23.64819140571428,0.0,0.0,4.0,7.0,S0_baseline
52879.0,0.0,0.0,138.642562795,201.66190952,0.0,0.0,34.66064069875,28.80884421714285,0.0,0.0,4.0,7.0,S0_baseline
52881.0,0.0,0.0,95.23610866,147.18307701999998,0.0,0.0,23.809027165,21.02615386,0.0,0.0,4.0,7.0,S0_baseline
52882.0,0.0,0.0,88.84915025000001,168.813385475,0.0,0.0,22.2122875625,24.116197925,0.0,0.0,4.0,7.0,S0_baseline
52898.0,0.0,0.0,123.16195572,174.47943727,0.0,0.0,30.79048893,24.925633895714288,0.0,0.0,4.0,7.0,S0_baseline
52900.0,0.0,0.0,117.27327337,181.24051339,0.0,0.0,29.318318342500003,25.891501912857144,0.0,0.0,4.0,7.0,S0_baseline
52929.0,0.0,0.0,104.43872637,161.40530439,0.0,0.0,26.1096815925,23.057900627142857,0.0,0.0,4.0,7.0,S0_baseline
53277.0,0.0,0.0,98.61488205,167.645299485,0.0,0.0,24.6537205125,23.949328497857145,0.0,0.0,4.0,7.0,S0_baseline
53312.0,0.0,0.0,94.93411915,161.388002555,0.0,0.0,23.7335297875,23.05542893642857,0.0,0.0,4.0,7.0,S0_baseline
53319.0,0.0,0.0,187.77150315,300.43440504,0.0,0.0,46.9428757875,42.91920072,0.0,0.0,4.0,7.0,S0_baseline
56088.0,0.0,86.701172805,202.302736545,289.00390935,0.0,86.701172805,67.434245515,72.2509773375,0.0,1.0,3.0,4.0,S0_baseline
56092.0,0.0,39.47843046,92.11633774,131.5947682,0.0,39.47843046,30.70544591333333,32.89869205,0.0,1.0,3.0,4.0,S0_baseline
56149.0,0.0,0.0,243.86673156,426.76678023,0.0,0.0,60.96668289,85.353356046,0.0,0.0,4.0,5.0,S0_baseline
56202.0,0.0,0.0,316.86187897,430.026835745,0.0,0.0,79.2154697425,86.00536714900001,0.0,0.0,4.0,5.0,S0_baseline
56204.0,0.0,0.0,336.08090464,525.1264135,0.0,0.0,84.02022616,87.52106891666666,0.0,0.0,4.0,6.0,S0_baseline
56234.0,0.0,23.28563868,139.71383208,267.78484482,0.0,23.28563868,34.92845802,44.63080747,0.0,1.0,4.0,6.0,S0_baseline
56236.0,0.0,23.8088287,142.8529722,249.99270135,0.0,23.8088287,35.71324305,41.665450225,0.0,1.0,4.0,6.0,S0_baseline
56239.0,0.0,22.72783173,136.36699038,238.642233165,0.0,22.72783173,34.091747595,39.7737055275,0.0,1.0,4.0,6.0,S0_baseline
56240.0,0.0,22.46862899,134.81177394,235.920604395,0.0,22.46862899,33.702943485,39.3201007325,0.0,1.0,4.0,6.0,S0_baseline
56244.0,0.0,19.47997528,155.83980224,243.499691,0.0,19.47997528,38.95995056,40.58328183333334,0.0,1.0,4.0,6.0,S0_baseline
56260.0,0.0,42.13228602,231.72757311,421.3228602,0.0,42.13228602,77.24252437,84.26457204,0.0,1.0,3.0,5.0,S0_baseline
57385.0,0.0,0.0,82.087404465,97.012387095,0.0,0.0,20.52185111625,19.402477419,0.0,0.0,4.0,5.0,S0_baseline
57743.0,0.0,0.0,68.75773398,53.47823754,0.0,0.0,22.91924466,17.82607918,0.0,0.0,3.0,3.0,S0_baseline
57755.0,0.0,0.0,349.27809574,174.63904786999998,0.0,0.0,87.31952393499999,58.21301595666666,0.0,0.0,4.0,3.0,S0_baseline
57759.0,0.0,0.0,145.13705364,84.66328129,0.0,0.0,36.28426341,28.22109376333333,0.0,0.0,4.0,3.0,S0_baseline
57761.0,0.0,0.0,145.09245318,84.637264355,0.0,0.0,36.273113295,28.212421451666668,0.0,0.0,4.0,3.0,S0_baseline
57763.0,0.0,0.0,230.4722172,134.44212670000002,0.0,0.0,57.6180543,44.81404223333334,0.0,0.0,4.0,3.0,S0_baseline
57764.0,0.0,0.0,214.70123508,125.24238713,0.0,0.0,53.67530877,41.74746237666667,0.0,0.0,4.0,3.0,S0_baseline
57792.0,0.0,0.0,124.483779035,79.216950295,0.0,0.0,31.12094475875,26.405650098333336,0.0,0.0,4.0,3.0,S0_baseline
57809.0,0.0,0.0,140.45603746999998,160.52118568,0.0,0.0,35.1140093675,32.104237136,0.0,0.0,4.0,5.0,S0_baseline
57813.0,0.0,0.0,401.05214416,401.05214416,0.0,0.0,100.26303604,80.210428832,0.0,0.0,4.0,5.0,S0_baseline
57815.0,0.0,0.0,172.42164774,143.68470645,0.0,0.0,43.105411935,35.9211766125,0.0,0.0,4.0,4.0,S0_baseline
57832.0,0.0,0.0,146.58387714,122.15323095,0.0,0.0,36.645969285,30.5383077375,0.0,0.0,4.0,4.0,S0_baseline
57834.0,0.0,0.0,267.62977218000003,223.02481015,0.0,0.0,66.90744304500001,55.7562025375,0.0,0.0,4.0,4.0,S0_baseline
57859.0,0.0,0.0,107.87150544,89.89292119999999,0.0,0.0,26.96787636,22.4732303,0.0,0.0,4.0,4.0,S0_baseline
57862.0,0.0,0.0,147.65776266,123.04813555,0.0,0.0,36.914440665,30.762033887500003,0.0,0.0,4.0,4.0,S0_baseline
57868.0,0.0,0.0,130.40531592000002,108.6710966,0.0,0.0,32.601328980000005,27.167774150000003,0.0,0.0,4.0,4.0,S0_baseline
57885.0,0.0,0.0,132.0219432,110.018286,0.0,0.0,33.0054858,27.5045715,0.0,0.0,4.0,4.0,S0_baseline
57905.0,0.0,0.0,129.65661258,108.04717715,0.0,0.0,32.414153145,27.011794287500003,0.0,0.0,4.0,4.0,S0_baseline
57997.0,0.0,0.0,151.95129198,126.62607665,0.0,0.0,37.987822995,31.6565191625,0.0,0.0,4.0,4.0,S0_baseline
58004.0,0.0,0.0,162.14395811999998,135.1199651,0.0,0.0,40.53598953,33.779991275,0.0,0.0,4.0,4.0,S0_baseline
58007.0,0.0,0.0,159.15527736,132.6293978,0.0,0.0,39.78881934,33.15734945,0.0,0.0,4.0,4.0,S0_baseline
58008.0,0.0,0.0,152.47783878,127.06486565,0.0,0.0,38.119459695,31.7662164125,0.0,0.0,4.0,4.0,S0_baseline
58038.0,0.0,0.0,138.6219936,115.518328,0.0,0.0,34.6554984,28.879582,0.0,0.0,4.0,4.0,S0_baseline
58047.0,0.0,0.0,151.0852836,125.904403,0.0,0.0,37.7713209,31.47610075,0.0,0.0,4.0,4.0,S0_baseline
58068.0,0.0,0.0,128.49241884,107.0770157,0.0,0.0,32.12310471,26.769253925,0.0,0.0,4.0,4.0,S0_baseline
58075.0,0.0,0.0,321.28158488,281.12138677,0.0,0.0,80.32039622,70.2803466925,0.0,0.0,4.0,4.0,S0_baseline
58096.0,0.0,0.0,142.84977399000002,122.44266342,0.0,0.0,35.712443497500004,30.610665855,0.0,0.0,4.0,4.0,S0_baseline
58099.0,0.0,0.0,175.77278565,150.6623877,0.0,0.0,43.9431964125,37.665596925,0.0,0.0,4.0,4.0,S0_baseline
58100.0,0.0,0.0,257.89892328,214.9157694,0.0,0.0,64.47473082,53.72894235,0.0,0.0,4.0,4.0,S0_baseline
58131.0,0.0,0.0,153.75793986,128.13161655,0.0,0.0,38.439484965,32.0329041375,0.0,0.0,4.0,4.0,S0_baseline
58195.0,0.0,0.0,117.9802992,98.316916,0.0,0.0,29.4950748,24.579229,0.0,0.0,4.0,4.0,S0_baseline
58236.0,0.0,0.0,92.12575977,92.12575977,0.0,0.0,30.70858659,30.70858659,0.0,0.0,3.0,3.0,S0_baseline
58255.0,0.0,0.0,164.4074684,140.9206872,0.0,0.0,41.1018671,35.2301718,0.0,0.0,4.0,4.0,S0_baseline
58285.0,0.0,0.0,130.15937165999998,108.46614305,0.0,0.0,32.539842914999994,27.1165357625,0.0,0.0,4.0,4.0,S0_baseline
59277.0,0.0,50.027673525,160.08855528,120.06641646,0.0,25.0138367625,22.869793611428573,20.01106941,0.0,2.0,7.0,6.0,S0_baseline
59338.0,0.0,189.26082576,236.5760322,220.80429672,0.0,47.31520644,33.79657602857143,31.54347096,0.0,4.0,7.0,7.0,S0_baseline
59373.0,0.0,313.17842935,469.767644025,438.4498010900001,0.0,78.2946073375,67.10966343214287,62.63568587000001,0.0,4.0,7.0,7.0,S0_baseline
59387.0,0.0,1072.95393335,1238.02376925,1155.4888513,0.0,214.59078667,176.86053846428572,165.0698359,0.0,5.0,7.0,7.0,S0_baseline
59393.0,0.0,339.2698933,391.4652615,365.3675774,0.0,67.85397866,55.923608785714286,52.1953682,0.0,5.0,7.0,7.0,S0_baseline
59403.0,0.0,639.50427008,787.08217856,688.69690624,0.0,127.900854016,112.44031122285716,98.38527232,0.0,5.0,7.0,7.0,S0_baseline
59404.0,0.0,643.1774662949999,742.127845725,692.65265601,0.0,128.635493259,106.018263675,98.95037943,0.0,5.0,7.0,7.0,S0_baseline
59412.0,0.0,983.177052,1134.4350599999998,1058.806056,0.0,196.6354104,162.0621514285714,151.258008,0.0,5.0,7.0,7.0,S0_baseline
59413.0,0.0,963.46911895,1334.0341647,1037.5821281,0.0,192.69382379,190.57630924285715,148.2260183,0.0,5.0,7.0,7.0,S0_baseline
59415.0,0.0,942.10847705,1087.04824275,1014.5783599,0.0,188.42169541,155.29260610714286,144.9397657,0.0,5.0,7.0,7.0,S0_baseline
59419.0,0.0,152.29615153999998,210.87159444,164.01124012,0.0,30.459230307999995,30.12451349142857,23.43017716,0.0,5.0,7.0,7.0,S0_baseline
59421.0,0.0,860.96076885,1059.6440232,927.1885203,0.0,172.19215377,151.3777176,132.4555029,0.0,5.0,7.0,7.0,S0_baseline
59438.0,0.0,346.793380505,400.146208275,373.46979439,0.0,69.35867610099999,57.16374403928571,53.35282777,0.0,5.0,7.0,7.0,S0_baseline
59442.0,0.0,190.58803478,263.89112508,205.24865284,0.0,38.117606956,37.69873215428572,29.32123612,0.0,5.0,7.0,7.0,S0_baseline
59444.0,0.0,1192.629789,1376.111295,1284.370542,0.0,238.5259578,196.58732785714284,183.481506,0.0,5.0,7.0,7.0,S0_baseline
59446.0,0.0,883.68510815,1019.63666325,951.6608857,0.0,176.73702163000002,145.66238046428572,135.9515551,0.0,5.0,7.0,7.0,S0_baseline
59449.0,0.0,811.41570185,936.24888675,873.8322943000001,0.0,162.28314037,133.74984096428574,124.8331849,0.0,5.0,7.0,7.0,S0_baseline
59466.0,0.0,354.507899395,409.047576225,381.77773781,0.0,70.901579879,58.43536803214285,54.53967683,0.0,5.0,7.0,7.0,S0_baseline
59469.0,0.0,913.42544475,1053.95243625,983.6889405,0.0,182.68508895,150.56463375,140.5269915,0.0,5.0,7.0,7.0,S0_baseline
59480.0,0.0,665.4113056499999,767.7822757499999,716.5967906999999,0.0,133.08226112999998,109.68318225,102.3709701,0.0,5.0,7.0,7.0,S0_baseline
59497.0,0.0,847.79070935,978.22004925,913.0053793,0.0,169.55814187,139.74572132142856,130.4293399,0.0,5.0,7.0,7.0,S0_baseline
59499.0,0.0,949.4644198,1095.5358689999998,1241.6073182,0.0,189.89288396,156.5051241428571,177.37247402857142,0.0,5.0,7.0,7.0,S0_baseline
59507.0,0.0,480.6325242,576.75902904,448.59035592,0.0,96.12650484,82.39414700571429,64.08433656,0.0,5.0,7.0,7.0,S0_baseline
59531.0,0.0,390.92243505,893.5369944,781.8448701,0.0,130.30747835,127.64814205714286,111.6921243,0.0,3.0,7.0,7.0,S0_baseline
59535.0,0.0,112.701051925,257.6024044,225.40210385,0.0,37.56701730833333,36.800343485714286,32.20030055,0.0,3.0,7.0,7.0,S0_baseline
59539.0,0.0,452.0727365,1033.309112,904.145473,0.0,150.69091216666666,147.61558742857142,129.163639,0.0,3.0,7.0,7.0,S0_baseline
59550.0,0.0,287.85398673500003,740.19596589,575.7079734700001,0.0,95.95132891166668,105.74228084142858,82.24399621,0.0,3.0,7.0,7.0,S0_baseline
59585.0,0.0,495.484430485,585.572508755,675.660587025,0.0,123.87110762125,97.59541812583332,96.52294100357145,0.0,4.0,6.0,7.0,S0_baseline
59626.0,0.0,713.27783384,713.27783384,624.1181046099999,0.0,142.655566768,101.89683340571428,89.15972923,0.0,5.0,7.0,7.0,S0_baseline
59650.0,0.0,618.4151635,989.4642616,865.7812289,0.0,154.603790875,141.35203737142857,123.6830327,0.0,4.0,7.0,7.0,S0_baseline
59661.0,0.0,428.1376039,685.02016624,599.39264546,0.0,107.034400975,97.86002374857142,85.62752078000001,0.0,4.0,7.0,7.0,S0_baseline
59736.0,134.82503652,539.30014608,1258.36700752,1033.65861332,134.82503652,107.860029216,125.836700752,103.365861332,1.0,5.0,10.0,10.0,S0_baseline
59745.0,255.8036052,1023.2144208,1961.1609732,1961.1609732,255.8036052,204.64288416,196.11609732,196.11609732,1.0,5.0,10.0,10.0,S0_baseline
59789.0,184.7109267,800.4140157,1662.3983403000002,1354.5467958,184.7109267,160.08280314,166.23983403000005,135.45467958,1.0,5.0,10.0,10.0,S0_baseline
59794.0,161.02771005,644.1108402,1395.5734871,1180.8698737,161.02771005,128.82216804,139.55734871,118.08698737,1.0,5.0,10.0,10.0,S0_baseline
59886.0,283.20646665000004,1132.8258666000002,1793.64095545,2076.8474221,283.20646665000004,283.20646665000004,224.20511943125,207.68474221,1.0,4.0,8.0,10.0,S0_baseline
59897.0,328.41763815,1204.1980065500002,2627.3411052,2627.3411052,328.41763815,301.04950163750004,291.92678946666666,238.8491913818182,1.0,4.0,9.0,11.0,S0_baseline
59898.0,162.70170960000002,596.5729352000001,1193.1458704,1193.1458704,162.70170960000002,149.14323380000002,132.57176337777778,119.31458704000002,1.0,4.0,9.0,10.0,S0_baseline
59963.0,289.310058,1446.55029,2314.480464,2796.663894,289.310058,289.310058,257.164496,254.24217218181812,1.0,5.0,9.0,11.0,S0_baseline
59984.0,277.69766445000005,833.0929933500001,1666.1859867000005,2036.4495393,277.69766445000005,208.27324833750004,208.27324833750004,203.64495393,1.0,4.0,8.0,10.0,S0_baseline
59994.0,219.37659255,804.38083935,1755.0127404,1755.0127404,219.37659255,201.0952098375,195.0014156,159.54661276363638,1.0,4.0,9.0,11.0,S0_baseline
60000.0,343.8134259,1031.4402777,2062.8805554,2177.4850307,343.8134259,257.860069425,257.860069425,241.9427811888889,1.0,4.0,8.0,9.0,S0_baseline
60022.0,236.4107574,709.2322721999999,1418.4645443999998,1339.6609586,236.4107574,177.30806804999995,177.30806804999995,167.457619825,1.0,4.0,8.0,8.0,S0_baseline
60081.0,178.1701383,593.900461,1128.4108759,1365.9710603,178.1701383,148.47511525,141.0513594875,151.77456225555554,1.0,4.0,8.0,9.0,S0_baseline
60136.0,129.694892325,475.54793852500006,821.4009847250001,994.327507825,129.694892325,118.88698463125002,102.675123090625,90.39340980227271,1.0,4.0,8.0,11.0,S0_baseline
60147.0,314.38556685,943.15670055,1886.3134011,2305.4941569,314.38556685,235.7891751375,235.7891751375,230.54941569,1.0,4.0,8.0,10.0,S0_baseline
60172.0,253.64893845,1014.5957538,1521.8936307,1690.992923,253.64893845,253.64893845,190.2367038375,187.88810255555555,1.0,4.0,8.0,9.0,S0_baseline
60210.0,108.65863887,289.75637032,869.2691109599999,543.2931943499999,108.65863887,96.58545677333332,86.926911096,77.61331347857141,1.0,3.0,10.0,7.0,S0_baseline
60272.0,116.855053605,350.565160815,701.13032163,779.0336907,116.855053605,87.64129020375,87.64129020375,86.55929896666666,1.0,4.0,8.0,9.0,S0_baseline
60273.0,344.00269005,1032.00807015,2064.0161403,2293.351267,344.00269005,258.0020175375,258.0020175375,254.81680744444444,1.0,4.0,8.0,9.0,S0_baseline
60279.0,279.19332315,837.5799694499999,1395.96661575,1768.22437995,279.19332315,209.3949923625,199.42380225,221.02804749375,1.0,4.0,7.0,8.0,S0_baseline
60284.0,193.72189905,968.60949525,1872.64502415,968.60949525,193.72189905,193.72189905,187.264502415,138.37278503571432,1.0,5.0,10.0,7.0,S0_baseline
60318.0,268.64477565,985.03084405,1611.8686539,1522.32039535,268.64477565,197.00616881,201.4835817375,190.29004941875,1.0,5.0,8.0,8.0,S0_baseline
60320.0,518.33224065,1900.55154905,3109.9934439,3455.548271,518.33224065,380.1103098100001,388.7491804875,431.943533875,1.0,5.0,8.0,8.0,S0_baseline
60338.0,306.72411975,920.17235925,1533.62059875,1840.3447185,306.72411975,230.0430898125,219.0886569642857,204.4827465,1.0,4.0,7.0,9.0,S0_baseline
60339.0,282.7236705,1036.6534585,1413.6183525,1413.6183525,282.7236705,207.3306917,201.94547892857145,201.94547892857145,1.0,5.0,7.0,7.0,S0_baseline
60341.0,277.739727,925.79909,2684.8173610000003,1666.438362,277.739727,308.59969666666666,268.48173610000003,208.30479525,1.0,3.0,10.0,8.0,S0_baseline
60385.0,378.6122298,1388.2448426,1893.061149,2145.4693022,378.6122298,277.64896852,270.437307,268.183662775,1.0,5.0,7.0,8.0,S0_baseline
60404.0,281.85119535,845.5535860499999,1409.25597675,1691.1071720999998,281.85119535,211.3883965125,201.32228239285715,187.9007969,1.0,4.0,7.0,9.0,S0_baseline
60412.0,402.3904824,1341.301608,3219.1238592,2011.952412,402.3904824,447.100536,357.6804288,287.42177314285715,1.0,3.0,9.0,7.0,S0_baseline
60481.0,328.88270295,1425.15837945,1425.15837945,1644.41351475,328.88270295,237.526396575,237.526396575,234.9162163928572,1.0,6.0,6.0,7.0,S0_baseline
60515.0,652.5189861,2392.5696157,3915.1139166,4132.6202453000005,652.5189861,478.51392314,489.389239575,459.1800272555556,1.0,5.0,8.0,9.0,S0_baseline
60519.0,191.4421152,829.5824992,829.5824992,957.210576,191.4421152,138.26374986666667,138.26374986666667,136.74436799999998,1.0,6.0,6.0,7.0,S0_baseline
60534.0,572.087928,2097.655736,3432.527568,3813.91952,572.087928,419.5311472,429.065946,476.73994,1.0,5.0,8.0,8.0,S0_baseline
60552.0,148.3516941,791.2090352,642.8573411,741.7584705,148.3516941,131.86817253333334,107.14289018333334,105.9654957857143,1.0,6.0,6.0,7.0,S0_baseline
60556.0,222.47087775,593.255674,1112.35438875,1186.511348,222.47087775,148.3139185,158.90776982142856,148.3139185,1.0,4.0,7.0,8.0,S0_baseline
60569.0,255.54192285,681.4451276,1107.34833235,1277.70961425,255.54192285,170.3612819,184.55805539166667,182.5299448928572,1.0,4.0,6.0,7.0,S0_baseline
60585.0,403.74681075,2153.316324,1749.56951325,2422.4808645,403.74681075,358.886054,291.594918875,302.8101080625,1.0,6.0,6.0,8.0,S0_baseline
60594.0,329.4567927,878.5514472,1647.2839635,1757.1028944,329.4567927,219.6378618,235.3262805,219.6378618,1.0,4.0,7.0,8.0,S0_baseline
60630.0,322.6409202,1505.6576276,1398.1106542,1935.8455212,322.6409202,250.94293793333333,233.01844236666668,241.98069015,1.0,6.0,6.0,8.0,S0_baseline
60638.0,188.4431547,879.4013886,816.5870037,1130.6589282,188.4431547,146.5668981,136.09783395,141.332366025,1.0,6.0,6.0,8.0,S0_baseline
60666.0,244.5975312,652.2600832,1059.9226352,1386.0526768000002,244.5975312,163.0650208,176.65377253333335,198.00752525714287,1.0,4.0,6.0,7.0,S0_baseline
60687.0,422.84836455,1409.4945484999998,1832.34291305,2537.0901873,422.84836455,281.8989097,305.3904855083333,317.1362734125,1.0,5.0,6.0,8.0,S0_baseline
60700.0,101.776135575,339.25378525,441.029920825,610.65681345,101.776135575,67.85075705,73.50498680416666,76.33210168125,1.0,5.0,6.0,8.0,S0_baseline
60703.0,164.76576839999998,549.2192279999999,713.9849964,988.5946104,164.76576839999998,109.84384559999998,118.9974994,123.5743263,1.0,5.0,6.0,8.0,S0_baseline
60708.0,246.224934,1313.199648,1066.974714,1477.349604,246.224934,218.866608,177.829119,184.6687005,1.0,6.0,6.0,8.0,S0_baseline
60754.0,318.33423225,1485.5597505,1379.44833975,1910.0053935,318.33423225,247.59329175,229.908056625,238.7506741875,1.0,6.0,6.0,8.0,S0_baseline
60759.0,67.963735035,249.200361795,339.818675175,362.47325352,67.963735035,49.840072359,48.545525025,51.781893360000005,1.0,5.0,7.0,7.0,S0_baseline
60762.0,134.4798294,672.399147,582.7459274,941.3588058,134.4798294,112.0665245,97.12432123333332,117.669850725,1.0,6.0,6.0,8.0,S0_baseline
60791.0,370.50211155,1358.50774235,2099.51196545,2223.0126693,370.50211155,271.70154847,299.93028077857144,317.5732384714285,1.0,5.0,7.0,7.0,S0_baseline
60808.0,428.00316825,2425.35128675,1854.68039575,2568.0190095,428.00316825,404.2252144583333,309.11339929166667,321.0023761875,1.0,6.0,6.0,8.0,S0_baseline
60820.0,190.5518151,952.7590755,952.7590755,1524.4145208,190.5518151,158.79317925,136.10843935714286,190.5518151,1.0,6.0,7.0,8.0,S0_baseline
60833.0,155.04106245,878.56602055,775.20531225,981.92672885,155.04106245,146.42767009166667,110.74361603571428,122.74084110625,1.0,6.0,7.0,8.0,S0_baseline
60874.0,102.704955345,273.87988092,445.054806495,581.994746955,102.704955345,68.46997023,74.1758010825,83.14210670785714,1.0,4.0,6.0,7.0,S0_baseline
60895.0,277.8148596,1759.4941107999998,1759.4941107999998,1944.7040172,277.8148596,293.24901846666666,251.35630154285712,243.08800215,1.0,6.0,7.0,8.0,S0_baseline
60905.0,136.317458535,363.51322276,590.708986985,636.14813983,136.317458535,90.87830569,98.45149783083332,90.87830569,1.0,4.0,6.0,7.0,S0_baseline
60906.0,215.53381935,790.29067095,1005.8244903,1149.5137032,215.53381935,158.05813419,143.6892129,164.21624331428572,1.0,5.0,7.0,7.0,S0_baseline
60910.0,357.41275125000004,1191.3758375,1548.78858875,1667.9261725,357.41275125000004,238.2751675,258.13143145833334,238.2751675,1.0,5.0,6.0,7.0,S0_baseline
60911.0,139.97524494,466.5841498,606.55939474,559.90097976,139.97524494,93.31682996,101.09323245666668,93.31682996,1.0,5.0,6.0,6.0,S0_baseline
60916.0,64.254016155,214.18005385,278.434070005,257.01606462,64.254016155,42.83601077,46.40567833416667,42.83601077,1.0,5.0,6.0,6.0,S0_baseline
60918.0,215.9428926,791.7906062,1007.7334988,1151.6954272,215.9428926,158.35812124,143.9619284,164.52791817142858,1.0,5.0,7.0,7.0,S0_baseline
60920.0,162.5403765,921.0621335,866.882008,975.242259,162.5403765,153.51035558333334,123.84028685714286,121.905282375,1.0,6.0,7.0,8.0,S0_baseline
60922.0,175.3373043,876.6865215,1110.4695939,1110.4695939,175.3373043,146.11442025,138.8086992375,138.8086992375,1.0,6.0,8.0,8.0,S0_baseline
60923.0,115.280703615,307.41520964,499.549715665,537.97661687,115.280703615,76.85380241,83.25828594416667,76.85380241,1.0,4.0,6.0,7.0,S0_baseline
60924.0,392.63328015,1439.65536055,1832.2886407,2355.7996809,392.63328015,287.93107211,261.7555201,336.5428115571429,1.0,5.0,7.0,7.0,S0_baseline
60925.0,474.4770543,1739.7491991,2688.7033077,3005.0213439,474.4770543,347.94983982,384.10047252857146,429.2887634142857,1.0,5.0,7.0,7.0,S0_baseline
60928.0,236.1082809,787.027603,1023.1358839,944.4331236,236.1082809,157.4055206,170.52264731666665,157.4055206,1.0,5.0,6.0,6.0,S0_baseline
60951.0,424.6249671000001,1981.5831798,2689.2914583,2406.2081469000004,424.6249671000001,330.2638633,336.1614322875,343.7440209857144,1.0,6.0,8.0,7.0,S0_baseline
60959.0,73.71862440000001,393.1659968,393.1659968,442.31174640000006,73.71862440000001,65.52766613333334,56.16657097142858,55.28896830000001,1.0,6.0,7.0,8.0,S0_baseline
60965.0,323.85777555000004,1187.47851035,2159.051837,1835.19406145,323.85777555000004,237.49570207,269.881479625,262.1705802071429,1.0,5.0,8.0,7.0,S0_baseline
60991.0,419.05681365,1536.54165005,2374.65527735,2234.9696728,419.05681365,307.30833001,339.2364681928571,319.2813818285714,1.0,5.0,7.0,7.0,S0_baseline
60999.0,386.85121695,1418.45446215,2579.008113,2707.95851865,386.85121695,283.69089243,322.376014125,386.85121695,1.0,5.0,8.0,7.0,S0_baseline
61008.0,351.90659925,1290.32419725,1759.53299625,2228.74179525,351.90659925,258.06483945,251.36185660714287,318.39168503571426,1.0,5.0,7.0,7.0,S0_baseline
61020.0,268.2619503,1251.8891014,1430.7304016,1609.5717018,268.2619503,208.6481835666667,204.39005737142853,201.196462725,1.0,6.0,7.0,8.0,S0_baseline
61044.0,82.678583325,468.511972175,523.631027725,523.631027725,82.678583325,78.08532869583333,65.453878465625,65.453878465625,1.0,6.0,8.0,8.0,S0_baseline
61045.0,237.34645785,1503.19423305,1661.42520495,1344.96326115,237.34645785,250.532372175,207.67815061875,192.13760873571428,1.0,6.0,8.0,7.0,S0_baseline
61085.0,180.22775475,780.98693725,961.214692,1081.3665285,180.22775475,130.16448954166663,137.3163845714286,135.1708160625,1.0,6.0,7.0,8.0,S0_baseline
61086.0,190.3141719,824.6947448999999,1015.0089168,1268.7611459999998,190.3141719,137.44912415,145.0012738285714,140.97346066666665,1.0,6.0,7.0,9.0,S0_baseline
61097.0,77.326021365,360.85476637,489.731468645,489.731468645,77.326021365,60.142461061666666,61.216433580625,61.216433580625,1.0,6.0,8.0,8.0,S0_baseline
61111.0,382.2383304,1783.7788752,3185.31942,2675.6683128,382.2383304,297.2964792,353.92438,297.2964792,1.0,6.0,9.0,9.0,S0_baseline
61115.0,213.4088469,1209.3167991,1564.9982106000002,1707.2707752,213.4088469,201.55279985,195.62477632500003,189.6967528,1.0,6.0,8.0,9.0,S0_baseline
61123.0,430.30016895000006,1864.63406545,2294.9342344,2868.667793,430.30016895000006,310.7723442416667,327.8477477714286,318.7408658888889,1.0,6.0,7.0,9.0,S0_baseline
61166.0,279.4495158,1210.9479018,1490.3974176,1676.6970947999998,279.4495158,201.8246503,212.9139168,209.58713685,1.0,6.0,7.0,8.0,S0_baseline
61181.0,128.46660996,599.51084648,1070.555083,899.26626972,128.46660996,99.91847441333334,118.95056477777776,99.91847441333331,1.0,6.0,9.0,9.0,S0_baseline
61205.0,412.6571964,1925.7335832,2751.047976,2888.6003748,412.6571964,320.9555972,343.880997,320.9555972,1.0,6.0,8.0,9.0,S0_baseline
61219.0,95.85840936,159.7640156,415.38644056,383.43363744,95.85840936,79.8820078,69.23107342666667,63.90560624,1.0,2.0,6.0,6.0,S0_baseline
61267.0,323.74172685,1726.6225432,2374.1059969000003,2589.9338148,323.74172685,287.7704238666667,263.7895552111111,287.7704238666667,1.0,6.0,9.0,9.0,S0_baseline
61285.0,365.8697703,1707.3922614,2439.131802,2561.0883921,365.8697703,284.5653769,304.89147525,284.5653769,1.0,6.0,8.0,9.0,S0_baseline
61344.0,416.2396287,1248.7188861,2774.930858,2636.1843151000003,416.2396287,312.179721525,346.86635725,329.52303938750003,1.0,4.0,8.0,8.0,S0_baseline
61513.0,279.97636305000003,839.92908915,1493.2072696,1586.53272395,279.97636305000003,209.9822722875,213.31532422857143,198.31659049375,1.0,4.0,7.0,8.0,S0_baseline
61514.0,423.28873694999993,1269.8662108499998,2257.5399304,2398.63617605,423.28873694999993,317.46655271249995,322.5057043428571,299.82952200625,1.0,4.0,7.0,8.0,S0_baseline
61516.0,147.82762515000002,640.58637565,788.4140008,837.68987585,147.82762515000002,128.11727513,112.63057154285715,104.71123448125,1.0,5.0,7.0,8.0,S0_baseline
61520.0,369.50844075,1354.86428275,1970.711684,3202.4064865,369.50844075,338.7160706875,281.5302405714286,355.82294294444443,1.0,4.0,7.0,9.0,S0_baseline
61546.0,284.80394595,854.41183785,1898.692973,1993.62762165,284.80394595,213.6029594625,237.336621625,221.5141801833333,1.0,4.0,8.0,9.0,S0_baseline
61549.0,332.82316755,1220.35161435,1775.0568936,2884.4674521,332.82316755,305.0879035875,253.57955622857145,320.4963835666666,1.0,4.0,7.0,9.0,S0_baseline
61584.0,406.8516948,949.3206212,2169.8757056,2034.258474,406.8516948,316.4402070666667,309.9822436571429,290.60835342857143,1.0,3.0,7.0,7.0,S0_baseline
61618.0,393.5111331,787.0222661999999,2229.8964209,2754.5779317,393.5111331,262.3407554,318.5566315571428,306.0642146333333,1.0,3.0,7.0,9.0,S0_baseline
61667.0,322.3144467,966.9433401,1719.0103824,1826.4485313,322.3144467,241.735835025,245.57291177142852,228.3060664125,1.0,4.0,7.0,8.0,S0_baseline
62042.0,133.55456841,356.14551576,1023.91835781,756.8092209900001,133.55456841,118.71517192,113.76870642333334,108.11560299857145,1.0,3.0,9.0,7.0,S0_baseline
62060.0,104.94935247,419.79740988,769.62858478,734.6454672899999,104.94935247,83.95948197599999,85.51428719777778,91.83068341125,1.0,5.0,9.0,8.0,S0_baseline
62094.0,421.75060305,1124.6682748,2671.08715265,2952.25422135,421.75060305,374.8894249333334,333.88589408125,369.03177766875,1.0,3.0,8.0,8.0,S0_baseline
62096.0,185.2170156,493.9120416,1173.0410988,1296.5191092,185.2170156,164.6373472,146.63013734999998,162.06488865,1.0,3.0,8.0,8.0,S0_baseline
62124.0,369.50791635,1478.0316653999998,2709.7247199,2217.0474981,369.50791635,295.60633308,301.0805244333333,277.1309372625,1.0,5.0,9.0,8.0,S0_baseline
62144.0,888.1822485,2368.485996,5033.0327415,5625.1542405,888.1822485,789.495332,719.0046773571429,703.1442800625,1.0,3.0,7.0,8.0,S0_baseline
62157.0,329.9039205,1099.6797350000002,2089.3914965,1979.423523,329.9039205,274.91993375000004,261.1739370625,247.427940375,1.0,4.0,8.0,8.0,S0_baseline
62167.0,256.94989035000003,685.1997076,1712.999269,1627.34930555,256.94989035000003,228.3999025333333,214.124908625,203.41866319375,1.0,3.0,8.0,8.0,S0_baseline
62168.0,313.0423497,834.7795992,2086.948998,1982.6015481,313.0423497,278.2598664,260.86862475,247.8251935125,1.0,3.0,8.0,8.0,S0_baseline
62170.0,1072.46699385,2859.9119836,7149.779959,6792.29096105,1072.46699385,953.3039945333334,893.722494875,849.03637013125,1.0,3.0,8.0,8.0,S0_baseline
62184.0,141.287147115,470.95715705,753.53145128,847.72288269,141.287147115,117.7392892625,107.64735018285717,105.96536033625,1.0,4.0,7.0,8.0,S0_baseline
62208.0,119.47737504,398.2579168,756.69004192,756.69004192,119.47737504,99.5644792,94.58625524,94.58625524,1.0,4.0,8.0,8.0,S0_baseline
62272.0,130.45466955,434.8488985,739.24312745,478.33378835,130.45466955,108.712224625,105.60616106428571,95.66675767,1.0,4.0,7.0,5.0,S0_baseline
62296.0,649.4139471,1731.7705256,5411.782892499999,4112.9549983,649.4139471,577.2568418666666,601.3092102777778,514.1193747875,1.0,3.0,9.0,8.0,S0_baseline
62344.0,319.6664463,852.4438568,2344.2206062,2024.5541599,319.6664463,284.14795226666666,293.027575775,253.0692699875,1.0,3.0,8.0,8.0,S0_baseline
62373.0,310.87936335,829.0116356,1968.90263455,1968.90263455,310.87936335,276.3372118666667,246.11282931875,246.11282931875,1.0,3.0,8.0,8.0,S0_baseline
62387.0,480.5269941,1281.4053176,3043.3376293,2722.9862999,480.5269941,427.13510586666666,380.4172036625,388.9980428428572,1.0,3.0,8.0,7.0,S0_baseline
62392.0,384.45136995,1281.5045664999998,2050.4073064,1794.1063931,384.45136995,320.37614162499995,292.91532948571427,299.0177321833333,1.0,4.0,7.0,6.0,S0_baseline
62527.0,99.03132456,445.64096052,841.76625876,693.21927192,99.03132456,111.41024013,105.220782345,99.03132456,1.0,4.0,8.0,7.0,S0_baseline
62529.0,55.0454347,302.74989085000004,467.88619495,385.3180429,55.0454347,75.68747271250001,58.48577436875,55.0454347,1.0,4.0,8.0,7.0,S0_baseline
62616.0,472.762359,1229.1821334,1607.3920206,1512.8395488,236.3811795,204.86368890000003,200.924002575,189.1049436,2.0,6.0,8.0,8.0,S0_baseline
62667.0,511.1346357,1533.4039071,3237.1860261,4259.4552975,511.1346357,383.350976775,359.6873362333333,387.22320886363633,1.0,4.0,9.0,11.0,S0_baseline
62668.0,357.97408575000003,1073.92225725,2028.51981925,3341.091467,357.97408575000003,268.4805643125,253.56497740625,278.4242889166667,1.0,4.0,8.0,12.0,S0_baseline
62711.0,888.2847364500001,2664.85420935,4441.423682250001,5329.7084187,888.2847364500001,666.2135523375,634.4890974642858,592.1898243,1.0,4.0,7.0,9.0,S0_baseline
62724.0,1933.42987425,3093.4877988,5800.28962275,6960.3475473,1933.42987425,773.3719497,828.61280325,773.3719497,1.0,4.0,7.0,9.0,S0_baseline
62738.0,344.487172,1377.948688,2411.410204,3100.384548,344.487172,344.487172,344.487172,344.487172,1.0,4.0,7.0,9.0,S0_baseline
62782.0,0.0,3558.937113,6761.980514700001,6406.0868034000005,0.0,711.7874226,845.2475643375001,711.7874226,0.0,5.0,8.0,9.0,S0_baseline
62788.0,0.0,2122.318583,3607.9415911,4244.637166,0.0,530.57964575,450.9926988875,471.6263517777778,0.0,4.0,8.0,9.0,S0_baseline
62845.0,0.0,2093.3441268,2616.6801585000003,3837.797565800001,0.0,348.8906878,373.81145121428574,383.77975658,0.0,6.0,7.0,10.0,S0_baseline
62847.0,0.0,753.2896374,1192.70859255,1255.482729,0.0,125.5482729,132.52317695,125.5482729,0.0,6.0,9.0,10.0,S0_baseline
62884.0,0.0,2533.3195570000003,2153.32162345,3293.3154241,0.0,281.4799507777778,307.61737477857145,274.4429520083333,0.0,9.0,7.0,12.0,S0_baseline
62888.0,0.0,618.39084384,662.5616184,883.4154911999999,0.0,103.06514064,94.65165977142858,98.1572768,0.0,6.0,7.0,9.0,S0_baseline
62901.0,0.0,4743.7728639,5760.29562045,6776.818377,0.0,677.6818377,822.8993743499999,677.6818377,0.0,7.0,7.0,10.0,S0_baseline
62911.0,0.0,3785.068271,5677.6024065,6813.1228878,0.0,757.0136542,811.0860580714286,757.0136542,0.0,5.0,7.0,9.0,S0_baseline
62966.0,0.0,260.6852542,316.5463801,335.1667554,0.0,37.2407506,39.5682975125,37.2407506,0.0,7.0,8.0,9.0,S0_baseline
62998.0,0.0,2765.6386716,3457.0483395,4609.397786,0.0,553.1277343200001,493.8640485,460.93977860000007,0.0,5.0,7.0,10.0,S0_baseline
63003.0,0.0,1063.0718355,2657.67958875,3189.2155065,0.0,354.35727849999995,379.66851267857146,354.3572785,0.0,3.0,7.0,9.0,S0_baseline
63009.0,0.0,1807.1144073,4517.78601825,4818.9717528,0.0,602.3714691,645.3980026071429,602.3714691,0.0,3.0,7.0,8.0,S0_baseline
63010.0,555.6272214,1666.8816642000002,5278.4586033000005,4445.0177712,555.6272214,555.6272214,586.4954003666667,555.6272214,1.0,3.0,9.0,8.0,S0_baseline
63019.0,285.8645354,857.5936062000001,2429.8485509,2286.9162832,285.8645354,285.8645354,303.7310688625,285.8645354,1.0,3.0,8.0,8.0,S0_baseline
63039.0,365.9165998,1463.6663992,3659.165998,3293.2493982,365.9165998,365.9165998,457.39574975,365.9165998,1.0,4.0,8.0,9.0,S0_baseline
63044.0,308.515068,1234.060272,2622.378078,2776.635612,308.515068,308.515068,327.79725975,308.515068,1.0,4.0,8.0,9.0,S0_baseline
63049.0,742.0541365,3710.2706825,6678.4872285,6678.4872285,742.0541365,742.0541365,834.8109035625,742.0541365,1.0,5.0,8.0,9.0,S0_baseline
63124.0,377.8876383,1511.5505532,2456.26964895,3400.9887447,377.8876383,377.8876383,409.378274825,377.8876383,1.0,4.0,6.0,9.0,S0_baseline
63187.0,635.4870754,2541.9483016,5083.8966032,5083.8966032,635.4870754,635.4870754,726.2709433142857,635.4870754,1.0,4.0,7.0,8.0,S0_baseline
63189.0,585.4122381,2927.0611905,4683.2979048,5268.7101429,585.4122381,585.4122381,669.0425578285714,585.4122381,1.0,5.0,7.0,9.0,S0_baseline
63192.0,716.0143208,2864.0572832,5728.1145664,5728.1145664,716.0143208,716.0143208,818.3020809142856,716.0143208,1.0,4.0,7.0,8.0,S0_baseline
63210.0,1922.149008,7688.596032,15377.192064,15377.192064,1922.149008,1922.149008,2196.741723428572,1922.149008,1.0,4.0,7.0,8.0,S0_baseline
63223.0,1146.955953,4587.823812,9175.647624,9175.647624,1146.955953,1146.955953,1310.8068034285714,1146.955953,1.0,4.0,7.0,8.0,S0_baseline
63226.0,746.8300201,3734.1501005,5974.6401608,6721.4701809,746.8300201,746.8300201,853.5200229714285,746.8300201,1.0,5.0,7.0,9.0,S0_baseline
63228.0,1348.424846,6742.124229999999,10787.398768,12135.823614,1348.424846,1348.424846,1541.0569668571427,1348.424846,1.0,5.0,7.0,9.0,S0_baseline
63234.0,504.9168321,2524.5841605,4039.3346568,4544.2514889,504.9168321,504.9168321,577.0478081142858,504.9168321,1.0,5.0,7.0,9.0,S0_baseline
63235.0,843.0995378,4215.497689,6744.7963024,7587.8958402,843.0995378,843.0995378,963.5423289142856,843.0995378,1.0,5.0,7.0,9.0,S0_baseline
63238.0,1225.351445,6126.757225,9802.81156,11028.163005,1225.351445,1225.351445,1400.4016514285715,1225.351445,1.0,5.0,7.0,9.0,S0_baseline
63263.0,955.477999,3821.911996,8599.301991,7643.823992,955.477999,955.477999,1074.912748875,955.477999,1.0,4.0,8.0,8.0,S0_baseline
63267.0,579.7796211,2319.1184844,5797.796211,4058.4573477,579.7796211,579.7796211,724.724526375,579.7796211,1.0,4.0,8.0,7.0,S0_baseline
63274.0,3903.2040025,6245.126404,15612.81601,12490.252808,3903.2040025,1561.281601,1951.60200125,1561.281601,1.0,4.0,8.0,8.0,S0_baseline
63276.0,4168.20845,8336.4169,14171.90873,13338.26704,4168.20845,1667.28338,2024.55839,1667.28338,1.0,5.0,7.0,8.0,S0_baseline
63279.0,4846.8848375,9693.769675,12601.9005775,13571.277545,4846.8848375,1938.753935,2100.316762916667,1938.753935,1.0,5.0,6.0,7.0,S0_baseline
63283.0,1033.7526970499998,2756.6738588,4824.1792529,4824.1792529,1033.7526970499998,689.1684647,689.1684647,689.1684647,1.0,4.0,7.0,7.0,S0_baseline
63295.0,873.7167861,4368.5839305,5679.159109650001,7863.4510749,873.7167861,873.7167861,946.526518275,873.7167861,1.0,5.0,6.0,9.0,S0_baseline
63296.0,1174.6307211,3915.435737,5090.0664581,7047.7843266,1174.6307211,783.0871474,848.3444096833333,783.0871474,1.0,5.0,6.0,9.0,S0_baseline
63310.0,1913.3118555,6377.706184999999,8291.0180405,8928.788659,1913.3118555,1275.541237,1381.8363400833332,1275.541237,1.0,5.0,6.0,7.0,S0_baseline
63311.0,1843.9675935,6146.558645,7990.5262385,9834.493832,1843.9675935,1229.311729,1331.7543730833331,1229.311729,1.0,5.0,6.0,8.0,S0_baseline
63328.0,1948.2918915,6494.306305,11040.3207185,9092.028827,1948.2918915,1298.861261,1577.1886740714283,1298.861261,1.0,5.0,7.0,7.0,S0_baseline
63334.0,2190.33348,7301.1116,9491.44508,10221.55624,2190.33348,1460.22232,1581.9075133333336,1460.22232,1.0,5.0,6.0,7.0,S0_baseline
63337.0,1207.8570501,4026.190167,5234.0472171,6441.9042672,1207.8570501,805.2380334,872.3412028500001,805.2380334,1.0,5.0,6.0,8.0,S0_baseline
63342.0,2058.9852600000004,6863.2842,8922.269460000001,9608.59788,2058.9852600000004,1372.65684,1487.0449100000003,1372.65684,1.0,5.0,6.0,7.0,S0_baseline
63346.0,1051.752252,3505.8408400000003,4908.177176,4908.177176,1051.752252,701.168168,701.168168,701.168168,1.0,5.0,7.0,7.0,S0_baseline
63347.0,1441.52676345,4805.0892115,6727.1248961,5766.1070538,1441.52676345,961.0178423,961.0178423,961.0178423,1.0,5.0,7.0,6.0,S0_baseline
63358.0,665.02369575,2216.7456525,3103.4439135,2660.094783,665.02369575,443.3491305,443.34913050000006,443.3491305,1.0,5.0,7.0,6.0,S0_baseline
63367.0,633.3151049999999,2111.05035,2744.365455,3377.68056,633.3151049999999,422.21007,457.3942425,422.21007,1.0,5.0,6.0,8.0,S0_baseline
63368.0,2848.397727,9494.65909,12343.056817,15191.454544,2848.397727,1898.931818,2057.1761361666668,1898.931818,1.0,5.0,6.0,8.0,S0_baseline
63378.0,1305.4332732,3481.1553952,6092.0219416,5221.7330928,1305.4332732,870.2888488,870.2888488,870.2888488,1.0,4.0,7.0,6.0,S0_baseline
63386.0,3796.3211205,10123.522988,17716.165229000002,15185.284482,3796.3211205,2530.880747,2530.880747,2530.880747,1.0,4.0,7.0,6.0,S0_baseline
63403.0,2120.942013,9190.748723,12018.671407,10604.710065,2120.942013,1531.7914538333334,1716.9530581428571,1514.9585807142855,1.0,6.0,7.0,7.0,S0_baseline
63413.0,3868.3462845,12894.487615,18052.282661,15473.385138,3868.3462845,2578.897523,2578.897523,2578.897523,1.0,5.0,7.0,6.0,S0_baseline
63436.0,2242.5108525,8970.04341,10465.050645,10465.050645,2242.5108525,1495.007235,1495.0072349999998,1495.0072349999998,1.0,6.0,7.0,7.0,S0_baseline
63445.0,969.94757835,3233.1585945,4526.4220323,4526.4220323,969.94757835,646.6317189,646.6317189,646.6317189,1.0,5.0,7.0,7.0,S0_baseline
63450.0,1487.29315485,4957.6438495,6940.7013893,6940.7013893,1487.29315485,991.5287699,991.5287699,991.5287699,1.0,5.0,7.0,7.0,S0_baseline
63464.0,3182.289385,6364.57877,10819.783909000002,8910.410278000001,3182.289385,1272.915754,1352.4729886250002,1272.915754,1.0,5.0,8.0,7.0,S0_baseline
63470.0,2735.368914,10941.475656,12765.054932,12765.054932,2735.368914,1823.579276,1823.579276,1823.579276,1.0,6.0,7.0,7.0,S0_baseline
63473.0,949.10575575,3796.423023,4429.1601935,4429.1601935,949.10575575,632.7371705,632.7371704999999,632.7371704999999,1.0,6.0,7.0,7.0,S0_baseline
63475.0,4320.933627,18724.045717,20164.356926,17283.734508,4320.933627,3120.6742861666667,2880.622418,2880.6224180000004,1.0,6.0,7.0,6.0,S0_baseline
63492.0,3117.7185480000003,13510.113708,15588.592740000002,12470.874192,3117.7185480000003,2251.685618,2226.9418200000005,2078.479032,1.0,6.0,7.0,6.0,S0_baseline
63511.0,722.6823751,4336.094250599999,6142.800188349999,5058.776625699999,722.6823751,722.6823750999998,767.8500235437499,722.6823751,1.0,6.0,8.0,7.0,S0_baseline
63516.0,1096.107132,8220.80349,9316.910622,7672.749924000001,1096.107132,1370.133915,1164.6138277500002,1096.107132,1.0,6.0,8.0,7.0,S0_baseline
63525.0,1919.48126,3455.066268,5374.547528,5374.547528,1919.48126,863.766567,767.792504,767.792504,1.0,4.0,7.0,7.0,S0_baseline
63533.0,683.5140405,3075.81318225,5126.35530375,4784.5982835,683.5140405,768.9532955625,732.3364719642857,683.5140405,1.0,4.0,7.0,7.0,S0_baseline
63551.0,430.47998,1721.91992,3659.07983,3013.35986,430.47998,430.47998,457.38497875,430.47998,1.0,4.0,8.0,7.0,S0_baseline
63554.0,1849.4230105,2959.0768168,6288.0382357,5178.3844294,1849.4230105,739.7692042,786.0047794625,739.7692042,1.0,4.0,8.0,7.0,S0_baseline
63556.0,287.0458313,1435.2291564999998,2439.88956605,2009.3208191,287.0458313,287.0458313,304.98619575625,287.0458313,1.0,5.0,8.0,7.0,S0_baseline
63563.0,611.2248979,3056.1244895,5195.41163215,4278.5742853,611.2248979,611.2248979,649.42645401875,611.2248979,1.0,5.0,8.0,7.0,S0_baseline
63573.0,649.9644213,2166.548071,3033.1672994,3033.1672994,649.9644213,433.30961420000006,433.3096142,433.3096142,1.0,5.0,7.0,7.0,S0_baseline
63586.0,343.6480241,1718.2401205,2921.00820485,2405.5361687,343.6480241,343.6480241,365.12602560625,343.6480241,1.0,5.0,8.0,7.0,S0_baseline
63592.0,909.5384131,4547.692065499999,7731.076511349999,6366.7688917,909.5384131,909.5384130999998,966.38456391875,909.5384131,1.0,5.0,8.0,7.0,S0_baseline
63601.0,905.6361761,4528.1808805,7697.90749685,6339.4532327,905.6361761,905.6361761,962.23843710625,905.6361761,1.0,5.0,8.0,7.0,S0_baseline
63615.0,1227.334659,7364.007954000001,10432.3446015,8591.342613,1227.334659,1472.8015908000002,1304.0430751875,1227.334659,1.0,5.0,8.0,7.0,S0_baseline
63628.0,350.510311,1752.551555,2979.3376435,2453.572177,350.510311,350.510311,372.4172054375,350.510311,1.0,5.0,8.0,7.0,S0_baseline
63629.0,709.3355583,4256.0133498,6029.35224555,4965.3489081,709.3355583,709.3355582999999,753.66903069375,709.3355583,1.0,6.0,8.0,7.0,S0_baseline
63681.0,2899.824049,14499.120245,21748.6803675,20298.768343,2899.824049,3624.78006125,3106.954338214285,2899.824049,1.0,4.0,7.0,7.0,S0_baseline
63693.0,3709.556821,18547.784105,31531.2329785,25966.897747000003,3709.556821,4636.94602625,3941.4041223125,3709.5568210000006,1.0,4.0,8.0,7.0,S0_baseline
63711.0,923.9229283,6467.460498099999,7853.34489055,6467.460498099999,923.9229283,1077.9100830166665,981.66811131875,923.9229283,1.0,6.0,8.0,7.0,S0_baseline
63713.0,894.359118,6260.513825999999,7602.052503,6260.513825999999,894.359118,1043.4189709999998,950.256562875,894.359118,1.0,6.0,8.0,7.0,S0_baseline
63753.0,2117.326347,10586.631735,13762.621255500002,14821.284429,2117.326347,2117.326347,2293.7702092500003,2117.326347,1.0,5.0,6.0,7.0,S0_baseline
63778.0,366.6625638,2383.3066647,3116.6317923,2566.6379466,366.6625638,476.66133294,389.5789740375,366.6625638,1.0,5.0,8.0,7.0,S0_baseline
63787.0,1523.129524,6092.518096,9900.341906,10661.906668,1523.129524,1523.129524,1650.0569843333333,1523.129524,1.0,4.0,6.0,7.0,S0_baseline
63790.0,1901.486189,8556.687850499999,14261.1464175,13310.403323,1901.486189,2139.171962625,2037.306631071429,1901.486189,1.0,4.0,7.0,7.0,S0_baseline
63794.0,1083.419078,5417.09539,8125.643085,7583.933545999999,1083.419078,1083.419078,1160.806155,1083.419078,1.0,5.0,7.0,7.0,S0_baseline
63845.0,1760.000162,7920.000729,14960.001377,12320.001134,1760.000162,1980.00018225,1870.000172125,1760.000162,1.0,4.0,8.0,7.0,S0_baseline
63866.0,451.4209738,1805.6838952,2482.8153559,2708.5258428,451.4209738,451.4209738,496.56307118000007,451.4209738,1.0,4.0,5.0,6.0,S0_baseline
63871.0,753.5892847,3767.9464235,4898.33035055,6782.3035623,753.5892847,941.986605875,816.3883917583333,753.5892847,1.0,4.0,6.0,9.0,S0_baseline
63878.0,2465.568857,9862.275428,16026.1975705,22190.119713,2465.568857,2465.568857,2671.032928416667,2465.568857,1.0,4.0,6.0,9.0,S0_baseline
63885.0,722.4073803,2889.6295212,3973.24059165,4334.4442818,722.4073803,722.4073803,794.64811833,722.4073803,1.0,4.0,5.0,6.0,S0_baseline
63891.0,987.0535808,3948.2143232,5428.7946944,6909.375065599999,987.0535808,987.0535808,1085.75893888,987.0535807999998,1.0,4.0,5.0,7.0,S0_baseline
63900.0,1358.07548,8148.45288,10185.5661,9506.52836,1358.07548,2037.11322,1455.0808714285715,1358.07548,1.0,4.0,7.0,7.0,S0_baseline
63946.0,1513.932254,6055.729016,8326.627397,7569.66127,1513.932254,1513.932254,1665.3254794,1513.932254,1.0,4.0,5.0,5.0,S0_baseline
63953.0,786.0772116,3144.3088464,5109.5018754,6288.6176928,786.0772116,786.0772116,851.5836459000001,786.0772116,1.0,4.0,6.0,8.0,S0_baseline
63961.0,1245.139292,4980.557168,4980.557168,6225.69646,1245.139292,1245.139292,1245.139292,1245.139292,1.0,4.0,4.0,5.0,S0_baseline
63963.0,1803.479183,7213.916732,9919.1355065,9017.395915,1803.479183,1803.479183,1983.8271013,1803.479183,1.0,4.0,5.0,5.0,S0_baseline
63967.0,1006.328996,4025.315984,5534.809477999999,5031.64498,1006.328996,1006.328996,1106.9618956,1006.328996,1.0,4.0,5.0,5.0,S0_baseline
63995.0,1615.532008,8885.426044,6462.128032,8077.66004,1615.532008,2221.356511,1615.532008,1615.532008,1.0,4.0,4.0,5.0,S0_baseline
63996.0,3913.028276,21521.655518,15652.113104,19565.14138,3913.028276,5380.4138795,3913.028276,3913.028276,1.0,4.0,4.0,5.0,S0_baseline
64001.0,711.6184573,2846.4738292,3913.90151515,5692.9476584,711.6184573,711.6184573,782.78030303,711.6184573,1.0,4.0,5.0,8.0,S0_baseline
64010.0,1482.124672,5928.498688,9633.810368,11856.997376,1482.124672,1482.124672,1605.6350613333332,1482.124672,1.0,4.0,6.0,8.0,S0_baseline
64012.0,1124.673581,4498.694324,4498.694324,5623.367905,1124.673581,1124.673581,1124.673581,1124.673581,1.0,4.0,4.0,5.0,S0_baseline
64016.0,895.7462376,3582.9849504,4926.6043068,5374.4774256,895.7462376,895.7462376,985.32086136,895.7462376,1.0,4.0,5.0,6.0,S0_baseline
64020.0,1067.775954,4271.103816,5872.767747,8542.207632,1067.775954,1067.775954,1174.5535494,1067.775954,1.0,4.0,5.0,8.0,S0_baseline
64024.0,742.1004129,2968.4016516,4081.55227095,3710.5020645,742.1004129,742.1004129,816.31045419,742.1004129,1.0,4.0,5.0,5.0,S0_baseline
64055.0,1374.057546,5496.230184,7557.316503,8244.345276,1374.057546,1374.057546,1511.4633006,1374.057546,1.0,4.0,5.0,6.0,S0_baseline
64071.0,599.0847757,2995.4238785,3294.9662663500003,4792.6782056,599.0847757,748.8559696250001,658.9932532700001,599.0847757,1.0,4.0,5.0,8.0,S0_baseline
64077.0,455.7641302,1823.0565208,2506.7027161,3646.1130416,455.7641302,455.7641302,501.34054322,455.7641302,1.0,4.0,5.0,8.0,S0_baseline
64082.0,1148.062686,4592.250744,6314.344773,9184.501488,1148.062686,1148.062686,1262.8689546,1148.062686,1.0,4.0,5.0,8.0,S0_baseline
64085.0,742.8583634,2971.4334536,4085.7209987,5942.8669072,742.8583634,742.8583634,817.14419974,742.8583634,1.0,4.0,5.0,8.0,S0_baseline
64088.0,502.0810724,2008.3242896,2761.4458982,4016.6485792,502.0810724,502.0810724,552.2891796399999,502.0810724,1.0,4.0,5.0,8.0,S0_baseline
64103.0,1316.935546,7901.613276,13827.823233,10535.484368,1316.935546,1316.935546,1536.4248036666663,1316.935546,1.0,6.0,9.0,8.0,S0_baseline
64130.0,1810.729653,9053.648265,15391.2020505,14485.837224,1810.729653,1810.729653,1923.9002563125,1810.729653,1.0,5.0,8.0,8.0,S0_baseline
64152.0,2683.808291,13419.041455,28179.9870555,18786.658037,2683.808291,2683.808291,3522.4983819375,2683.808291,1.0,5.0,8.0,7.0,S0_baseline
64162.0,654.7544865,3928.526919,4910.65864875,5892.7903785,654.7544865,785.7053837999999,701.5226641071429,654.7544865,1.0,5.0,7.0,9.0,S0_baseline
64171.0,839.0847551,4195.4237755,6293.13566325,6712.6780408,839.0847551,839.0847551,899.0193804642857,839.0847551,1.0,5.0,7.0,8.0,S0_baseline
64175.0,1460.246204,7301.23102,10951.84653,10221.723428,1460.246204,1460.246204,1564.5495042857144,1460.2462040000005,1.0,5.0,7.0,7.0,S0_baseline
64195.0,2053.633714,8214.534856,11294.985427,14375.435998,2053.633714,2053.633714,2258.9970854,2053.633714,1.0,4.0,5.0,7.0,S0_baseline
64209.0,1106.856323,4427.425292,6087.7097765,7747.994261,1106.856323,1106.856323,1217.5419553,1106.856323,1.0,4.0,5.0,7.0,S0_baseline
64227.0,602.1509558,3010.754779,2408.6038232,3612.9057348,602.1509558,602.1509558,602.1509558,602.1509558,1.0,5.0,4.0,6.0,S0_baseline
64231.0,1208.679034,4834.716136,6647.734687,8460.753238,1208.679034,1208.679034,1329.5469374,1208.679034,1.0,4.0,5.0,7.0,S0_baseline
64260.0,1981.841617,9909.208085,10900.1288935,13872.891319,1981.841617,1981.841617,2180.0257787,1981.841617,1.0,5.0,5.0,7.0,S0_baseline
64313.0,1126.876673,4507.506692,6197.8217015,7888.136711,1126.876673,1126.876673,1239.5643403,1126.876673,1.0,4.0,5.0,7.0,S0_baseline
64324.0,2119.14333,10595.716649999998,11655.288315,18012.718305,2119.14333,2119.14333,2331.057663,2251.589788125,1.0,5.0,5.0,8.0,S0_baseline
64344.0,1433.940876,7169.704379999999,7886.674817999999,10037.586132,1433.940876,1433.940876,1577.3349635999998,1433.940876,1.0,5.0,5.0,7.0,S0_baseline
64371.0,666.0080817,2664.0323268,3663.04444935,5661.06869445,666.0080817,666.0080817,732.6088898700001,707.63358680625,1.0,4.0,5.0,8.0,S0_baseline
64374.0,482.5490114,2412.745057,4101.6665969,3619.1175855,482.5490114,482.5490114,512.7083246125,517.0167979285715,1.0,5.0,8.0,7.0,S0_baseline
64391.0,1560.101681,7800.508405,11700.7626075,11700.7626075,1560.101681,1560.101681,1671.5375153571429,1671.5375153571429,1.0,5.0,7.0,7.0,S0_baseline
64448.0,1092.693679,5463.468395,7102.5089135,8195.2025925,1092.693679,1092.693679,1183.7514855833333,1170.7432275,1.0,5.0,6.0,7.0,S0_baseline
64460.0,642.732861,3213.664305,3535.0307354999995,4820.496457499999,642.732861,642.732861,707.0061470999999,688.6423510714285,1.0,5.0,5.0,7.0,S0_baseline
64479.0,1099.706135,6048.383742499999,6048.383742499999,6598.236809999999,1099.706135,1512.0959356249998,1209.6767484999998,1099.706135,1.0,4.0,5.0,6.0,S0_baseline
64514.0,715.3327694,2861.3310776,3934.3302317,3576.663847,715.3327694,715.3327694,786.8660463399999,715.3327694,1.0,4.0,5.0,5.0,S0_baseline
64575.0,1190.847308,4763.389232,6549.660194,5954.236540000001,1190.847308,1190.847308,1309.9320388,1190.847308,1.0,4.0,5.0,5.0,S0_baseline
64611.0,631.4507446,2525.8029784,3472.9790953,3157.253723,631.4507446,631.4507446,694.59581906,631.4507446,1.0,4.0,5.0,5.0,S0_baseline
64657.0,1205.335514,5424.009813000001,4821.342056,7232.013084,1205.335514,1356.00245325,1205.335514,1205.335514,1.0,4.0,4.0,6.0,S0_baseline
64663.0,910.3199915,3641.279966,5006.75995325,4551.5999575000005,910.3199915,910.3199915,1001.35199065,910.3199915,1.0,4.0,5.0,5.0,S0_baseline
64687.0,745.9394062,2983.7576248,2983.7576248,4475.6364372,745.9394062,745.9394062,745.9394062,745.9394062,1.0,4.0,4.0,6.0,S0_baseline
64693.0,2116.755127,9525.3980715,8467.020508,12700.530762,2116.755127,2381.349517875,2116.755127,2116.755127,1.0,4.0,4.0,6.0,S0_baseline
64724.0,1356.760779,6105.4235055,5427.043116,8140.564673999999,1356.760779,1526.355876375,1356.760779,1356.760779,1.0,4.0,4.0,6.0,S0_baseline
64726.0,657.6401679,3617.02092345,3617.02092345,4274.661091350001,657.6401679,723.4041846900001,723.4041846900001,712.4435152250002,1.0,5.0,5.0,6.0,S0_baseline
64727.0,631.7176673,3474.44717015,3474.44717015,4106.16483745,631.7176673,694.8894340300001,694.8894340300001,684.3608062416666,1.0,5.0,5.0,6.0,S0_baseline
64812.0,2384.242568,10729.091556,13113.334124,17881.81926,2384.242568,2682.2728890000003,2622.6668248,2554.5456085714286,1.0,4.0,5.0,7.0,S0_baseline
64828.0,3085.165577,13883.2450965,12340.662308,23138.7418275,3085.165577,3470.811274125,3085.165577,3305.5345467857146,1.0,4.0,4.0,7.0,S0_baseline
64829.0,3232.714312,14547.214404,12930.857248,24245.35734,3232.714312,3636.803601,3232.714312,3463.6224771428574,1.0,4.0,4.0,7.0,S0_baseline
64854.0,2055.493992,9249.722964,8221.975968,15416.20494,2055.493992,2312.430741,2055.493992,2202.314991428572,1.0,4.0,4.0,7.0,S0_baseline
64865.0,1602.707215,7212.182467499999,6410.82886,13623.0113275,1602.707215,1803.045616875,1602.707215,1946.1444753571427,1.0,4.0,4.0,7.0,S0_baseline
64902.0,1691.736042,7612.812189,6766.944168,10150.416252,1691.736042,1903.20304725,1691.736042,1691.7360419999998,1.0,4.0,4.0,6.0,S0_baseline
64912.0,2030.204268,9135.919206,8120.817072,12181.225608,2030.204268,2283.9798015,2030.204268,2030.204268,1.0,4.0,4.0,6.0,S0_baseline
64923.0,454.953281,2047.2897645,1819.813124,2729.719686,454.953281,511.822441125,454.953281,454.953281,1.0,4.0,4.0,6.0,S0_baseline
64943.0,2263.994006,10187.973027,9055.976024,16979.955045,2263.994006,2546.99325675,2263.994006,2425.7078635714283,1.0,4.0,4.0,7.0,S0_baseline
64956.0,818.4262865,3682.91828925,3273.705146,5319.77086225,818.4262865,920.7295723125,818.4262865,886.6284770416665,1.0,4.0,4.0,6.0,S0_baseline
64968.0,506.9166018,2788.0413099,2788.0413099,3294.9579117000003,506.9166018,557.6082619800001,557.6082619800001,549.15965195,1.0,5.0,5.0,6.0,S0_baseline
64996.0,954.0945291,4293.4253809500005,4770.4726455,8109.803497350001,954.0945291,1073.3563452375,954.0945291,1013.72543716875,1.0,4.0,5.0,8.0,S0_baseline
65017.0,875.0039056,3062.5136696,5250.0234336,6125.0273392,875.0039056,1020.8378898666666,875.0039056,875.0039055999999,1.0,3.0,6.0,7.0,S0_baseline
65022.0,454.5514891,1590.93021185,2727.3089346,3863.68765735,454.5514891,530.3100706166666,454.5514891,482.9609571687501,1.0,3.0,6.0,8.0,S0_baseline
65115.0,299.4429635,748.6074087500001,1497.2148175000002,1796.657781,299.4429635,374.30370437500005,299.4429635,299.4429635,1.0,2.0,5.0,6.0,S0_baseline
65217.0,211.7738908,529.4347270000001,635.3216724,1164.7563994,211.7738908,264.71736350000003,211.7738908,232.95127988,1.0,2.0,3.0,5.0,S0_baseline
65269.0,159.0378996,477.1136988,1351.8221466,1351.8221466,159.0378996,159.0378996,168.977768325,168.977768325,1.0,3.0,8.0,8.0,S0_baseline
65271.0,764.5991046,1529.1982092,6499.0923891,6499.0923891,764.5991046,764.5991046,812.3865486375,812.3865486375,1.0,2.0,8.0,8.0,S0_baseline
65316.0,1098.620524,2746.55131,4394.482096,7141.033406,1098.620524,1373.275655,1098.620524,1190.172234333333,1.0,2.0,4.0,6.0,S0_baseline
65327.0,489.0094239,1222.52355975,1956.0376956,3178.56125535,489.0094239,611.261779875,489.0094239,529.760209225,1.0,2.0,4.0,6.0,S0_baseline
65337.0,262.0734699,655.1836747500001,1048.2938796,1703.4775543500002,262.0734699,327.59183737500007,262.0734699,283.91292572500004,1.0,2.0,4.0,6.0,S0_baseline
65340.0,248.6228077,621.5570192499999,994.4912308,1616.04825005,248.6228077,310.778509625,248.6228077,269.34137500833333,1.0,2.0,4.0,6.0,S0_baseline
65341.0,228.0105292,570.026323,912.0421168,1482.0684398,228.0105292,285.0131615,228.0105292,247.0114066333333,1.0,2.0,4.0,6.0,S0_baseline
65342.0,122.0574644,305.143661,488.2298576,793.3735186,122.0574644,152.5718305,122.0574644,132.22891976666668,1.0,2.0,4.0,6.0,S0_baseline
65343.0,168.0374135,420.09353375,672.149654,1092.24318775,168.0374135,210.046766875,168.0374135,182.04053129166667,1.0,2.0,4.0,6.0,S0_baseline
65350.0,451.3745185,1128.43629625,1805.498074,2933.93437025,451.3745185,564.218148125,451.3745185,488.9890617083333,1.0,2.0,4.0,6.0,S0_baseline
65361.0,151.5595737,378.89893425,606.2382948,985.13722905,151.5595737,189.449467125,151.5595737,164.18953817499997,1.0,2.0,4.0,6.0,S0_baseline
65363.0,236.3956702,590.9891755,945.5826808,1536.5718563,236.3956702,295.49458775,236.3956702,256.09530938333336,1.0,2.0,4.0,6.0,S0_baseline
65390.0,0.0,643.8749587499999,772.6499504999999,1674.07489275,0.0,321.93747937499995,257.5499835,279.012482125,0.0,2.0,3.0,6.0,S0_baseline
65398.0,0.0,1163.76445275,1396.5173433,3025.78757715,0.0,581.882226375,465.5057811,504.297929525,0.0,2.0,3.0,6.0,S0_baseline
65412.0,1737.30231,8686.51155,14767.069635,13898.41848,1737.30231,1737.3023099999998,1845.883704375,1985.4883542857144,1.0,5.0,8.0,7.0,S0_baseline
65432.0,440.6758883,1762.7035532,3305.06916225,3084.7312181,440.6758883,440.6758883,472.1527374642857,440.6758883,1.0,4.0,7.0,7.0,S0_baseline
65443.0,2118.271832,8473.087328,18005.310572,14827.902824,2118.271832,2118.271832,2250.6638215,2118.271832,1.0,4.0,8.0,7.0,S0_baseline
65445.0,870.7772069,3483.1088276,7401.60625865,6095.4404483,870.7772069,870.7772069,925.20078233125,870.7772069,1.0,4.0,8.0,7.0,S0_baseline
65448.0,1008.537797,5042.688985,8572.5712745,7059.764579,1008.537797,1008.537797,1224.6530392142856,1008.537797,1.0,5.0,7.0,7.0,S0_baseline
65449.0,1540.368122,7701.84061,13093.129037,10782.576854,1540.368122,1540.368122,1870.4470052857143,1540.368122,1.0,5.0,7.0,7.0,S0_baseline
65451.0,1717.614316,6870.457264,12882.10737,12023.300212,1717.614316,1717.614316,1840.3010528571428,1717.614316,1.0,4.0,7.0,7.0,S0_baseline
65467.0,749.4184233,3747.0921165,6370.05659805,5995.3473864,749.4184233,749.4184233,910.0080854357142,856.4781980571428,1.0,5.0,7.0,7.0,S0_baseline
65473.0,1076.302568,5381.51284,9148.571828,7534.117976,1076.302568,1076.302568,1306.9388325714283,1076.302568,1.0,5.0,7.0,7.0,S0_baseline
65475.0,824.8923466,4949.3540796,7011.5849461,6599.1387728,824.8923466,824.8923466,1001.6549923,824.8923466,1.0,6.0,7.0,8.0,S0_baseline
65477.0,208.6410392,1251.8462352,1773.4488332,1669.1283136,208.6410392,208.6410392,253.3498333142857,208.6410392,1.0,6.0,7.0,8.0,S0_baseline
65493.0,526.6875853,2106.7503412,3950.15688975,3686.8130971,526.6875853,526.6875853,564.3081271071429,526.6875853,1.0,4.0,7.0,7.0,S0_baseline
65499.0,1145.631345,4582.52538,8592.235087500001,8019.419415,1145.631345,1145.631345,1227.462155357143,1145.631345,1.0,4.0,7.0,7.0,S0_baseline
65504.0,1268.515277,5074.061108,9513.8645775,8879.606939,1268.515277,1268.515277,1359.1235110714283,1268.515277,1.0,4.0,7.0,7.0,S0_baseline
65505.0,3176.798693,12707.194772,23825.9901975,22237.590851,3176.798693,3176.798693,3403.7128853571426,3176.798693,1.0,4.0,7.0,7.0,S0_baseline
65510.0,1565.808701,12526.469608,13309.3739585,14092.278309,1565.808701,1565.808701,1901.339136928572,1565.808701,1.0,8.0,7.0,9.0,S0_baseline
65511.0,890.3818178,7123.0545424,8458.6272691,8013.4363602,890.3818178,890.3818178,1057.3284086375,890.3818178,1.0,8.0,8.0,9.0,S0_baseline
65513.0,928.2867348,7426.2938784,8818.7239806,8354.5806132,928.2867348,928.2867348,1102.340497575,928.2867348,1.0,8.0,8.0,9.0,S0_baseline
65520.0,1105.246383,6631.478298,9394.5942555,7736.724681,1105.246383,1105.246383,1174.3242819375,1105.246383,1.0,6.0,8.0,7.0,S0_baseline
65528.0,1205.666614,7233.999684,10248.166219,8439.666298,1205.666614,1205.666614,1281.020777375,1205.666614,1.0,6.0,8.0,7.0,S0_baseline
65529.0,888.5594291,5331.3565746,7552.75514735,6219.9160037,888.5594291,888.5594291000001,944.09439341875,888.5594291,1.0,6.0,8.0,7.0,S0_baseline
65541.0,1511.772837,9070.637022,12850.0691145,12094.182696,1511.772837,1511.7728369999998,1606.2586393125,1511.772837,1.0,6.0,8.0,8.0,S0_baseline
65551.0,1225.119973,7350.719838000001,10413.5197705,9800.959784,1225.119973,1225.119973,1301.6899713125,1225.119973,1.0,6.0,8.0,8.0,S0_baseline
65556.0,500.5288371,3003.1730226,4254.49511535,4004.2306968,500.5288371,500.5288371,531.81188941875,500.5288371,1.0,6.0,8.0,8.0,S0_baseline
65566.0,902.7107795,5416.264676999999,6770.330846249999,7221.686236,902.7107795,902.7107794999998,967.190120892857,902.7107795,1.0,6.0,7.0,8.0,S0_baseline
65569.0,2177.351719,13064.110313999998,18507.4896115,15241.462032999998,2177.351719,2177.351719,2313.4362014375,2177.351719,1.0,6.0,8.0,7.0,S0_baseline
65571.0,394.0460918,2364.2765508,3349.3917803,3152.3687344,394.0460918,394.04609180000006,418.6739725375,394.0460918,1.0,6.0,8.0,8.0,S0_baseline
65575.0,1395.292608,8371.755648,11859.987168,9767.048256,1395.292608,1395.292608,1482.498396,1395.292608,1.0,6.0,8.0,7.0,S0_baseline
65586.0,396.8966431,2381.3798586000003,3373.62146635,2778.2765017,396.8966431,396.89664310000006,421.70268329375,396.8966431,1.0,6.0,8.0,7.0,S0_baseline
65590.0,520.088745,3120.53247,4420.754332500001,4160.70996,520.088745,520.088745,552.5942915625001,520.088745,1.0,6.0,8.0,8.0,S0_baseline
65593.0,1911.731318,11470.387908,16249.716203,13382.119226,1911.731318,1911.731318,2031.214525375,1911.731318,1.0,6.0,8.0,7.0,S0_baseline
65605.0,1484.52308,8907.13848,12618.44618,10391.66156,1484.52308,1484.52308,1577.3057725,1484.5230800000002,1.0,6.0,8.0,7.0,S0_baseline
65606.0,502.1320079,3012.7920474,4268.1220671500005,4017.0560632,502.1320079,502.1320079,533.5152583937501,502.1320079,1.0,6.0,8.0,8.0,S0_baseline
65613.0,278.322131,1391.610655,2365.7381135,1948.254917,278.322131,278.322131,295.7172641875,278.322131,1.0,5.0,8.0,7.0,S0_baseline
65617.0,1672.996788,10037.980728,12547.47591,13383.974304,1672.996788,1672.9967879999997,1792.4965585714283,1672.996788,1.0,6.0,7.0,8.0,S0_baseline
65622.0,942.9164296,5657.4985776,7071.873222,7543.3314368,942.9164296,942.9164296,1010.2676031428572,942.9164296,1.0,6.0,7.0,8.0,S0_baseline
65628.0,515.3394271,3092.0365626,4380.38513035,3607.3759897,515.3394271,515.3394271,547.54814129375,515.3394271,1.0,6.0,8.0,7.0,S0_baseline
65630.0,1029.07272,6174.436319999999,8747.11812,8232.58176,1029.07272,1029.07272,1093.389765,1029.07272,1.0,6.0,8.0,8.0,S0_baseline
65634.0,1155.957531,6935.745186,8669.6814825,9247.660248,1155.957531,1155.957531,1238.5259260714286,1155.957531,1.0,6.0,7.0,8.0,S0_baseline
65635.0,1875.474782,11252.848692,14066.060865,15003.798256,1875.474782,1875.474782,2009.4372664285715,1875.474782,1.0,6.0,7.0,8.0,S0_baseline
65639.0,394.3727336,1971.863668,3352.1682356,2760.6091352,394.3727336,394.3727336,419.02102945,394.3727336,1.0,5.0,8.0,7.0,S0_baseline
65673.0,1932.242699,11593.456194,18356.3056405,17390.184290999998,1932.242699,1932.242699,2294.5382050625,1932.242699,1.0,6.0,8.0,9.0,S0_baseline
65679.0,2831.886838,14159.43419,24071.038123,22655.094704,2831.886838,2831.886838,3008.879765375,2831.886838,1.0,5.0,8.0,8.0,S0_baseline
65680.0,3242.964105,16214.820525,27565.1948925,25943.71284,3242.964105,3242.964105,3445.6493615625,3242.964105,1.0,5.0,8.0,8.0,S0_baseline
65689.0,378.4380687,3405.9426183,3973.59972135,4162.8187557,378.4380687,378.4380687,496.69996516874994,416.28187557,1.0,9.0,8.0,10.0,S0_baseline
65690.0,343.0611358,3087.5502222,3945.2030617,4116.733629599999,343.0611358,343.0611358,493.1503827125,411.67336296,1.0,9.0,8.0,10.0,S0_baseline
65701.0,1678.532321,6714.129284,8812.294685249999,10910.4600865,839.2661605,959.1613262857144,979.1438539166666,991.8600078636364,2.0,7.0,9.0,11.0,S0_baseline
65716.0,4056.21251,10140.531275,21295.1156775,22309.168805,2028.106255,2028.106255,2366.1239641666666,2230.9168805,2.0,5.0,9.0,10.0,S0_baseline
65734.0,2960.0202156,3946.6936208,10360.0707546,9866.734052,1480.0101078,986.6734052,1151.1189727333335,986.6734052,2.0,4.0,9.0,10.0,S0_baseline
65738.0,525.4242997,2627.1214985,4991.53084715,4728.8186973,525.4242997,525.4242997,623.94135589375,525.4242997,1.0,5.0,8.0,9.0,S0_baseline
65744.0,3939.86564,9849.6641,22654.22743,19699.3282,1969.93282,1969.93282,2517.136381111111,1969.93282,2.0,5.0,9.0,10.0,S0_baseline
65747.0,1926.7359192,3853.4718384,10115.3635758,9633.679596,963.3679596,963.3679596,1123.9292862,963.3679596,2.0,4.0,9.0,10.0,S0_baseline
65750.0,2492.766398,6231.915995,13087.0235895,12463.83199,1246.383199,1246.383199,1454.1137321666668,1246.383199,2.0,5.0,9.0,10.0,S0_baseline
65752.0,1323.056083,6615.280414999999,13892.0888715,14553.616913,1323.056083,1323.056083,1543.5654301666666,1455.3616913,1.0,5.0,9.0,10.0,S0_baseline
65753.0,1523.893735,7619.468675,16000.8842175,16762.831085,1523.893735,1523.893735,1777.8760241666669,1676.2831085000005,1.0,5.0,9.0,10.0,S0_baseline
65755.0,3311.1193860000003,6622.238772000001,11588.917851000002,11037.06462,1103.706462,1103.706462,1158.8917851,1103.706462,3.0,6.0,10.0,10.0,S0_baseline
65760.0,1352.176122,8113.056732000001,14197.849281,12169.585098,1352.176122,1352.176122,1774.731160125,1352.176122,1.0,6.0,8.0,9.0,S0_baseline
65765.0,2695.328956,8085.986868,12802.812541,13476.64478,1347.664478,1617.1973736,1422.5347267777777,1347.664478,2.0,5.0,9.0,10.0,S0_baseline
65777.0,2169.485383,10847.426915,20610.1111385,19525.368447,2169.485383,2169.485383,2576.2638923125,2169.485383,1.0,5.0,8.0,9.0,S0_baseline
65778.0,1101.184497,5505.922485,10461.2527215,9910.660473,1101.184497,1101.184497,1307.6565901875,1101.184497,1.0,5.0,8.0,9.0,S0_baseline
65782.0,199.2764667,996.3823335,2092.40290035,1992.764667,199.2764667,199.2764667,209.240290035,199.2764667,1.0,5.0,10.0,10.0,S0_baseline
65789.0,1522.641638,7613.20819,17510.378837,13703.774742,1522.641638,1522.641638,1751.0378837,1522.641638,1.0,5.0,10.0,9.0,S0_baseline
65799.0,811.6709866,4870.0259196,6899.2033861,7305.0388794,811.6709866,811.6709866,862.4004232625,811.6709866,1.0,6.0,8.0,9.0,S0_baseline
65803.0,3353.362117,13413.448468,35210.302228500004,33533.62117,3353.362117,3353.362117,3912.255803166667,3725.9579077777776,1.0,4.0,9.0,9.0,S0_baseline
65809.0,535.0565476,2675.2827380000003,6153.1502974,4815.5089284000005,535.0565476,535.0565476,615.31502974,535.0565476,1.0,5.0,10.0,9.0,S0_baseline
65817.0,5641.598074,14103.995185000002,26797.5908515,22566.392296,2820.799037,2820.799037,2977.510094611111,2820.799037,2.0,5.0,9.0,8.0,S0_baseline
65819.0,2483.69736,4967.39472,13039.41114,8692.940760000001,1241.84868,1241.84868,1303.941114,1241.8486800000005,2.0,4.0,10.0,7.0,S0_baseline
65830.0,3318.796905,13275.18762,31528.5705975,23231.578335,3318.796905,4425.06254,3503.174510833333,3871.929722500001,1.0,3.0,9.0,6.0,S0_baseline
65832.0,1051.79048,6310.74288,8940.219079999999,8414.32384,1051.79048,1051.79048,1117.527385,1051.79048,1.0,6.0,8.0,8.0,S0_baseline
65847.0,942.132067,5652.792402,8008.1225695,8479.188603,942.132067,942.132067,1001.0153211875,942.132067,1.0,6.0,8.0,9.0,S0_baseline
65865.0,5087.824212,10175.648424,24167.165007000003,17807.384742000002,5087.824212,2543.912106,2685.2405563333336,2543.912106,1.0,4.0,9.0,7.0,S0_baseline
65866.0,1595.78982,6383.15928,15160.00329,11170.52874,1595.78982,1595.78982,1684.44481,1595.78982,1.0,4.0,9.0,7.0,S0_baseline
65869.0,3876.498754,5814.748131,20351.6184585,13567.745639,1938.249377,1938.249377,2035.16184585,1938.249377,2.0,3.0,10.0,7.0,S0_baseline
65878.0,2244.856042,13469.136252,16836.420315,17958.848336,2244.856042,2244.856042,2405.202902142857,2244.856042,1.0,6.0,7.0,8.0,S0_baseline
65886.0,1443.9222242,2165.8833363000003,6858.630564950001,5053.7277847000005,721.9611121,721.9611121000002,762.0700627722223,721.9611121,2.0,3.0,9.0,7.0,S0_baseline
65888.0,682.9411059,4097.6466354,5804.99940015,6146.469953100001,682.9411059,682.9411059,725.62492501875,768.3087441375001,1.0,6.0,8.0,8.0,S0_baseline
65889.0,2283.426626,3425.139939,11987.9897865,7991.993191,1141.713313,1141.713313,1198.79897865,1141.713313,2.0,3.0,10.0,7.0,S0_baseline
65907.0,3103.606732,4655.410098,13190.328611,10862.623562,1551.803366,1551.803366,1648.791076375,1551.803366,2.0,3.0,8.0,7.0,S0_baseline
65911.0,1475.779647,7378.898235000001,12544.1269995,10330.457529,1475.779647,1475.779647,1568.0158749375,1475.779647,1.0,5.0,8.0,7.0,S0_baseline
65913.0,944.0076082,4720.038041,8024.0646697,6608.053257400001,944.0076082,944.0076082,1003.0080837125,944.0076082000002,1.0,5.0,8.0,7.0,S0_baseline
65918.0,4239.734673,5652.979564,12012.5815735,9892.714237,1413.244891,1413.244891,1501.5726966875,1413.244891,3.0,4.0,8.0,7.0,S0_baseline
65921.0,2518.837978,5037.675956,10705.0614065,8815.932923,1259.418989,1679.225318666667,1338.1326758125,1259.418989,2.0,3.0,8.0,7.0,S0_baseline
65922.0,5662.10554,8493.158309999999,24063.948545,19817.36939,2831.05277,2831.05277,3007.993568125,2831.05277,2.0,3.0,8.0,7.0,S0_baseline
65928.0,2324.626086,4649.252172,9879.660865500002,8136.191301000001,1162.313043,1549.7507240000002,1234.9576081875002,1162.313043,2.0,3.0,8.0,7.0,S0_baseline
65934.0,1349.9175078,2699.8350156,5737.14940815,4724.7112773,674.9587539,899.9450052000001,717.14367601875,674.9587539,2.0,3.0,8.0,7.0,S0_baseline
65941.0,3132.506229,5220.843715,8875.434315499999,7309.181200999999,1044.168743,1044.168743,1109.4292894374998,1044.168743,3.0,5.0,8.0,7.0,S0_baseline
65949.0,1770.8485274,3541.6970548,8411.53050515,6197.9698459,885.4242637,1180.5656849333334,1051.44131314375,885.4242637,2.0,3.0,8.0,7.0,S0_baseline
65950.0,4077.396555,6795.660925,11552.6235725,9513.925295,1359.132185,1359.132185,1444.0779465624998,1359.132185,3.0,5.0,8.0,7.0,S0_baseline
65951.0,2865.22037,5730.44074,12177.1865725,10028.271295,1432.610185,1432.610185,1522.1483215625,1432.610185,2.0,4.0,8.0,7.0,S0_baseline
65954.0,453.6751064,680.5126596,1928.1192022,1587.8628724,226.8375532,226.8375532,241.014900275,226.8375532,2.0,3.0,8.0,7.0,S0_baseline
65961.0,2084.652518,3126.978777,8859.7732015,8338.610072,1042.326259,1042.326259,1107.4716501875,1042.326259,2.0,3.0,8.0,8.0,S0_baseline
65964.0,1506.123506,7530.617529999999,10542.864542,9036.741036,1506.123506,1506.123506,1506.123506,1506.123506,1.0,5.0,7.0,6.0,S0_baseline
65971.0,827.5482376,1655.0964752,3517.0800098,2896.4188316,413.7741188,413.7741188,439.635001225,413.7741188,2.0,4.0,8.0,7.0,S0_baseline
65973.0,569.4692553,2277.8770212,3986.2847871,3986.2847871,569.4692553,569.4692553,569.4692553,569.4692553,1.0,4.0,7.0,7.0,S0_baseline
65977.0,2154.027843,10770.139215,15078.194901,15078.194901,2154.027843,2154.027843,2154.027843,2154.027843,1.0,5.0,7.0,7.0,S0_baseline
65992.0,1258.112161,6290.560805,10064.897288,8806.785127,1258.112161,1258.112161,1437.8424697142857,1258.1121609999998,1.0,5.0,7.0,7.0,S0_baseline
66005.0,3360.938498,6721.876996,15964.4578655,11763.284743,3360.938498,1680.469249,1773.8286517222225,1960.5474571666664,1.0,4.0,9.0,6.0,S0_baseline
66022.0,1155.8025188,2311.6050376,4623.2100752,4045.3088158,1155.8025188,577.9012594,577.9012594,674.2181359666666,1.0,4.0,8.0,6.0,S0_baseline
66024.0,1729.863915,8649.319575,13838.91132,10379.18349,1729.863915,1729.863915,1729.863915,1729.863915,1.0,5.0,8.0,6.0,S0_baseline
66029.0,1101.053146,4404.212584,7707.372022,7707.372022,1101.053146,1101.053146,1101.053146,1284.562003666667,1.0,4.0,7.0,6.0,S0_baseline
66037.0,8501.382936,14168.97156,21253.45734,19836.560184,2833.794312,2833.794312,3036.208191428572,2833.7943120000004,3.0,5.0,7.0,7.0,S0_baseline
66039.0,5097.273324,10194.546648,16141.365526,13592.728864,1699.0911079999998,2038.9093296,1793.4850584444446,1699.091108,3.0,5.0,9.0,8.0,S0_baseline
66040.0,436.2426028,654.3639042,1854.0310619,1744.9704112,218.1213014,218.1213014,231.7538827375,218.1213014,2.0,3.0,8.0,8.0,S0_baseline
66075.0,2441.732816,4883.465632,10377.364468000002,9766.931264,1220.866408,1220.866408,1297.1705585000002,1220.866408,2.0,4.0,8.0,8.0,S0_baseline
66081.0,1538.805619,6155.222476,13079.8477615,12310.444952,1538.805619,2051.7408253333333,1634.9809701875,1538.805619,1.0,3.0,8.0,8.0,S0_baseline
66083.0,2750.3887344,4583.981224,6875.971836,6417.5737136,916.7962448,916.7962448,982.2816908571428,916.7962448,3.0,5.0,7.0,7.0,S0_baseline
66096.0,3477.283788,5795.47298,8693.20947,8113.662171999999,1159.094596,1159.094596,1241.8870671428572,1159.094596,3.0,5.0,7.0,7.0,S0_baseline
66108.0,1273.472094,6367.36047,10187.776752,6367.36047,1273.472094,1273.472094,1455.396678857143,1273.472094,1.0,5.0,7.0,5.0,S0_baseline
66109.0,1733.544322,5200.632966,14735.126737,12134.810254,1733.544322,1733.544322,1841.890842125,1733.544322,1.0,3.0,8.0,7.0,S0_baseline
66111.0,1240.04967,3720.14901,10540.422195,9920.39736,1240.04967,1240.04967,1317.552774375,1240.04967,1.0,3.0,8.0,8.0,S0_baseline
66120.0,633.087878,1899.263634,2690.6234815000003,2532.351512,316.543939,379.8527268,336.32793518750003,316.543939,2.0,5.0,8.0,8.0,S0_baseline
66133.0,251.0219685,1255.1098425,1882.66476375,1757.1537795000002,251.0219685,313.777460625,268.95210910714286,251.0219685,1.0,4.0,7.0,7.0,S0_baseline
66136.0,773.7991065,3095.196426,6577.29240525,5416.5937455,773.7991065,773.7991065,822.16155065625,773.7991065,1.0,4.0,8.0,7.0,S0_baseline
66141.0,1041.151678,3123.455034,8849.789262999999,8329.213424,1041.151678,1041.151678,1106.2236578749998,1041.151678,1.0,3.0,8.0,8.0,S0_baseline
66152.0,2897.31885,5794.6377,11589.2754,10140.615975,2897.31885,1448.659425,1448.659425,1690.1026625000002,1.0,4.0,8.0,6.0,S0_baseline
66159.0,837.1989695,3348.795878,6278.992271249999,5860.3927865,837.1989695,837.1989695,896.998895892857,837.1989695,1.0,4.0,7.0,7.0,S0_baseline
66162.0,3627.783556,7255.567112,15418.080113,14511.134224,1813.891778,1813.891778,1927.260014125,1813.891778,2.0,4.0,8.0,8.0,S0_baseline
66170.0,3867.709438,11603.128314,32875.530223,27073.966066,3867.709438,3867.709438,4109.441277875,3867.709438,1.0,3.0,8.0,7.0,S0_baseline
66183.0,1687.2065416,4218.016354,6327.024531,5905.2228956,843.6032708,1054.5040885,903.8606472857144,843.6032708,2.0,4.0,7.0,7.0,S0_baseline
66188.0,2597.675074,6494.187685000001,8442.4439905,10390.700296,1298.837537,1623.5469212500002,1407.0739984166669,1484.3857565714286,2.0,4.0,6.0,7.0,S0_baseline
66236.0,4545.657874,9091.315748,23864.7038385,15909.802559000002,2272.828937,2272.828937,2651.633759833333,2272.828937,2.0,4.0,9.0,7.0,S0_baseline
66241.0,1730.693268,5192.079804,16441.586046,12114.852876,1730.693268,1730.693268,1826.842894,1730.6932680000002,1.0,3.0,9.0,7.0,S0_baseline
66247.0,1083.902463,4335.609852,10297.0733985,7587.317240999999,1083.902463,1445.203284,1287.1341748125,1083.902463,1.0,3.0,8.0,7.0,S0_baseline
66253.0,323.6871292,1294.7485168,1942.1227752,1942.1227752,323.6871292,323.6871292,323.6871292,323.6871292,1.0,4.0,6.0,6.0,S0_baseline
66265.0,1729.75265,5189.257949999999,14702.897524999998,12108.26855,1729.75265,1729.7526499999997,1837.862190625,1729.75265,1.0,3.0,8.0,7.0,S0_baseline
66269.0,1034.178343,5170.891715,6722.1592295,8273.426744,1034.178343,1034.178343,1120.3598715833334,1034.178343,1.0,5.0,6.0,8.0,S0_baseline
66273.0,1313.2973008,1969.9459512,3939.8919024,4596.540552799999,1313.2973008,656.6486504,656.6486504,766.0900921333332,1.0,3.0,6.0,6.0,S0_baseline
66297.0,465.0535723,2790.3214338,3022.84821995,4185.4821507,465.0535723,558.06428676,503.8080366583333,523.1852688375,1.0,5.0,6.0,8.0,S0_baseline
66312.0,2302.01333,9208.05332,19567.113305000003,16114.093310000002,2302.01333,2302.01333,2445.8891631250003,2302.01333,1.0,4.0,8.0,7.0,S0_baseline
66315.0,1459.785606,5839.142424,10948.392045,8758.713636,1459.785606,1459.785606,1824.7320075,1459.785606,1.0,4.0,6.0,6.0,S0_baseline
66316.0,823.4514531,2470.3543593,6999.33735135,5764.160171699999,823.4514531,823.4514531,874.91716891875,823.4514530999999,1.0,3.0,8.0,7.0,S0_baseline
66330.0,1709.4385864,3418.8771728,8119.8332854,5983.0350524000005,854.7192932,854.7192932,902.2036983777778,854.7192932,2.0,4.0,9.0,7.0,S0_baseline
66331.0,1345.7552086,2691.5104172,6392.33724085,4710.1432301,672.8776043,672.8776043,710.2596934277777,672.8776043,2.0,4.0,9.0,7.0,S0_baseline
66332.0,2755.826858,5511.653716,13090.1775755,9645.394003,1377.913429,1377.913429,1454.4641750555556,1377.913429,2.0,4.0,9.0,7.0,S0_baseline
66334.0,2204.247332,3306.370998,6612.741996,7714.865662,2204.247332,1102.123666,1102.123666,1285.8109436666666,1.0,3.0,6.0,6.0,S0_baseline
66343.0,1114.448562,5572.24281,8358.364215,8915.588496,1114.448562,1114.448562,1393.0607025,1114.448562,1.0,5.0,6.0,8.0,S0_baseline
66345.0,376.8016363,1507.2065452,2449.21063595,2260.8098178,376.8016363,376.8016363,408.2017726583333,376.8016363,1.0,4.0,6.0,6.0,S0_baseline
66352.0,429.48942,858.97884,2040.074745,1503.21297,214.74471,214.74471,226.67497166666664,214.74471,2.0,4.0,9.0,7.0,S0_baseline
66363.0,652.3015095,1956.9045285,5544.562830749999,5218.412076,652.3015095,652.3015095,693.0703538437499,745.4874394285714,1.0,3.0,8.0,7.0,S0_baseline
66368.0,891.313069,2228.2826725,4233.73707775,3119.5957415000003,445.6565345,445.6565345,470.4152308611111,445.6565345,2.0,5.0,9.0,7.0,S0_baseline
66373.0,1597.7263,6390.9052,10385.22095,9586.3578,1597.7263,1597.7263,1730.8701583333332,1597.7263,1.0,4.0,6.0,6.0,S0_baseline
66382.0,1069.5076662,2673.7691655,5614.91524755,3743.2768317,534.7538331,534.7538331,623.8794719499999,534.7538331,2.0,5.0,9.0,7.0,S0_baseline
66385.0,2297.54807,9190.19228,17231.610525,13785.28842,2297.54807,2297.54807,2461.6586464285715,2297.54807,1.0,4.0,7.0,6.0,S0_baseline
66394.0,1154.614722,3463.844166,9814.225137,8082.303054,1154.614722,1154.614722,1226.778142125,1154.614722,1.0,3.0,8.0,7.0,S0_baseline
66398.0,393.8654026,1969.327013,2953.9905195,2757.0578182,393.8654026,393.8654026,421.9986456428572,393.8654026,1.0,5.0,7.0,7.0,S0_baseline
66401.0,940.3486022,2821.0458066,8933.3117209,6582.4402154,940.3486022,940.3486022,992.590191211111,940.3486022,1.0,3.0,9.0,7.0,S0_baseline
66404.0,749.1243851,3745.6219255,4869.30850315,5992.9950808,749.1243851,749.1243851,811.5514171916667,749.1243851,1.0,5.0,6.0,8.0,S0_baseline
66406.0,805.1431824,1207.7147736,2415.4295472,2818.0011384,805.1431824,402.5715912,402.5715912,469.6668564,1.0,3.0,6.0,6.0,S0_baseline
66417.0,529.1273056,2645.636528,2645.636528,3174.7638336,529.1273056,529.1273056,529.1273056,529.1273056,1.0,5.0,5.0,6.0,S0_baseline
66450.0,782.2313396,3128.9253584,7431.1977262,5475.6193772,782.2313396,782.2313396,825.6886362444444,782.2313396,1.0,4.0,9.0,7.0,S0_baseline
66453.0,1798.269284,7193.077136,15285.288914,12587.884988,1798.269284,1798.269284,1910.66111425,1798.269284,1.0,4.0,8.0,7.0,S0_baseline
66461.0,2011.453481,8045.813924,17097.3545885,14080.174367,2011.453481,2011.453481,2137.1693235625,2011.453481,1.0,4.0,8.0,7.0,S0_baseline
66464.0,391.9122432,1959.561216,2939.341824,3135.2979456,391.9122432,391.9122432,419.9059748571429,391.9122432,1.0,5.0,7.0,8.0,S0_baseline
66466.0,2177.861932,8711.447728,20689.688354,17422.895456,2177.861932,2177.861932,2298.8542615555552,2488.985065142857,1.0,4.0,9.0,7.0,S0_baseline
66469.0,271.4996891,1085.9987564,1357.4984455,1628.9981346,271.4996891,271.4996891,271.4996891,271.4996891,1.0,4.0,5.0,6.0,S0_baseline
66471.0,617.2796565,3086.3982825,4012.31776725,4320.9575955,617.2796565,617.2796565,668.719627875,617.2796565,1.0,5.0,6.0,7.0,S0_baseline
66484.0,288.4813331,1442.4066655,2452.09133135,2307.8506648,288.4813331,288.4813331,350.2987616214285,288.4813331,1.0,5.0,7.0,8.0,S0_baseline
66490.0,296.0518861,1480.2594305,1480.2594305,1776.3113165999998,296.0518861,296.0518861,296.0518861,296.0518861,1.0,5.0,5.0,6.0,S0_baseline
66500.0,1783.940725,7135.7629,15163.4961625,14271.5258,1783.940725,1783.940725,1895.4370203125,2038.7894,1.0,4.0,8.0,7.0,S0_baseline
66501.0,2067.042554,8268.170216,17569.861709,14469.297878,2067.042554,2067.042554,2196.232713625,2067.042554,1.0,4.0,8.0,7.0,S0_baseline
66507.0,1494.704271,5978.817084,12704.9863035,11957.634168,1494.704271,1494.704271,1588.1232879375,1708.2334525714286,1.0,4.0,8.0,7.0,S0_baseline
66511.0,462.2012286,1848.8049144,4390.9116717,3235.4086002,462.2012286,462.2012286,487.8790746333333,462.2012286,1.0,4.0,9.0,7.0,S0_baseline
66513.0,279.0557461,1395.2787305000002,2092.91809575,2232.4459688,279.0557461,279.0557461,298.9882993928572,279.0557461,1.0,5.0,7.0,8.0,S0_baseline
66516.0,979.0117355,3916.046942,4895.0586775,5874.070413,979.0117355,979.0117355,979.0117355,979.0117355,1.0,4.0,5.0,6.0,S0_baseline
66526.0,236.5418084,1182.709042,1774.0635630000002,1892.3344672,236.5418084,236.5418084,253.43765185714287,236.5418084,1.0,5.0,7.0,8.0,S0_baseline
66533.0,1895.126896,7580.507584,12318.324824,11370.761376,1895.126896,1895.126896,2053.054137333333,1895.126896,1.0,4.0,6.0,6.0,S0_baseline
66546.0,834.6295141,3338.5180564,6259.72135575,5842.4065987,834.6295141,834.6295141,894.2459079642857,973.7344331166668,1.0,4.0,7.0,6.0,S0_baseline
66547.0,363.8215913,1819.1079565,3092.4835260500004,2910.5727304,363.8215913,363.8215913,441.7833608642858,363.8215913,1.0,5.0,7.0,8.0,S0_baseline
66550.0,881.5835569,4407.9177845,4407.9177845,5289.5013414,881.5835569,881.5835568999998,881.5835568999998,881.5835569,1.0,5.0,5.0,6.0,S0_baseline
66552.0,1367.924766,4103.774298,8207.548596,9575.473362,1367.924766,1367.924766,1367.924766,1367.924766,1.0,3.0,6.0,7.0,S0_baseline
66554.0,109.8530993,439.4123972,714.04514545,768.9716951,109.8530993,109.8530993,119.00752424166666,128.16194918333335,1.0,4.0,6.0,6.0,S0_baseline
66557.0,564.2188597,2256.8754388,4231.64144775,3385.3131582000005,564.2188597,564.2188597,604.5202068214286,564.2188597,1.0,4.0,7.0,6.0,S0_baseline
66566.0,690.4943692,1380.9887384,3625.0954383,2416.7302922000003,345.2471846,345.2471846,362.50954383,345.2471846,2.0,4.0,10.0,7.0,S0_baseline
66570.0,1076.2153016,2152.4306032,5112.0226826,3766.7535556,538.1076508,538.1076508,568.0025202888888,538.1076508,2.0,4.0,9.0,7.0,S0_baseline
66573.0,2368.980324,5922.45081,11252.656539,8291.431134,1184.490162,1184.490162,1250.295171,1184.490162,2.0,5.0,9.0,7.0,S0_baseline
66585.0,1112.551105,4450.20442,7231.5821825,7787.857735,1112.551105,1112.551105,1205.2636970833337,1112.551105,1.0,4.0,6.0,7.0,S0_baseline
66598.0,341.1452068,1364.5808272,2558.589051,2046.8712408,341.1452068,341.1452068,365.5127215714286,341.1452068,1.0,4.0,7.0,6.0,S0_baseline
66608.0,1054.969796,4219.879184,7912.27347,7384.788572,1054.969796,1054.969796,1130.3247814285714,1230.798095333333,1.0,4.0,7.0,6.0,S0_baseline
66614.0,1109.359137,4437.436548,7210.834390499999,8874.873096,1109.359137,1109.359137,1201.80573175,1267.8390137142856,1.0,4.0,6.0,7.0,S0_baseline
66617.0,1330.974963,5323.899852,6654.874814999999,9316.824741,1330.974963,1330.974963,1330.974963,1330.974963,1.0,4.0,5.0,7.0,S0_baseline
66621.0,522.5584634,2090.2338536,3919.1884755,3135.3507804,522.5584634,522.5584634,559.8840679285714,522.5584634,1.0,4.0,7.0,6.0,S0_baseline
66622.0,762.1630443,3048.6521772,3810.8152215,5335.1413101,762.1630443,762.1630443,762.1630443,762.1630443,1.0,4.0,5.0,7.0,S0_baseline
66626.0,593.8885559,2375.5542236,2375.5542236,4157.2198913,593.8885559,593.8885559,593.8885559,593.8885559,1.0,4.0,4.0,7.0,S0_baseline
66627.0,372.9382015,1491.752806,2797.03651125,2237.629209,372.9382015,372.9382015,399.5766444642857,372.93820149999993,1.0,4.0,7.0,6.0,S0_baseline
66629.0,1481.66003,5926.64012,5926.64012,8889.96018,1481.66003,1481.66003,1481.66003,1481.66003,1.0,4.0,4.0,6.0,S0_baseline
66636.0,1436.364146,5745.456584,7181.82073,10054.549022,1436.364146,1436.364146,1436.364146,1436.364146,1.0,4.0,5.0,7.0,S0_baseline
66637.0,1518.133566,4554.400698,9108.801396,9108.801396,1518.133566,1518.1335659999995,1518.1335659999995,1518.1335659999995,1.0,3.0,6.0,6.0,S0_baseline
66648.0,2842.935975,4738.226624999999,9950.2759125,6633.517275,947.645325,947.6453249999998,995.02759125,947.645325,3.0,5.0,10.0,7.0,S0_baseline
66661.0,405.971857,1623.887428,3044.7889275,2435.831142,405.971857,405.971857,434.9698467857143,405.971857,1.0,4.0,7.0,6.0,S0_baseline
66674.0,4656.022263,9312.044526,17848.085341500002,10864.051947,1552.007421,1862.4089052,1784.8085341500002,1552.007421,3.0,5.0,10.0,7.0,S0_baseline
66680.0,1481.368089,5925.472356,5925.472356,8888.208534000001,1481.368089,1481.368089,1481.368089,1481.3680890000005,1.0,4.0,4.0,6.0,S0_baseline
66691.0,2930.353347,4883.922245,11233.0211635,6837.491143,976.784449,976.784449,1021.1837421363635,976.784449,3.0,5.0,11.0,7.0,S0_baseline
66705.0,304.9405371,1219.7621484,2591.99456535,2134.5837597,304.9405371,304.9405371,323.99932066875,304.9405371,1.0,4.0,8.0,7.0,S0_baseline
66711.0,373.1979104,1119.5937312,2798.984328,2612.3853728,373.1979104,373.1979104,399.854904,435.3975621333333,1.0,3.0,7.0,6.0,S0_baseline
66716.0,1974.7032477,3949.406495400001,7569.695782850001,4607.6409113,658.2344159,789.8812990800001,688.1541620772728,658.2344159,3.0,5.0,11.0,7.0,S0_baseline
66723.0,1582.697891,6330.791564,6330.791564,9496.187346,1582.697891,1582.697891,1582.697891,1582.697891,1.0,4.0,4.0,6.0,S0_baseline
66727.0,865.1637574,3460.6550296,4325.818787,6056.1463018,865.1637574,865.1637574,865.1637574,865.1637574,1.0,4.0,5.0,7.0,S0_baseline
66732.0,4252.779453,7087.965755,14884.7280855,9923.152057,1417.593151,1417.593151,1488.47280855,1417.5931509999998,3.0,5.0,10.0,7.0,S0_baseline
66743.0,4211.704233,7019.507055,17548.7676375,9827.309877,1403.901411,1403.901411,1595.3425125,1403.901411,3.0,5.0,11.0,7.0,S0_baseline
66744.0,4551.020868,7585.03478,17445.579994,10619.048692,1517.006956,1517.006956,1744.5579994,1517.006956,3.0,5.0,10.0,7.0,S0_baseline
66766.0,2917.585152,14587.92576,27717.058944,20423.096064,2917.585152,3646.98144,3079.673216,2917.585152,1.0,4.0,9.0,7.0,S0_baseline
66768.0,4525.04544,11312.6136,21493.96584,15837.65904,2262.52272,2262.52272,2388.218426666667,2262.52272,2.0,5.0,9.0,7.0,S0_baseline
66784.0,1583.514962,6334.059848,10292.847253,11084.604734,1583.514962,1583.514962,1715.4745421666669,1583.514962,1.0,4.0,6.0,7.0,S0_baseline
66787.0,999.5065079,3998.0260316,6496.79230135,6996.5455553,999.5065079,999.5065079,1082.7987168916668,999.5065079,1.0,4.0,6.0,7.0,S0_baseline
66788.0,2234.204636,5585.51159,11729.574339,6702.613907999999,1117.102318,1117.102318,1172.9574338999998,1117.102318,2.0,5.0,10.0,6.0,S0_baseline
66800.0,4482.648596999999,8965.297193999999,15689.2700895,11953.729592,1494.2161989999995,1793.0594387999995,1568.92700895,1707.675656,3.0,5.0,10.0,7.0,S0_baseline
66807.0,707.7012485,2830.804994,3538.5062425,4953.908739500001,707.7012485,707.7012485,707.7012485,707.7012485000001,1.0,4.0,5.0,7.0,S0_baseline
66815.0,2379.53,9518.12,22605.535000000003,14277.18,2379.53,2379.53,2825.6918750000004,2379.53,1.0,4.0,8.0,6.0,S0_baseline
66817.0,737.4080304,2949.6321216,3687.040152,5161.8562128,737.4080304,737.4080304,737.4080304,737.4080304,1.0,4.0,5.0,7.0,S0_baseline
66825.0,1288.638418,5154.553672,6443.1920900000005,10309.107344,1288.638418,1288.638418,1288.638418,1472.7296205714283,1.0,4.0,5.0,7.0,S0_baseline
66845.0,477.9119231,1911.6476924,4062.25134635,2867.4715386000003,477.9119231,477.9119231,580.3216209071428,477.9119231,1.0,4.0,7.0,6.0,S0_baseline
66855.0,1321.617607,5286.470428,12555.3672665,7929.705641999999,1321.617607,1321.617607,1395.0408073888889,1321.617607,1.0,4.0,9.0,6.0,S0_baseline
66858.0,2082.00609,5205.015224999999,9889.5289275,6246.01827,1041.003045,1301.2538062499998,1098.8365475,1041.003045,2.0,4.0,9.0,6.0,S0_baseline
66870.0,907.8892575,3631.55703,4539.4462875,6355.2248025,907.8892575,907.8892575,907.8892575,907.8892575,1.0,4.0,5.0,7.0,S0_baseline
66877.0,539.0480422,2156.1921688,3234.2882532000003,4851.4323798000005,539.0480422,539.0480422,539.0480422,693.0617685428572,1.0,4.0,6.0,7.0,S0_baseline
66881.0,568.9897376,2275.9589504,4267.423032000001,3413.9384256000003,568.9897376,568.9897376,609.6318617142858,568.9897376,1.0,4.0,7.0,6.0,S0_baseline
66882.0,834.9856101,3339.9424404,5009.9136606,6679.8848808,834.9856101,834.9856101,834.9856101,954.2692686857145,1.0,4.0,6.0,7.0,S0_baseline
66884.0,346.2441052,1384.9764208,2596.830789,2423.7087364,346.2441052,346.2441052,370.9758269999999,403.95145606666665,1.0,4.0,7.0,6.0,S0_baseline
66900.0,1183.051358,4732.205432,11238.987901,7098.308148,1183.051358,1183.051358,1248.7764334444446,1183.051358,1.0,4.0,9.0,6.0,S0_baseline
66901.0,901.3881844,3605.5527376,7661.7995674,5408.3291064000005,901.3881844,901.3881844,957.724945925,901.3881844,1.0,4.0,8.0,6.0,S0_baseline
66905.0,359.080032,1795.40016,2334.020208,2872.640256,359.080032,359.080032,389.003368,359.080032,1.0,5.0,6.0,8.0,S0_baseline
66909.0,2462.807448,6157.01862,11698.335378,8619.826068,1231.403724,1231.403724,1299.815042,1231.403724,2.0,5.0,9.0,7.0,S0_baseline
66910.0,2440.071952,6100.17988,11590.341772,8540.251832,1220.035976,1220.035976,1287.8157524444443,1220.035976,2.0,5.0,9.0,7.0,S0_baseline
66921.0,812.0835637,3248.3342548,6902.71029145,4872.5013822,812.0835637,812.0835637,862.83878643125,812.0835637,1.0,4.0,8.0,6.0,S0_baseline
66923.0,443.4642288,1773.8569152,3769.4459448,2660.7853728,443.4642288,443.4642288,538.4922778285714,443.4642288,1.0,4.0,7.0,6.0,S0_baseline
66930.0,1150.496568,6902.979408,5752.482840000001,6902.979408,1150.496568,1380.5958816,1150.496568,1150.496568,1.0,5.0,5.0,6.0,S0_baseline
66933.0,976.9061294,1953.8122588,2442.2653235,2930.7183882,976.9061294,488.4530647,488.4530647,488.4530647,1.0,4.0,5.0,6.0,S0_baseline
66934.0,1400.501507,2801.003014,3501.2537675,4201.504521,1400.501507,700.2507535,700.2507535,700.2507535,1.0,4.0,5.0,6.0,S0_baseline
66938.0,385.5709599,1927.8547995,3277.35315915,2698.9967193,385.5709599,385.5709599,468.19330845,449.83278655,1.0,5.0,7.0,6.0,S0_baseline
66941.0,2464.742056,6161.85514,7394.226168,7394.226168,2464.742056,1232.371028,1232.371028,1232.371028,1.0,5.0,6.0,6.0,S0_baseline
66946.0,2164.728098,4329.456196,5411.820245,6494.184294000001,2164.728098,1082.364049,1082.364049,1082.364049,1.0,4.0,5.0,6.0,S0_baseline
66950.0,195.0432408,585.1297224,1462.824306,1170.2594448,195.0432408,195.0432408,208.97490085714284,195.0432408,1.0,3.0,7.0,6.0,S0_baseline
66952.0,1015.254057,4061.016228,8629.6594845,8122.032456,1015.254057,1015.254057,1078.7074355625,1160.2903508571428,1.0,4.0,8.0,7.0,S0_baseline
66954.0,289.7116916,1158.8467664,2462.5493786,2607.4052244,289.7116916,289.7116916,307.818672325,372.4864606285714,1.0,4.0,8.0,7.0,S0_baseline
66960.0,652.5902689,2610.3610756,3262.9513445,4568.1318823,652.5902689,652.5902689,652.5902689,652.5902689000001,1.0,4.0,5.0,7.0,S0_baseline
66964.0,1495.3061384,3738.265346,4485.9184152,5233.5714844,1495.3061384,747.6530692,747.6530692,747.6530692,1.0,5.0,6.0,7.0,S0_baseline
66974.0,382.2827595,1911.4137975,2484.83793675,2675.9793165,382.2827595,382.2827595,414.139656125,382.2827595,1.0,5.0,6.0,7.0,S0_baseline
66978.0,1185.01451,4740.05804,10072.623335,7110.08706,1185.01451,1185.01451,1259.077916875,1185.01451,1.0,4.0,8.0,6.0,S0_baseline
66980.0,278.591872,835.7756160000001,2368.030912,1950.143104,278.591872,278.591872,338.2901302857143,325.0238506666667,1.0,3.0,7.0,6.0,S0_baseline
66989.0,265.7560229,797.2680687,1993.17017175,1328.7801145,265.7560229,265.7560229,284.7385959642857,265.7560229,1.0,3.0,7.0,5.0,S0_baseline
67001.0,2592.589974,6481.474935,12314.8023765,10370.359896,1296.294987,1296.294987,1368.3113751666667,1728.393316,2.0,5.0,9.0,6.0,S0_baseline
67003.0,720.2675464,3601.337732,3601.337732,4321.6052784,720.2675464,720.2675464,720.2675464,720.2675464,1.0,5.0,5.0,6.0,S0_baseline
67012.0,809.927194,3239.708776,6884.381149,5669.490358,809.927194,809.927194,860.547643625,944.9150596666668,1.0,4.0,8.0,6.0,S0_baseline
67015.0,948.7551288,3795.0205152,6641.2859016,5692.5307728,948.7551288,948.7551288,948.7551288,948.7551288,1.0,4.0,7.0,6.0,S0_baseline
67017.0,806.934995,3227.73998,4034.674975,4841.60997,806.934995,806.934995,806.934995,806.934995,1.0,4.0,5.0,6.0,S0_baseline
67036.0,249.646584,748.939752,1872.34938,1497.879504,249.646584,249.646584,267.47848285714286,299.5759008,1.0,3.0,7.0,5.0,S0_baseline
67044.0,266.7837509,800.3512526999999,2000.87813175,1600.7025053999998,266.7837509,266.7837509,285.8397331071428,266.7837509,1.0,3.0,7.0,6.0,S0_baseline
67055.0,490.6304054,2453.152027,2943.7824324,2943.7824324,490.6304054,490.6304054,490.6304054,490.6304054,1.0,5.0,6.0,6.0,S0_baseline
67080.0,299.0275492,897.0826476,2242.706619,2093.1928444,299.0275492,299.0275492,320.3866598571429,348.86547406666665,1.0,3.0,7.0,6.0,S0_baseline
67105.0,625.0775528,3125.387764,3750.4653168,3750.4653168,625.0775528,625.0775528,625.0775528,625.0775528,1.0,5.0,6.0,6.0,S0_baseline
67120.0,757.9129654,3031.6518616,5305.3907578,3789.564827,757.9129654,757.9129654,884.2317929666666,757.9129654,1.0,4.0,6.0,5.0,S0_baseline
67127.0,635.7868131,2543.1472524,4450.507691700001,3178.9340655,635.7868131,635.7868131,741.7512819500001,635.7868131,1.0,4.0,6.0,5.0,S0_baseline
67140.0,190.2998292,570.8994876,1427.2487190000002,1141.7989752,190.2998292,190.2998292,203.8926741428572,190.2998292,1.0,3.0,7.0,6.0,S0_baseline
67171.0,367.9480847,1103.8442541,2759.61063525,2207.6885082,367.9480847,367.9480847,394.23009075,367.9480847,1.0,3.0,7.0,6.0,S0_baseline
67183.0,383.329266,1149.987798,2874.9694950000003,1916.64633,383.329266,383.329266,410.7099278571429,383.329266,1.0,3.0,7.0,5.0,S0_baseline
67188.0,95.82583713,383.30334852,670.78085991,574.95502278,95.82583713,95.82583713,95.82583713,95.82583713,1.0,4.0,7.0,6.0,S0_baseline
67204.0,2387.090002,5967.725005,7161.270006,7161.270006,2387.090002,1193.545001,1193.545001,1193.545001,1.0,5.0,6.0,6.0,S0_baseline
67217.0,967.8199827,3871.2799308,9194.28983565,7742.5598616,967.8199827,967.8199827,1021.5877595166666,967.8199827,1.0,4.0,9.0,8.0,S0_baseline
67225.0,354.1969216,1062.5907648,2656.476912,2479.3784512,354.1969216,354.1969216,379.4967017142857,413.2297418666667,1.0,3.0,7.0,6.0,S0_baseline
67226.0,593.9625574,1781.8876722,4454.7191805,2969.8127870000003,593.9625574,593.9625574,636.3884543571429,593.9625574,1.0,3.0,7.0,5.0,S0_baseline
67255.0,187.5114784,562.5344352,1593.8475663999998,1500.0918272,187.5114784,187.5114784,199.2309458,214.29883245714285,1.0,3.0,8.0,7.0,S0_baseline
67272.0,296.3552395,889.0657185,2519.01953575,1778.131437,296.3552395,296.3552395,314.87744196875,296.3552395,1.0,3.0,8.0,6.0,S0_baseline
67346.0,223.3070625,669.9211875,1898.11003125,1339.842375,223.3070625,223.3070625,237.26375390625,223.3070625,1.0,3.0,8.0,6.0,S0_baseline
67370.0,80.00644616,240.01933848,560.04512312,480.03867696,80.00644616,80.00644616,80.00644616,80.00644616,1.0,3.0,7.0,6.0,S0_baseline
67397.0,334.1988152,1002.5964456,2506.491114,1670.994076,334.1988152,334.1988152,358.0701591428571,334.1988152,1.0,3.0,7.0,5.0,S0_baseline
67410.0,258.3954892,1033.5819568,2196.3616582,1808.7684244,258.3954892,258.3954892,274.545207275,258.3954892,1.0,4.0,8.0,7.0,S0_baseline
67426.0,299.4406634,898.3219902000001,2245.8049755,1796.6439804,299.4406634,299.4406634,320.82928221428574,299.4406634,1.0,3.0,7.0,6.0,S0_baseline
67446.0,890.5909309,3562.3637236,8460.61384355,5343.5455854,890.5909309,890.5909309,940.0682048388888,890.5909309,1.0,4.0,9.0,6.0,S0_baseline
67447.0,329.3584281,1317.4337124,2799.5466388500004,1976.1505686,329.3584281,329.3584281,349.94332985625005,329.3584281,1.0,4.0,8.0,6.0,S0_baseline
67470.0,31.66024437,126.64097748,253.28195496,189.96146622,31.66024437,31.66024437,31.66024437,31.66024437,1.0,4.0,8.0,6.0,S0_baseline
67471.0,411.0954756,1644.3819024,3494.3115426,2466.5728536,411.0954756,411.0954756,436.788942825,411.09547559999993,1.0,4.0,8.0,6.0,S0_baseline
67486.0,562.7102782,1688.1308345999998,4220.3270865,3376.2616692,562.7102782,562.7102782,602.9038694999999,562.7102782,1.0,3.0,7.0,6.0,S0_baseline
67492.0,97.11583114,388.46332456,825.48456469,679.81081798,97.11583114,97.11583114,103.18557058625,97.11583114,1.0,4.0,8.0,7.0,S0_baseline
67514.0,464.9797826,1859.9191304,4417.3079347,3254.8584782000003,464.9797826,464.9797826,490.81199274444447,464.9797826,1.0,4.0,9.0,7.0,S0_baseline
67519.0,96.19551967,384.78207868,817.6619171949999,577.17311802,96.19551967,96.19551967,102.207739649375,96.19551967,1.0,4.0,8.0,6.0,S0_baseline
67521.0,182.0075805,546.0227414999999,1547.06443425,910.0379025,182.0075805,182.0075805,193.38305428125,182.0075805,1.0,3.0,8.0,5.0,S0_baseline
67542.0,158.5164967,634.0659868,1505.90671865,1109.6154769,158.5164967,158.5164967,167.3229687388889,158.5164967,1.0,4.0,9.0,7.0,S0_baseline
67578.0,232.3397719,929.3590876,1974.88806115,1626.3784033,232.3397719,232.3397719,246.86100764375,232.3397719,1.0,4.0,8.0,7.0,S0_baseline
67611.0,46.3860025,185.54401,324.70201749999995,278.316015,46.3860025,46.3860025,46.3860025,46.3860025,1.0,4.0,7.0,6.0,S0_baseline
67619.0,169.0619555,676.247822,1606.08857725,1183.4336885,169.0619555,169.0619555,178.45428636111112,169.0619555,1.0,4.0,9.0,7.0,S0_baseline
67623.0,87.87494049,351.49976196,834.811934655,790.87446441,87.87494049,87.87494049,92.75688162833332,98.85930805125,1.0,4.0,9.0,8.0,S0_baseline
67641.0,46.0804432,138.2413296,322.5631024,276.4826592,46.0804432,46.0804432,46.0804432,46.0804432,1.0,3.0,7.0,6.0,S0_baseline
67709.0,340.6940668,681.3881336,3236.5936346,1703.470334,340.6940668,340.6940668,359.62151495555554,340.6940668,1.0,2.0,9.0,5.0,S0_baseline
67720.0,57.76617844,173.29853531999998,404.36324908,404.36324908,57.76617844,57.76617844,57.76617844,57.76617844,1.0,3.0,7.0,7.0,S0_baseline
67732.0,375.2370427,1500.9481708,3189.51486295,2814.2778202500003,375.2370427,375.2370427,398.68935786875,402.0396886071429,1.0,4.0,8.0,7.0,S0_baseline
67737.0,152.9626079,458.8878237,1070.7382553,1070.7382553,152.9626079,152.9626079,152.9626079,152.9626079,1.0,3.0,7.0,7.0,S0_baseline
67744.0,87.49293929,349.97175716,831.182923255,656.1970446749999,87.49293929,87.49293929,92.35365813944443,93.74243495357142,1.0,4.0,9.0,7.0,S0_baseline
67785.0,192.1030586,576.3091758,1536.8244688,1344.7214102,192.1030586,192.10305860000005,192.1030586,192.1030586,1.0,3.0,8.0,7.0,S0_baseline
67816.0,108.72479,217.44958,761.07353,761.07353,108.72479,108.72479,108.72479,108.72479,1.0,2.0,7.0,7.0,S0_baseline
67823.0,78.09896855,234.29690565,624.7917484,546.69277985,78.09896855,78.09896855,78.09896855,78.09896855,1.0,3.0,8.0,7.0,S0_baseline
67838.0,61.63633331,123.27266662,493.09066648,431.45433317,61.63633331,61.63633331,61.63633331,61.63633331,1.0,2.0,8.0,7.0,S0_baseline
67850.0,86.39469593,345.57878372,604.76287151,604.76287151,86.39469593,86.39469593,86.39469593,86.39469593,1.0,4.0,7.0,7.0,S0_baseline
67864.0,148.2242347,444.6727041,1037.5696429,1037.5696429,148.2242347,148.2242347,148.22423469999998,148.22423469999998,1.0,3.0,7.0,7.0,S0_baseline
67881.0,204.2022606,816.8090424,1429.4158242,1735.7192151,204.2022606,204.2022606,204.2022606,216.9649018875,1.0,4.0,7.0,8.0,S0_baseline
67883.0,366.9501206,733.9002412,2935.6009648,2568.6508442,366.9501206,366.9501206,366.9501206,366.9501206,1.0,2.0,8.0,7.0,S0_baseline
67886.0,228.2865691,456.5731382,1598.0059837,1598.0059837,228.2865691,228.2865691,228.2865691,228.2865691,1.0,2.0,7.0,7.0,S0_baseline
67903.0,367.5466325,735.093265,2572.8264275,2572.8264275,367.5466325,367.5466325,367.5466325,367.5466325,1.0,2.0,7.0,7.0,S0_baseline
67909.0,247.9097717,991.6390868,1487.4586302,2107.23305945,247.9097717,247.9097717,247.9097717,263.40413243125,1.0,4.0,6.0,8.0,S0_baseline
67919.0,141.3341413,565.3365652,989.3389891,989.3389891,141.3341413,141.3341413,141.3341413,141.3341413,1.0,4.0,7.0,7.0,S0_baseline
67928.0,551.0040947,1102.0081894,3857.0286629,3857.0286629,551.0040947,551.0040947,551.0040947,551.0040947,1.0,2.0,7.0,7.0,S0_baseline
67936.0,520.3974329,2081.5897316,4943.77561255,4943.77561255,520.3974329,693.8632438666667,549.3084013944444,617.97195156875,1.0,3.0,9.0,8.0,S0_baseline
67947.0,136.3394474,545.3577896,954.3761318,954.3761318,136.3394474,136.3394474,136.3394474,136.3394474,1.0,4.0,7.0,7.0,S0_baseline
67949.0,163.1937942,652.7751768,1142.3565594000002,1142.3565594000002,163.1937942,163.1937942,163.1937942,163.1937942,1.0,4.0,7.0,7.0,S0_baseline
67953.0,159.9223631,319.8447262,1119.4565417,959.5341786,159.9223631,159.9223631,159.9223631,159.9223631,1.0,2.0,7.0,6.0,S0_baseline
67957.0,158.2291897,474.6875691,1107.6043279,1107.6043279,158.2291897,158.2291897,158.2291897,158.2291897,1.0,3.0,7.0,7.0,S0_baseline
67962.0,348.7807623,1395.1230492,2092.6845738,2964.63647955,348.7807623,348.7807623,348.78076230000005,370.57955994375,1.0,4.0,6.0,8.0,S0_baseline
67968.0,109.7053803,438.8215212,767.9376621,932.49573255,109.7053803,109.7053803,109.7053803,116.56196656875,1.0,4.0,7.0,8.0,S0_baseline
67999.0,254.3415062,763.0245186,1780.3905434,1780.3905434,254.3415062,254.3415062,254.3415062,254.3415062,1.0,3.0,7.0,7.0,S0_baseline
68003.0,614.0194959,1842.0584877,4298.1364713,4298.1364713,614.0194959,614.0194959,614.0194959,614.0194959,1.0,3.0,7.0,7.0,S0_baseline
68008.0,77.67269965,77.67269965,543.70889755,660.217947025,77.67269965,77.67269965,77.67269965,82.527243378125,1.0,1.0,7.0,8.0,S0_baseline
68013.0,779.2531947,3117.0127788,7402.90534965,7402.90534965,779.2531947,1039.0042596,822.54503885,925.36316870625,1.0,3.0,9.0,8.0,S0_baseline
68015.0,599.6956268,1799.0868804000002,3598.1737608000003,5697.1084546,599.6956268,599.6956268,599.6956268,712.138556825,1.0,3.0,6.0,8.0,S0_baseline
68069.0,78.29577797,313.18311188,469.77466782,665.514112745,78.29577797,78.29577797,78.29577797,83.189264093125,1.0,4.0,6.0,8.0,S0_baseline
68077.0,167.7732813,671.0931252,1006.6396878,1426.0728910500002,167.7732813,167.7732813,167.7732813,178.25911138125002,1.0,4.0,6.0,8.0,S0_baseline
68083.0,212.3218549,849.2874196,1486.2529843,1804.73576665,212.3218549,212.3218549,212.3218549,225.59197083125,1.0,4.0,7.0,8.0,S0_baseline
68091.0,274.4622423,548.9244846,2881.8535441500003,1372.3112115,274.4622423,274.4622423,288.185354415,274.4622423,1.0,2.0,10.0,5.0,S0_baseline
68113.0,302.3591282,604.7182564,2116.5138974,2570.0525897,302.3591282,302.3591282,302.35912820000004,321.2565737125,1.0,2.0,7.0,8.0,S0_baseline
68119.0,77.41625704,154.83251408,580.6219278000001,735.4544418800001,77.41625704,77.41625704,82.9459896857143,81.7171602088889,1.0,2.0,7.0,9.0,S0_baseline
68131.0,146.5543729,0.0,1099.15779675,732.7718645,146.5543729,0.0,157.02254239285713,146.5543729,1.0,0.0,7.0,5.0,S0_baseline
68132.0,150.8286069,0.0,1131.21455175,754.1430345000001,150.8286069,0.0,161.6020788214286,150.8286069,1.0,0.0,7.0,5.0,S0_baseline
68148.0,522.7446788,2090.9787152,3659.2127516,4443.3297698,522.7446788,522.7446788,522.7446788,555.416221225,1.0,4.0,7.0,8.0,S0_baseline
68166.0,134.7577169,134.7577169,1145.44059365,673.7885845,134.7577169,134.7577169,143.18007420625,134.7577169,1.0,1.0,8.0,5.0,S0_baseline
68208.0,242.0254115,726.0762344999999,1452.152469,2057.21599775,242.0254115,242.0254115,242.0254115,257.15199971875,1.0,3.0,6.0,8.0,S0_baseline
68226.0,250.320413,250.320413,2628.3643365,1501.922478,250.320413,250.320413,262.83643365,250.320413,1.0,1.0,10.0,6.0,S0_baseline
68227.0,374.1744239,374.1744239,3554.65702705,2619.2209673,374.1744239,374.1744239,394.9618918944445,374.1744239,1.0,1.0,9.0,7.0,S0_baseline
68228.0,260.5213314,781.5639942,1302.606657,2214.4313169,260.5213314,260.5213314,260.5213314,276.8039146125,1.0,3.0,5.0,8.0,S0_baseline
68292.0,427.8250165,427.8250165,4064.33765675,2566.950099,427.8250165,427.8250165,451.5930729722222,427.8250165,1.0,1.0,9.0,6.0,S0_baseline
68326.0,288.8798951,866.6396853,2744.35900345,2166.59921325,288.8798951,288.8798951,304.9287781611111,309.5141733214286,1.0,3.0,9.0,7.0,S0_baseline
68375.0,467.5388086,467.5388086,4441.6186817,3740.3104688,467.5388086,467.5388086,493.5131868555556,467.5388086,1.0,1.0,9.0,8.0,S0_baseline
68395.0,306.7139337,306.7139337,2607.06843645,2453.7114696,306.7139337,306.7139337,325.88355455625,306.7139337,1.0,1.0,8.0,8.0,S0_baseline
68452.0,2098.045744,2098.045744,7867.67154,7867.67154,2098.045744,1049.022872,1123.9530771428572,1123.9530771428572,1.0,2.0,7.0,7.0,S0_baseline
68454.0,1476.413812,2214.620718,7751.172513,6274.758701,1476.413812,738.206906,775.1172513,784.344837625,1.0,3.0,10.0,8.0,S0_baseline
68505.0,2238.784752,2238.784752,9514.835196,7835.746632,1119.392376,1119.392376,1189.3543995,1119.392376,2.0,2.0,8.0,7.0,S0_baseline
68545.0,294.9051357,589.8102714,2506.69365345,2064.3359499000003,294.9051357,294.9051357,313.33670668125,294.9051357,1.0,2.0,8.0,7.0,S0_baseline
68563.0,1057.94939,1057.94939,11108.468595,7405.64573,1057.94939,1057.94939,1110.8468595,1057.94939,1.0,1.0,10.0,7.0,S0_baseline
68567.0,3353.6737121999995,1676.8368560999995,5868.92899635,3353.6737121999995,838.4184280499999,558.9456187,586.8928996349999,558.9456187,4.0,3.0,10.0,6.0,S0_baseline
68569.0,2600.944234,1486.253848,1764.9264445,1114.690386,236.4494758181818,212.3219782857143,196.10293827777772,185.781731,11.0,7.0,9.0,6.0,S0_baseline
68578.0,4562.3114173,2456.6292247,3684.94383705,2105.6821926,414.7555833909091,409.43820411666667,368.494383705,350.94703210000006,11.0,6.0,10.0,6.0,S0_baseline
68585.0,7331.3908448,3665.6954224,4353.013314100001,2749.2715668,563.9531419076923,523.6707746285714,483.6681460111112,458.2119278,13.0,7.0,9.0,6.0,S0_baseline
68587.0,7219.752694700001,2776.8279595000004,5275.97312305,3332.1935514,721.9752694700001,555.3655919,586.2192358944444,555.3655919,10.0,5.0,9.0,6.0,S0_baseline
68624.0,632.218258,632.218258,7902.728225,5057.746064,632.218258,632.218258,658.5606854166666,722.535152,1.0,1.0,12.0,7.0,S0_baseline
68639.0,1386.024446,2772.048892,11781.207791,9702.171122,1386.024446,1386.024446,1472.650973875,1386.024446,1.0,2.0,8.0,7.0,S0_baseline
68676.0,739.4718064,739.4718064,8503.9257736,4436.8308384,739.4718064,739.4718064,773.0841612363637,739.4718064,1.0,1.0,11.0,6.0,S0_baseline
68702.0,752.5749038,752.5749038,8654.611393700001,5644.3117785,752.5749038,752.5749038,786.7828539727274,806.3302540714286,1.0,1.0,11.0,7.0,S0_baseline
68704.0,1050.838622,1050.838622,8932.128287,7355.870354,1050.838622,1050.838622,1116.516035875,1050.838622,1.0,1.0,8.0,7.0,S0_baseline
68705.0,883.4945851,1766.9891702,3533.9783404,7067.9566808,883.4945851,883.4945851,883.4945851,1009.7080972571428,1.0,2.0,4.0,7.0,S0_baseline
68741.0,909.1146346,1818.2292692,7727.474394100001,7727.474394100001,909.1146346,909.1146346,965.9342992625,1103.9249134428571,1.0,2.0,8.0,7.0,S0_baseline
68751.0,1659.3640812,276.5606802,2627.3264619,2627.3264619,331.87281624,276.5606802,291.9251624333333,328.4158077375,5.0,1.0,9.0,8.0,S0_baseline
68876.0,983.893839,1967.787678,3935.575356,7379.203792499999,983.893839,983.893839,983.893839,1054.1719703571428,1.0,2.0,4.0,7.0,S0_baseline
68991.0,0.0,3132.88166,3759.457992,6892.339652,0.0,1566.44083,1253.152664,1378.4679304,0.0,2.0,3.0,5.0,S0_baseline
68997.0,0.0,2150.11415975,2580.1369917,4730.25115145,0.0,1075.057079875,860.0456639,946.05023029,0.0,2.0,3.0,5.0,S0_baseline
69002.0,0.0,1991.519449,2389.8233388,4381.3427878,0.0,995.7597245,796.6077796,876.2685575600001,0.0,2.0,3.0,5.0,S0_baseline
69010.0,0.0,1724.134857,2068.9618284,2758.6157712,0.0,862.0674285,689.6539428,689.6539428,0.0,2.0,3.0,4.0,S0_baseline
69016.0,0.0,1090.21314425,1308.2557731,1744.3410308,0.0,545.106572125,436.0852577,436.0852577,0.0,2.0,3.0,4.0,S0_baseline
69024.0,0.0,1357.8397812500002,1629.4077375000002,2172.54365,0.0,678.9198906250001,543.1359125,543.1359125,0.0,2.0,3.0,4.0,S0_baseline
69036.0,0.0,1765.61597345,1513.3851201,2774.53938685,0.0,882.807986725,504.4617067,554.90787737,0.0,2.0,3.0,5.0,S0_baseline
69057.0,0.0,638.86693825,766.6403259,1022.1871012,0.0,319.433469125,255.5467753,255.5467753,0.0,2.0,3.0,4.0,S0_baseline
69062.0,0.0,1542.038612,1850.4463344,3392.4849464,0.0,771.019306,616.8154448,848.1212366,0.0,2.0,3.0,4.0,S0_baseline
69068.0,0.0,631.169375,757.40325,1388.572625,0.0,315.5846875,252.46775,347.14315625,0.0,2.0,3.0,4.0,S0_baseline
69076.0,0.0,1104.8187077500002,1325.7824493,2430.60115705,0.0,552.4093538750001,441.9274831,607.6502892625,0.0,2.0,3.0,4.0,S0_baseline
69079.0,0.0,602.749213,723.2990556,964.3987408,0.0,301.3746065,241.0996852,241.0996852,0.0,2.0,3.0,4.0,S0_baseline
69085.0,0.0,619.159412,742.9912944,990.6550592,0.0,309.579706,247.6637648,247.6637648,0.0,2.0,3.0,4.0,S0_baseline
69087.0,0.0,239.88433675,287.8612041,383.8149388,0.0,119.942168375,95.9537347,95.9537347,0.0,2.0,3.0,4.0,S0_baseline
69092.0,0.0,1441.7169667499998,1730.0603600999998,2306.7471468,0.0,720.8584833749999,576.6867867,576.6867867,0.0,2.0,3.0,4.0,S0_baseline
69102.0,0.0,1280.58832025,1536.7059842999995,2305.05897645,0.0,640.294160125,512.2353281,576.2647441124999,0.0,2.0,3.0,4.0,S0_baseline
69108.0,0.0,2009.3273361,1722.2805738000002,2296.3740984,0.0,1004.66366805,574.0935246,574.0935246,0.0,2.0,3.0,4.0,S0_baseline
69113.0,0.0,658.1857255,789.8228706,1053.0971608,0.0,329.09286275,263.2742902,263.2742902,0.0,2.0,3.0,4.0,S0_baseline
69121.0,0.0,544.50295775,653.4035493,871.2047324,0.0,272.251478875,217.8011831,217.8011831,0.0,2.0,3.0,4.0,S0_baseline
69144.0,5737.50456,9562.5076,16256.26292,19125.0152,1912.50152,1912.5015200000005,2032.032865,1912.5015200000005,3.0,5.0,8.0,10.0,S0_baseline
69147.0,5642.566251,9404.277085,14106.4156275,16927.698753,1880.855417,1880.855417,2015.2022325,1880.855417,3.0,5.0,7.0,9.0,S0_baseline
69152.0,5884.717149,9807.861915,14711.7928725,19615.72383,1961.572383,1961.572383,2101.684696071429,1961.572383,3.0,5.0,7.0,10.0,S0_baseline
69162.0,8206.345839,13677.243065,20515.8645975,24619.037517,2735.448613,2735.448613,2930.837799642857,2735.448613,3.0,5.0,7.0,9.0,S0_baseline
69164.0,7954.985986,19887.464965,33808.690440499995,39774.92993,3977.492993,3977.492993,4226.086305062499,4419.436658888889,2.0,5.0,8.0,9.0,S0_baseline
69174.0,6481.815912,10803.02652,18365.145084,19445.447736,2160.605304,2160.605304,2295.6431355,2160.605304,3.0,5.0,8.0,9.0,S0_baseline
69183.0,3340.841403,5568.069004999999,8352.1035075,11136.13801,1113.613801,1113.613801,1193.1576439285714,1237.3486677777776,3.0,5.0,7.0,9.0,S0_baseline
69184.0,1925.2152576,4813.038144,8182.1648448,8663.4686592,962.6076288,962.6076288,1022.7706056,962.6076288,2.0,5.0,8.0,9.0,S0_baseline
69190.0,1604.9289664,4012.322416,6820.9481072,7222.1803488,802.4644832,802.4644832,852.6185134,802.4644832,2.0,5.0,8.0,9.0,S0_baseline
69198.0,552.8383372,1382.0958429999998,2625.9821017,2764.191686,276.4191686,276.4191686,291.77578907777774,276.4191686,2.0,5.0,9.0,10.0,S0_baseline
69202.0,4382.689692,10956.72423,18626.431191,21913.44846,2191.344846,2191.344846,2328.303898875,2191.344846,2.0,5.0,8.0,10.0,S0_baseline
69208.0,353.6763888,1768.381944,3006.2493048,3183.0874992,353.6763888,353.6763888,375.7811631,353.6763888,1.0,5.0,8.0,9.0,S0_baseline
69217.0,2546.951078,6367.377695,12098.0176205,11461.279851,1273.475539,1273.475539,1344.2241800555555,1273.475539,2.0,5.0,9.0,9.0,S0_baseline
69221.0,1035.9291124,2589.822781,4920.663283899999,4661.681005799999,517.9645562,517.9645562,546.7403648777777,517.9645562,2.0,5.0,9.0,9.0,S0_baseline
69223.0,8707.824078,14513.04013,30477.384273,31928.688286,4353.912039,2902.608026,3047.7384273,3192.8688286,2.0,5.0,10.0,10.0,S0_baseline
69229.0,3614.667908,14458.671632,15362.338609,16266.005586,1807.333954,2065.524518857143,2194.619801285714,1807.333954,2.0,7.0,7.0,9.0,S0_baseline
69247.0,332.2892862,830.7232154999999,1246.08482325,1661.4464309999998,166.1446431,166.1446431,178.01211760714287,184.605159,2.0,5.0,7.0,9.0,S0_baseline
69260.0,158.890081,794.450405,1350.5656885,1430.010729,158.890081,158.890081,192.9379555,158.890081,1.0,5.0,7.0,9.0,S0_baseline
69276.0,776.0105734,3880.052867,5820.0793005,7760.105734,776.0105734,776.0105734,831.4399000714285,862.2339704444444,1.0,5.0,7.0,9.0,S0_baseline
69289.0,116.1398075,580.6990375,987.18836375,1045.2582675,116.1398075,116.1398075,123.39854546875,116.13980750000002,1.0,5.0,8.0,9.0,S0_baseline
69302.0,121.8812621,609.4063105,1035.99072785,1096.9313589,121.8812621,121.8812621,129.49884098125,121.8812621,1.0,5.0,8.0,9.0,S0_baseline
69305.0,834.2647226,4171.3236130000005,7925.5148647,6674.1177808,834.2647226,834.2647226000001,880.6127627444445,834.2647226,1.0,5.0,9.0,8.0,S0_baseline
69311.0,160.6240276,803.120138,1204.680207,1284.9922208,160.6240276,160.6240276,172.09717242857144,160.6240276,1.0,5.0,7.0,8.0,S0_baseline
69320.0,271.5866964,814.7600892,1018.4501115,1357.933482,135.7933482,162.95201784,145.4928730714286,135.7933482,2.0,5.0,7.0,10.0,S0_baseline
69322.0,144.9669849,724.8349244999999,1232.21937165,1449.669849,144.9669849,144.9669849,176.03133880714287,144.9669849,1.0,5.0,7.0,10.0,S0_baseline
69328.0,2193.2692221,7310.897407,6945.35253665,8041.9871477,731.0897406999999,913.862175875,868.16906708125,804.1987147699999,3.0,8.0,8.0,10.0,S0_baseline
69329.0,379.8678356,949.669589,1424.5043835,1709.4052602,189.9339178,189.9339178,203.5006262142857,189.9339178,2.0,5.0,7.0,9.0,S0_baseline
69335.0,355.742836,1422.971344,1511.907053,1600.842762,177.871418,237.16189066666664,215.98672185714287,177.871418,2.0,6.0,7.0,9.0,S0_baseline
69336.0,1298.630709,3895.892127,3895.892127,5843.838190500001,649.3153545,649.3153545,649.3153545,730.4797738125001,2.0,6.0,6.0,8.0,S0_baseline
69347.0,172.34336108,430.8584027,646.28760405,775.54512486,86.17168054,86.17168054,92.32680057857144,86.17168054,2.0,5.0,7.0,9.0,S0_baseline
69356.0,200.0829814,500.2074535,950.39416165,1000.414907,100.0414907,100.0414907,118.79927020625,100.0414907,2.0,5.0,8.0,10.0,S0_baseline
69367.0,2698.673014,9445.355549,11469.3603095,10794.692056,1349.336507,1574.2259248333332,1638.4800442142855,1349.336507,2.0,6.0,7.0,8.0,S0_baseline
69381.0,159.2444031,796.2220155,1194.33302325,1433.1996279,159.2444031,159.2444031,170.61900332142858,179.1499534875,1.0,5.0,7.0,8.0,S0_baseline
69412.0,1142.8662168,2285.7324336,3619.0763532,3809.554056,380.9554056,457.14648672,517.0109076,380.9554056,3.0,5.0,7.0,10.0,S0_baseline
69468.0,185.2389787,926.1948935,1945.00927635,1852.389787,185.2389787,185.2389787,194.500927635,185.2389787,1.0,5.0,10.0,10.0,S0_baseline
69469.0,600.4763632,2401.9054528,6905.4781768,6004.763632,600.4763632,600.4763632,690.54781768,600.4763632,1.0,4.0,10.0,10.0,S0_baseline
69475.0,207.7023478,1038.511739,2180.8746519,1869.3211302,207.7023478,207.7023478,218.08746519,207.7023478,1.0,5.0,10.0,9.0,S0_baseline
69476.0,279.6615702,1398.307851,2936.4464871000005,2796.615702,279.6615702,279.6615702,293.64464871000007,310.735078,1.0,5.0,10.0,9.0,S0_baseline
69494.0,307.9254387,1539.6271935,2925.29166765,2463.4035096,307.9254387,307.9254387,325.03240751666664,307.9254387,1.0,5.0,9.0,8.0,S0_baseline
69519.0,256.227652,1024.910608,2690.390346,2049.821216,256.227652,256.227652,269.0390346,256.227652,1.0,4.0,10.0,8.0,S0_baseline
69525.0,166.3688912,831.844456,1247.7666840000002,1330.9511296,166.3688912,166.3688912,178.25238342857145,166.3688912,1.0,5.0,7.0,8.0,S0_baseline
69557.0,867.316176,2168.29044,4119.751836,4336.58088,433.658088,433.658088,457.75020400000005,433.658088,2.0,5.0,9.0,10.0,S0_baseline
69578.0,3191.033481,5318.389134999999,12764.133924,11700.456097,1063.677827,1329.59728375,1418.2371026666667,1170.0456097,3.0,4.0,9.0,10.0,S0_baseline
69580.0,3240.719337,6481.438674,12962.877348,15123.356906,1080.239779,1296.2877348,1440.319705333333,1260.279742166667,3.0,5.0,9.0,12.0,S0_baseline
69591.0,412.8663557,1238.5990671,4335.09673485,3715.7972013,412.8663557,412.8663557,481.6774149833333,412.8663557,1.0,3.0,9.0,9.0,S0_baseline
69613.0,1498.2046206,2996.4092412,5992.8184824,6492.2200226,499.4015402,599.28184824,665.8687202666666,590.2018202363637,3.0,5.0,9.0,11.0,S0_baseline
69616.0,903.2553048,1505.4255079999998,3613.0212192,3010.851016,301.0851016,376.356377,401.4468021333333,334.53900177777774,3.0,4.0,9.0,9.0,S0_baseline
69621.0,393.824367,787.648734,1575.297468,1706.572257,131.274789,157.5297468,175.033052,155.14293245454544,3.0,5.0,9.0,11.0,S0_baseline
69623.0,680.3259627,680.3259627,2040.9778881,2040.9778881,226.7753209,226.7753209,226.7753209,226.7753209,3.0,3.0,9.0,9.0,S0_baseline
69648.0,206.9371292,620.8113876,2379.7769858,1862.4341628,206.9371292,206.9371292,216.34336234545447,232.80427035,1.0,3.0,11.0,8.0,S0_baseline
69652.0,274.1739592,1096.6958368,2878.8265716,2467.5656328,274.1739592,274.1739592,319.8696190666667,308.4457041,1.0,4.0,9.0,8.0,S0_baseline
69657.0,308.9388379,1235.7553516,2780.4495411000003,2471.5107032,308.9388379,308.9388379,308.9388379,308.9388379,1.0,4.0,9.0,8.0,S0_baseline
69664.0,2850.3289878,2850.3289878,8550.9869634,8550.9869634,950.1096626,950.1096626,950.1096626,950.1096626,3.0,3.0,9.0,9.0,S0_baseline
69671.0,3543.14814,4724.19752,10629.44442,10629.44442,1181.04938,1181.04938,1181.04938,1181.04938,3.0,4.0,9.0,9.0,S0_baseline
69697.0,3014.689473,3014.689473,8039.171928,11556.3096465,1004.896491,1004.896491,1004.896491,1050.5736042272729,3.0,3.0,8.0,11.0,S0_baseline
69698.0,813.317358,1355.5289300000002,2982.1636460000004,3659.928111,271.105786,338.88223250000004,372.77045575000005,332.7207373636364,3.0,4.0,8.0,11.0,S0_baseline
69700.0,3907.526145,6512.543575,14327.595865,20840.13944,1302.508715,1628.13589375,1790.949483125,1603.087649230769,3.0,4.0,8.0,13.0,S0_baseline
69702.0,2060.3497809,3433.9163015000004,7554.6158633,10988.5321648,686.7832603,858.4790753750001,944.3269829125,845.2717049846154,3.0,4.0,8.0,13.0,S0_baseline
69703.0,438.7577292,438.7577292,1170.0206112,1608.7783404000002,146.2525764,146.2525764,146.2525764,146.2525764,3.0,3.0,8.0,11.0,S0_baseline
69710.0,108.30971216999998,108.30971216999998,288.82589912,361.0323739,36.10323739,36.10323739,36.10323739,36.10323739,3.0,3.0,8.0,10.0,S0_baseline
69716.0,2183.0383413,2183.0383413,5821.4355768,8368.31364165,727.6794471,727.6794471,727.6794471,760.7557856045455,3.0,3.0,8.0,11.0,S0_baseline
69726.0,369.9636056,739.9272112,1664.8362252,1849.818028,184.9818028,184.9818028,184.9818028,184.9818028,2.0,4.0,9.0,10.0,S0_baseline
69732.0,218.2018444,872.8073776,1963.8165996,1963.8165996,218.2018444,218.2018444,218.2018444,218.2018444,1.0,4.0,9.0,9.0,S0_baseline
69774.0,426.1436512,1704.5746048,4900.6519888,3835.2928608,426.1436512,426.1436512,490.06519888,479.4116076,1.0,4.0,10.0,8.0,S0_baseline
69776.0,1156.401048,1541.868064,3469.203144,4625.604192,385.467016,385.467016,385.467016,420.509472,3.0,4.0,9.0,11.0,S0_baseline
69791.0,436.0336725,436.0336725,1308.1010175,1744.13469,145.3445575,145.3445575,145.3445575,158.5576990909091,3.0,3.0,9.0,11.0,S0_baseline
69804.0,317.8917504,476.8376256,1430.5128768,1589.458752,158.9458752,158.9458752,158.9458752,158.9458752,2.0,3.0,9.0,10.0,S0_baseline
69805.0,121.7396576,182.6094864,547.8284592,669.5681168,60.8698288,60.8698288,60.8698288,60.8698288,2.0,3.0,9.0,11.0,S0_baseline
69810.0,418.0493312,836.0986624,1881.2219904,2090.246656,209.0246656,209.0246656,209.0246656,209.0246656,2.0,4.0,9.0,10.0,S0_baseline
69836.0,194.71020996,389.42041992,876.1959448199999,973.5510498,97.35510498,97.35510498,97.35510498,97.35510498,2.0,4.0,9.0,10.0,S0_baseline
69844.0,1081.8690556,2163.7381112,4868.4107502,5409.345278,540.9345278,540.9345278,540.9345278,540.9345278,2.0,4.0,9.0,10.0,S0_baseline
69853.0,680.762021,1361.524042,3063.4290945,3403.810105,340.3810105,340.3810105,340.3810105,340.3810105,2.0,4.0,9.0,10.0,S0_baseline
69881.0,651.5885066,1303.1770132,3746.63391295,3257.942533,325.7942533,325.7942533,374.663391295,325.7942533,2.0,4.0,10.0,10.0,S0_baseline
69894.0,382.67881,1530.71524,3252.769885,3826.7881,382.67881,382.67881,406.596235625,382.67881,1.0,4.0,8.0,10.0,S0_baseline
69897.0,310.0570182,310.0570182,1240.2280728,1240.2280728,103.3523394,103.3523394,124.02280728,112.74800661818182,3.0,3.0,10.0,11.0,S0_baseline
69910.0,360.1736613,240.1157742,1200.578871,1200.578871,120.0578871,120.0578871,120.0578871,120.0578871,3.0,2.0,10.0,10.0,S0_baseline
69914.0,403.9892865,403.9892865,1346.630955,1346.630955,134.6630955,134.6630955,134.6630955,134.6630955,3.0,3.0,10.0,10.0,S0_baseline
69919.0,74.4246958,223.2740874,744.246958,818.6716538,74.4246958,74.4246958,74.4246958,81.86716537999999,1.0,3.0,10.0,10.0,S0_baseline
69938.0,382.8470859,382.8470859,1276.156953,1276.156953,127.6156953,127.6156953,127.6156953,127.6156953,3.0,3.0,10.0,10.0,S0_baseline
69948.0,350.4160365,1051.2481095,4204.992438,4204.992438,350.4160365,350.4160365,350.4160365,382.2720398181818,1.0,3.0,12.0,11.0,S0_baseline
69956.0,253.8651795,761.5955385,1777.0562565,2030.921436,253.8651795,253.8651795,253.8651795,290.1316337142857,1.0,3.0,7.0,7.0,S0_baseline
69975.0,696.2551734,1044.3827601,3481.275867,3481.275867,348.1275867,348.1275867,348.1275867,348.1275867,2.0,3.0,10.0,10.0,S0_baseline
69981.0,345.0947256,517.6420884,1725.473628,1725.473628,172.5473628,172.5473628,172.5473628,172.5473628,2.0,3.0,10.0,10.0,S0_baseline
69988.0,375.9377031,250.6251354,1127.8131093,1253.125677,125.3125677,125.3125677,125.3125677,139.23618633333334,3.0,2.0,9.0,9.0,S0_baseline
70001.0,125.6314499,376.8943497,1319.13022395,1130.6830491,125.6314499,125.6314499,131.913022395,125.6314499,1.0,3.0,10.0,9.0,S0_baseline
70008.0,484.467854,726.701781,2180.105343,2422.33927,242.233927,242.233927,242.233927,242.233927,2.0,3.0,9.0,10.0,S0_baseline
70025.0,278.04919569,278.04919569,834.14758707,834.14758707,92.68306523,92.68306523,92.68306523,104.26844838375,3.0,3.0,9.0,8.0,S0_baseline
70040.0,121.0492831,181.57392465,544.7217739499999,484.1971324,60.52464155,60.52464154999999,60.52464154999999,60.52464155,2.0,3.0,9.0,8.0,S0_baseline
70043.0,619.5145682,929.2718523,2787.8155569,3097.572841,309.7572841,309.7572841,309.7572841,309.7572841,2.0,3.0,9.0,10.0,S0_baseline
70046.0,1711.481259,2567.2218885,6845.925036,8557.406294999999,855.7406295,855.7406295,855.7406295,855.7406294999998,2.0,3.0,8.0,10.0,S0_baseline
70050.0,2149.5646311,2149.5646311,6448.6938933,6448.6938933,716.5215437,716.5215437,716.5215437,716.5215437,3.0,3.0,9.0,9.0,S0_baseline
70067.0,344.0592831,229.3728554,917.4914216,802.8049939,114.6864277,114.6864277,114.6864277,114.6864277,3.0,2.0,8.0,7.0,S0_baseline
70126.0,378.9364552,378.9364552,1705.2140484,2273.6187312,189.4682276,189.4682276,189.4682276,206.6926119272728,2.0,2.0,9.0,11.0,S0_baseline
70127.0,191.61243744,127.74162496,574.83731232,638.7081248,63.870812480000005,63.87081248,63.870812480000005,70.96756942222221,3.0,2.0,9.0,9.0,S0_baseline
70133.0,348.0807213,348.0807213,1044.2421639,1160.269071,116.0269071,116.0269071,116.0269071,128.91878566666665,3.0,3.0,9.0,9.0,S0_baseline
70143.0,140.8486992,422.5460976,1338.0626424,1126.7895936,140.8486992,140.8486992,148.67362693333334,140.8486992,1.0,3.0,9.0,8.0,S0_baseline
70197.0,510.2727542,510.2727542,2806.5001481,2551.3637710000003,255.1363771,255.1363771,280.65001481,283.4848634444445,2.0,2.0,10.0,9.0,S0_baseline
70261.0,67.87644094,135.75288188,610.8879684599999,610.8879684599999,67.87644094,67.87644094,67.87644094,67.87644094,1.0,2.0,9.0,9.0,S0_baseline
70311.0,748.5630466,748.5630466,7859.9119893,4491.3782796,748.5630466,748.5630466,785.99119893,748.5630465999999,1.0,1.0,10.0,6.0,S0_baseline
70393.0,494.8055839,494.8055839,4700.65304705,3958.4446712,494.8055839,494.8055839,522.2947830055556,494.8055839,1.0,1.0,9.0,8.0,S0_baseline
70398.0,658.8506017,658.8506017,4941.37951275,4611.9542119,658.8506017,658.8506017,705.9113589642857,658.8506017,1.0,1.0,7.0,7.0,S0_baseline
70417.0,1022.594466,0.0,9714.647427,7158.161262,1022.594466,0.0,1079.4052696666668,1022.594466,1.0,0.0,9.0,7.0,S0_baseline
70434.0,2397.0296203000003,3424.328029,3937.97723335,2054.5968174,399.5049367166667,342.4328029,357.99793030454543,342.4328029,6.0,10.0,11.0,6.0,S0_baseline
70435.0,9425.941406,1346.563058,12792.349051,9425.941406,1346.563058,1346.563058,1421.3721167777776,1346.563058,7.0,1.0,9.0,7.0,S0_baseline
70436.0,8652.091273,4944.052156,11742.1238705,7416.078234,1236.013039,1236.013039,1304.6804300555557,1236.013039,7.0,4.0,9.0,6.0,S0_baseline
70439.0,18729.146112,8194.001424,11120.430504,8194.001424,1440.7035470769229,1170.571632,1235.603389333333,1170.571632,13.0,7.0,9.0,7.0,S0_baseline
70442.0,1776.4878021,592.1626007,5033.38210595,4145.1382049,592.1626007,592.1626007,629.17276324375,592.1626007000001,3.0,1.0,8.0,7.0,S0_baseline
70446.0,2402.7570936,600.6892734,6307.237370700001,3604.1356404,600.6892734,600.6892734,630.7237370700001,600.6892734,4.0,1.0,10.0,6.0,S0_baseline
70447.0,4306.210236,2153.105118,11303.8018695,6459.315354,1076.552559,1076.552559,1130.3801869499998,1076.552559,4.0,2.0,10.0,6.0,S0_baseline
70450.0,323.1582484,646.3164968,2746.8451114,2262.1077388,323.1582484,323.1582484,343.355638925,323.1582484,1.0,2.0,8.0,7.0,S0_baseline
70460.0,189.80305954,284.70458931,854.11376793,949.0152977,94.90152977,94.90152976999998,94.90152977,94.90152977,2.0,3.0,9.0,10.0,S0_baseline
70464.0,633.003965,949.5059475,2848.5178425,2848.5178425,316.5019825,316.5019825,316.5019825,316.5019825,2.0,3.0,9.0,9.0,S0_baseline
70465.0,357.8162781,357.8162781,1073.4488343,1073.4488343,119.2720927,119.2720927,119.2720927,119.2720927,3.0,3.0,9.0,9.0,S0_baseline
70468.0,2516.1396198,4193.566033,10064.5584792,13419.4113056,838.7132066,1048.39150825,1118.2842754666667,1032.262408123077,3.0,4.0,9.0,13.0,S0_baseline
70471.0,376.6025436,376.6025436,1129.8076308,1255.341812,125.5341812,125.5341812,125.5341812,125.5341812,3.0,3.0,9.0,10.0,S0_baseline
70473.0,1037.5727295,1037.5727295,3112.7181885,3112.7181885,345.8575765,345.8575765,345.8575765,345.8575765,3.0,3.0,9.0,9.0,S0_baseline
70475.0,773.9676942,1289.946157,3095.8707768,3611.8492396,257.9892314,322.48653925,343.98564186666664,328.34993087272727,3.0,4.0,9.0,11.0,S0_baseline
70482.0,982.8467814,1474.2701721,4914.233907,4914.233907,491.4233907,491.4233907,491.4233907,491.4233907,2.0,3.0,10.0,10.0,S0_baseline
70486.0,925.2429084,925.2429084,3700.9716336,4317.8002392,308.4143028,308.4143028,411.2190704,392.5272944727273,3.0,3.0,9.0,11.0,S0_baseline
70498.0,843.6419836,1265.4629754,4640.0309098,5061.8519016,421.8209918,421.8209918,464.00309098,460.1683546909091,2.0,3.0,10.0,11.0,S0_baseline
70506.0,1700.1526967999998,1133.4351312,6233.893221599999,6800.610787199999,566.7175656,566.7175656,779.2366526999999,680.06107872,3.0,2.0,8.0,10.0,S0_baseline
70527.0,1097.1852102,731.4568068,3291.5556306,3291.5556306,365.7284034,365.7284034,411.444453825,365.7284034,3.0,2.0,8.0,9.0,S0_baseline
70531.0,508.0426404,338.6950936,1354.7803744,1524.1279212,169.3475468,169.3475468,169.3475468,169.3475468,3.0,2.0,8.0,9.0,S0_baseline
70535.0,871.7449856999999,581.1633238,3196.3982809,2905.816619,290.5816619,290.5816619,399.5497851125,363.227077375,3.0,2.0,8.0,8.0,S0_baseline
70537.0,203.02012236,135.34674824,744.40711532,879.7538635600001,67.67337412,67.67337412,93.050889415,87.97538635600002,3.0,2.0,8.0,10.0,S0_baseline
70541.0,244.58806419,163.05870946,652.23483784,652.23483784,81.52935473,81.52935473,81.52935473,81.52935473,3.0,2.0,8.0,8.0,S0_baseline
70549.0,743.2783674,495.5189116,1982.0756464,1982.0756464,247.7594558,247.7594558,247.7594558,247.7594558,3.0,2.0,8.0,8.0,S0_baseline
70552.0,1735.584261,1157.056174,5785.2808700000005,6363.808957,578.528087,578.528087,578.528087,578.528087,3.0,2.0,10.0,11.0,S0_baseline
70556.0,277.27194028,207.95395521,831.81582084,1039.76977605,69.31798507,69.31798507,92.42398009333334,94.52452509545456,4.0,3.0,9.0,11.0,S0_baseline
70568.0,271.13598693,271.13598693,813.40796079,632.65063617,90.37866231,90.37866231,90.37866231,90.37866231,3.0,3.0,9.0,7.0,S0_baseline
70596.0,1608.7561964,1206.5671473,4021.890491,5228.457638299999,402.1890491,402.1890491,446.87672122222216,402.1890491,4.0,3.0,9.0,13.0,S0_baseline
70598.0,2325.0443412,387.5073902,3487.5665118,5037.596072599999,465.00886824,387.5073902,387.5073902,419.7996727166666,5.0,1.0,9.0,12.0,S0_baseline
70599.0,741.582532,185.395633,1668.560697,2039.351963,185.395633,185.395633,185.395633,185.395633,4.0,1.0,9.0,11.0,S0_baseline
70623.0,1453.7540921999998,242.2923487,2180.6311383,3149.8005331,290.75081844,242.2923487,242.2923487,262.48337775833335,5.0,1.0,9.0,12.0,S0_baseline
70625.0,1998.4205526,333.0700921,3663.7710131,3996.8411052,399.68411052,333.0700921,333.0700921,333.0700921,5.0,1.0,11.0,12.0,S0_baseline
70636.0,324.6057904,81.1514476,730.3630284,892.6659235999999,81.1514476,81.1514476,81.1514476,81.1514476,4.0,1.0,9.0,11.0,S0_baseline
70639.0,280.7574074,70.18935185,631.7041666499999,772.0828703499999,70.18935185,70.18935185,70.18935185,70.18935185,4.0,1.0,9.0,11.0,S0_baseline
70662.0,127.93084532,127.93084532,639.6542266,639.6542266,63.96542266,63.96542266,63.96542266,63.96542266,2.0,2.0,10.0,10.0,S0_baseline
70683.0,769.6317028,0.0,9235.5804336,6926.6853252,769.6317028,0.0,839.5982212363637,769.6317028,1.0,0.0,11.0,9.0,S0_baseline
70736.0,889.6336918,889.6336918,11120.4211475,7117.0695344,889.6336918,889.6336918,926.7017622916666,889.6336918,1.0,1.0,12.0,8.0,S0_baseline
70824.0,1852.247298,1852.247298,23153.091225,12965.731086,1852.247298,1852.247298,1929.42426875,1852.247298,1.0,1.0,12.0,7.0,S0_baseline
70830.0,1836.878993,734.7515972,3490.0700867,2571.6305902,459.21974825,367.3757986,387.7855651888889,367.3757986,4.0,2.0,9.0,7.0,S0_baseline
70839.0,382.04636665,76.40927333,687.6834599700001,840.5020066300001,76.40927333,76.40927333,76.40927333,76.40927333,5.0,1.0,9.0,11.0,S0_baseline
70843.0,677.3276900000001,135.465538,1625.586456,2167.448608,135.465538,135.465538,180.6207173333333,154.81775771428573,5.0,1.0,9.0,14.0,S0_baseline
70887.0,155.17059153000002,51.72353051,413.78824408,620.6823661200001,51.72353051000001,51.72353051,51.72353051,51.72353051000001,3.0,1.0,8.0,12.0,S0_baseline
70893.0,709.0670572,177.2667643,1949.9344073,2659.0014645,177.2667643,177.2667643,243.7418009125,204.5385741923077,4.0,1.0,8.0,13.0,S0_baseline
70916.0,140.28091328,70.14045664,771.5450230399999,771.5450230399999,70.14045664,70.14045664,70.14045664,70.14045664,2.0,1.0,11.0,11.0,S0_baseline
70964.0,916.4400505,183.2880101,1466.3040808,2016.1681111,183.2880101,183.2880101,183.2880101,183.2880101,5.0,1.0,8.0,11.0,S0_baseline
70981.0,603.2829305,241.3131722,1327.2224471,1327.2224471,120.6565861,120.6565861,120.6565861,120.6565861,5.0,2.0,11.0,11.0,S0_baseline
70991.0,569.5181320199999,189.83937734,1044.11657537,1233.95595271,94.91968867,94.91968867,130.51457192125,102.82966272583332,6.0,2.0,8.0,12.0,S0_baseline
70994.0,509.1577881,169.7192627,763.73668215,1018.3155762,84.85963135,84.85963135,84.85963135,84.85963135,6.0,2.0,9.0,12.0,S0_baseline
71045.0,105.78217284,70.52144856,317.34651852,423.12869136,35.26072428,35.26072428,35.26072428,35.26072428,3.0,2.0,9.0,12.0,S0_baseline
71049.0,297.34134244,223.00600683,669.01802049,1115.03003415,74.33533561,74.33533561,74.33533561,85.77154108846155,4.0,3.0,9.0,13.0,S0_baseline
71067.0,307.20292604,230.40219453000003,921.60877812,1075.21024114,76.80073151,76.80073151,102.40097534666668,89.60085342833334,4.0,3.0,9.0,12.0,S0_baseline
71078.0,506.9264475,405.541158,1520.7793425,1824.935211,101.3852895,101.3852895,138.2526675,130.35251507142857,5.0,4.0,11.0,14.0,S0_baseline
71080.0,408.84661285,327.07729028,1144.77051598,1390.07848369,81.76932257,81.76932257,114.477051598,99.29132026357142,5.0,4.0,10.0,14.0,S0_baseline
71088.0,1094.3312268,1094.3312268,2371.0509914,3647.770756,182.3885378,182.3885378,263.45011015555554,214.5747503529412,6.0,6.0,9.0,17.0,S0_baseline
71102.0,1086.2115186,905.1762655,1629.3172779,3077.5993027,181.0352531,181.0352531,181.0352531,192.34995641875,6.0,5.0,9.0,16.0,S0_baseline
71107.0,1476.5368464,1230.447372,2706.9842184,4429.6105392,246.0894744,246.08947440000003,270.69842184,260.5653258352941,6.0,5.0,10.0,17.0,S0_baseline
71125.0,3431.0489922,2859.2074935,5146.5734883,8005.7809818,571.8414987,571.8414987,571.8414987,571.8414987,6.0,5.0,9.0,14.0,S0_baseline
71130.0,295.46504256,295.46504256,664.7963457599999,1034.12764896,73.86626064,73.86626064,73.86626064,73.86626064,4.0,4.0,9.0,14.0,S0_baseline
71135.0,164.11807568,164.11807568,369.26567028,533.38374596,41.02951892,41.02951892,41.02951892,41.02951892,4.0,4.0,9.0,13.0,S0_baseline
71138.0,397.32198252,496.65247815,993.3049563,1489.95743445,99.33049563,99.33049563,110.36721736666668,99.33049563,4.0,5.0,9.0,15.0,S0_baseline
71139.0,902.0914272,751.7428560000001,1503.485712,2405.5771392,150.3485712,150.3485712,167.05396800000003,150.3485712,6.0,5.0,9.0,16.0,S0_baseline
71141.0,782.9277352,782.9277352,1761.5874042,2544.5151394,195.7319338,195.7319338,195.7319338,212.0429282833333,4.0,4.0,9.0,12.0,S0_baseline
71143.0,416.69841270000006,833.3968254000001,1666.7936508000005,1805.6931217,138.8994709,138.8994709,151.52669552727275,150.47442680833333,3.0,6.0,11.0,12.0,S0_baseline
71146.0,250.44398637,417.4066439500001,1001.77594548,1001.77594548,83.48132879,83.48132879,91.0705404981818,91.0705404981818,3.0,5.0,11.0,11.0,S0_baseline
71147.0,141.98551608,283.97103216,567.94206432,567.94206432,47.32850536,47.32850536,51.63109675636363,51.63109675636363,3.0,6.0,11.0,11.0,S0_baseline
71201.0,1326.8408181,1137.2921298,2464.1329479,3032.7790128,189.5486883,189.5486883,189.5486883,189.5486883,7.0,6.0,13.0,16.0,S0_baseline
71204.0,348.83223708,348.83223708,872.0805927,988.35800506,58.13870618000001,58.13870618000001,58.13870618,58.13870618,6.0,6.0,15.0,17.0,S0_baseline
71207.0,1318.0800549,1129.7829042,2824.4572605,3012.7544112,188.2971507,188.2971507,188.2971507,188.2971507,7.0,6.0,15.0,16.0,S0_baseline
71211.0,1043.5286568,913.0875747,1956.6162315,2217.4983957,130.4410821,130.4410821,130.4410821,130.4410821,8.0,7.0,15.0,17.0,S0_baseline
71213.0,406.3519092,406.3519092,1015.879773,1219.0557276,67.7253182,67.7253182,67.7253182,76.190982975,6.0,6.0,15.0,16.0,S0_baseline
71226.0,1318.4242734,1318.4242734,3296.0606835000003,3955.2728202,219.7373789,219.7373789,219.7373789,247.2045512625,6.0,6.0,15.0,16.0,S0_baseline
71231.0,1111.541319,1111.541319,2964.110184,3334.623957,185.2568865,185.2568865,185.2568865,208.4139973125,6.0,6.0,16.0,16.0,S0_baseline
71233.0,1223.445828,1223.445828,3425.6483184,3670.337484,244.6891656,244.6891656,244.6891656,262.1669631428571,5.0,5.0,14.0,14.0,S0_baseline
71234.0,643.0265565000001,643.0265565000001,1800.4743582,1929.0796695,128.6053113,128.6053113,128.6053113,128.6053113,5.0,5.0,14.0,15.0,S0_baseline
71246.0,4691.9179232,3518.9384424,9383.8358464,11143.305067599998,586.4897404,586.4897404,586.4897404,586.4897404,8.0,6.0,16.0,19.0,S0_baseline
71262.0,4453.7629144,3340.3221858,8350.805464500001,10020.9665574,556.7203643,556.7203643,556.7203643,556.7203643,8.0,6.0,15.0,18.0,S0_baseline
71265.0,624.998074,499.9984592,1937.4940294,1749.9946072,124.9996148,124.9996148,129.16626862666666,124.9996148,5.0,4.0,15.0,14.0,S0_baseline
71273.0,1267.6072298499998,1170.0989814,2730.2309566,2925.2474535,253.52144597,195.0164969,195.0164969,208.94624667857144,5.0,6.0,14.0,14.0,S0_baseline
71280.0,3547.907374,1612.68517,5321.8610610000005,5483.129578,354.7907374,322.537034,332.61631631250003,322.537034,10.0,5.0,16.0,17.0,S0_baseline
71347.0,789.024783,1104.6346962,2367.074349,2840.4892188,157.8049566,157.8049566,169.0767392142857,189.36594792,5.0,7.0,14.0,15.0,S0_baseline
71355.0,1440.194968,2880.389936,5760.779872,5400.73113,360.048742,411.48427657142855,384.05199146666666,360.048742,4.0,7.0,15.0,15.0,S0_baseline
71565.0,202.06299129,202.06299129,606.18897387,808.25196516,67.35433043,67.35433043,67.35433043,67.35433043,3.0,3.0,9.0,12.0,S0_baseline
71567.0,414.2040752,414.2040752,1656.8163008,1553.2652819999998,103.5510188,103.5510188,110.45442005333332,119.48194476923076,4.0,4.0,15.0,13.0,S0_baseline
71572.0,313.1633043,313.1633043,1252.6532172,1148.2654491,104.3877681,104.3877681,104.3877681,104.3877681,3.0,3.0,12.0,11.0,S0_baseline
71573.0,266.5501572,355.4002096,799.6504716,1066.2006288,88.8500524,88.8500524,88.8500524,88.8500524,3.0,4.0,9.0,12.0,S0_baseline
71575.0,232.63057428,232.63057428,852.97877236,1008.06582188,77.54352476,77.54352476,77.54352476,84.00548515666667,3.0,3.0,11.0,12.0,S0_baseline
71577.0,205.21156164,342.0192694,820.84624656,752.44239268,68.40385388,68.40385388,74.6223860509091,68.40385388,3.0,5.0,11.0,11.0,S0_baseline
71581.0,840.2996008,1050.374501,3991.4231038,2941.0486028,210.0749002,210.0749002,234.78959434117647,210.0749002,4.0,5.0,17.0,14.0,S0_baseline
71583.0,147.82827324,147.82827324,542.03700188,542.03700188,49.27609107999999,49.27609107999999,49.27609108000001,49.27609108000001,3.0,3.0,11.0,11.0,S0_baseline
71587.0,248.9363007,248.9363007,746.8089021,912.7664359,82.9787669,82.9787669,82.9787669,82.9787669,3.0,3.0,9.0,11.0,S0_baseline
71591.0,487.62983076,325.08655384,1219.0745769,812.7163846000001,81.27163846,81.27163846,87.07675549285715,81.27163846,6.0,4.0,14.0,10.0,S0_baseline
71596.0,186.90413032,140.17809774,560.71239096,560.71239096,46.72603258,46.72603258,46.72603258,50.97385372363636,4.0,3.0,12.0,11.0,S0_baseline
71599.0,349.38734148,436.73417685,1310.20253055,1048.16202444,87.34683537,87.34683537,87.34683537,87.34683537,4.0,5.0,15.0,12.0,S0_baseline
71605.0,353.33176890000004,353.33176890000004,1413.3270756000002,1531.1043319,117.77725630000002,117.77725630000002,117.77725630000002,127.59202765833334,3.0,3.0,12.0,12.0,S0_baseline
71624.0,902.8651254,601.9100836,2257.1628135,1203.8201672,150.4775209,150.4775209,161.22591525,150.4775209,6.0,4.0,14.0,8.0,S0_baseline
71625.0,478.1491448,382.51931584,1434.4474344,956.2982896,95.62982896,95.62982896,102.46053102857142,95.62982896,5.0,4.0,14.0,10.0,S0_baseline
71632.0,247.29520212,185.47140159,927.35700795,556.41420477,61.82380053,61.82380053,61.82380053,61.82380053,4.0,3.0,15.0,9.0,S0_baseline
71637.0,258.83092692,258.83092692,841.20051249,841.20051249,64.70773173,64.70773173,64.70773173,70.10004270750001,4.0,4.0,13.0,12.0,S0_baseline
71648.0,1038.0275144,778.5206358,3114.0825432,2595.068786,259.5068786,259.5068786,259.5068786,259.5068786,4.0,3.0,12.0,10.0,S0_baseline
71652.0,2981.0401782,2484.2001485,8446.2805049,5465.2403267,496.8400297,496.8400297,563.0853669933333,496.8400297,6.0,5.0,15.0,11.0,S0_baseline
71658.0,533.2104688,399.9078516,1466.3287891999998,1333.026172,133.3026172,133.3026172,133.3026172,148.1140191111111,4.0,3.0,11.0,9.0,S0_baseline
71669.0,736.1516214000001,490.7677476,2085.7629273,1226.919369,122.69193690000002,122.6919369,139.05086182000002,122.6919369,6.0,4.0,15.0,10.0,S0_baseline
71674.0,501.7916968,501.7916968,1630.8230146,1630.8230146,125.4479242,125.4479242,135.90191788333334,135.90191788333334,4.0,4.0,12.0,12.0,S0_baseline
71675.0,727.5808576,727.5808576,2182.7425728,2364.6377872,181.8952144,181.8952144,181.8952144,197.0531489333333,4.0,4.0,12.0,12.0,S0_baseline
71676.0,142.47484664,142.47484664,463.04325158000006,284.94969328,35.61871166,35.61871166,35.61871166,35.61871166,4.0,4.0,13.0,8.0,S0_baseline
71677.0,90.95604864,90.95604864,295.60715808000003,181.91209728,22.73901216,22.73901216,22.73901216,22.73901216,4.0,4.0,13.0,8.0,S0_baseline
71678.0,753.1487736,753.1487736,2447.7335142,1506.2975472,188.2871934,188.2871934,188.2871934,188.2871934,4.0,4.0,13.0,8.0,S0_baseline
71686.0,192.98300148,144.73725111000002,530.7032540700001,482.4575037,48.24575037,48.24575037,48.24575037,53.6063893,4.0,3.0,11.0,9.0,S0_baseline
71708.0,419.1357584,314.3518188,1152.6233356,943.0554564,104.7839396,104.7839396,104.7839396,104.7839396,4.0,3.0,11.0,9.0,S0_baseline
71725.0,779.4069404,584.5552053,2143.3690861,1948.517351,194.8517351,194.8517351,194.8517351,194.8517351,4.0,3.0,11.0,10.0,S0_baseline
71744.0,826.6123472,619.9592604000001,2273.1839548000003,1859.8777812,206.6530868,206.6530868,206.6530868,206.6530868,4.0,3.0,11.0,9.0,S0_baseline
71747.0,767.425408,575.5690559999999,2685.988928,2110.419872,191.856352,191.856352,206.6145329230769,211.0419872,4.0,3.0,13.0,10.0,S0_baseline
71755.0,771.334018,617.0672144,2314.002054,1234.1344288,154.2668036,154.2668036,165.285861,154.2668036,5.0,4.0,14.0,8.0,S0_baseline
71769.0,521.0513992,390.7885494,1432.8913478,1172.3656482,130.2628498,130.2628498,130.2628498,130.2628498,4.0,3.0,11.0,9.0,S0_baseline
71778.0,2724.829362,1816.552908,7266.211632,4995.520497,454.138227,454.138227,484.4141088,454.138227,6.0,4.0,15.0,11.0,S0_baseline
71797.0,349.93874368,262.45405776,962.33154512,787.36217328,87.48468592,87.48468592,87.48468592,87.48468592,4.0,3.0,11.0,9.0,S0_baseline
71802.0,1176.8315084,882.6236313,3530.4945252,2942.0787710000004,294.2078771,294.2078771,320.95404774545455,326.89764122222226,4.0,3.0,11.0,9.0,S0_baseline
71804.0,313.04485124,234.78363843,939.13455372,704.35091529,78.26121281,78.26121281,85.37586852,78.26121281,4.0,3.0,11.0,9.0,S0_baseline
71805.0,646.802518,485.1018885,1778.7069244999998,1455.3056655,161.7006295,161.7006295,161.7006295,161.7006295,4.0,3.0,11.0,9.0,S0_baseline
71806.0,892.1701548,669.1276161,2453.4679257,2007.3828483,223.0425387,223.0425387,223.0425387,223.0425387,4.0,3.0,11.0,9.0,S0_baseline
71824.0,400.4232208,400.4232208,1201.2696624,1101.1638572000002,100.1058052,100.1058052,100.1058052,100.10580520000002,4.0,4.0,12.0,11.0,S0_baseline
71849.0,957.0554496,717.7915872,2871.1663488,1914.1108992,239.2638624,239.2638624,239.2638624,239.2638624,4.0,3.0,12.0,8.0,S0_baseline
71850.0,98.55819496,49.27909748,271.03503614,246.3954874,24.63954874,24.63954874,24.63954874,24.63954874,4.0,2.0,11.0,10.0,S0_baseline
71851.0,72.31179428,54.23384571,198.85743427,180.7794857,18.07794857,18.07794857,18.07794857,18.07794857,4.0,3.0,11.0,10.0,S0_baseline
71863.0,119.65464316,119.65464316,358.96392948000005,299.1366079,29.91366079,29.91366079,29.913660790000005,29.91366079,4.0,4.0,12.0,10.0,S0_baseline
71899.0,857.4097684,643.0573263,3000.9341894,2572.2293052,214.3524421,214.3524421,230.8410914923077,233.83902774545456,4.0,3.0,13.0,11.0,S0_baseline
71906.0,535.4613398399999,267.73066992,1160.1662363199998,713.94845312,89.24355664,89.24355664,89.24355663999998,89.24355664,6.0,3.0,13.0,8.0,S0_baseline
71907.0,417.4945536,313.1209152,1252.4836608,1043.736384,104.3736384,104.3736384,104.3736384,115.97070933333332,4.0,3.0,12.0,9.0,S0_baseline
71935.0,310.15512535,186.09307521,806.4033259099999,682.34127577,62.03102507,62.03102507,62.03102506999999,62.031025070000005,5.0,3.0,13.0,11.0,S0_baseline
71943.0,336.07597984999995,201.64558791,873.7975476099999,739.36715567,67.21519597,67.21519597,67.21519597,67.21519597,5.0,3.0,13.0,11.0,S0_baseline
71950.0,433.3145872,324.9859404,1191.6151148,974.9578212,108.3286468,108.3286468,108.3286468,108.3286468,4.0,3.0,11.0,9.0,S0_baseline
71954.0,79.92870054,79.92870054,479.57220324,319.71480216,39.96435027,39.96435027,39.96435027,39.96435027,2.0,2.0,12.0,8.0,S0_baseline
71992.0,453.399882,340.0499115,1360.199646,1133.499705,113.3499705,113.3499705,113.3499705,113.3499705,4.0,3.0,12.0,10.0,S0_baseline
72062.0,115.0766904,115.0766904,1668.6120108,1150.766904,115.0766904,115.0766904,128.35477006153846,127.86298933333336,1.0,1.0,13.0,9.0,S0_baseline
72134.0,420.1836808,210.0918404,2311.0102444,1680.7347232,210.0918404,210.0918404,210.0918404,210.0918404,2.0,1.0,11.0,8.0,S0_baseline
72186.0,433.7884125,433.7884125,6723.72039375,4337.884125,433.7884125,433.7884125,448.24802625,433.7884125,1.0,1.0,15.0,10.0,S0_baseline
72201.0,122.7113919,245.4227838,2024.73796635,1349.8253109,122.7113919,122.7113919,134.98253108999998,122.7113919,1.0,2.0,15.0,11.0,S0_baseline
72231.0,385.350206,385.350206,4816.877575,3468.151854,385.350206,385.350206,401.4064645833334,385.350206,1.0,1.0,12.0,9.0,S0_baseline
72236.0,245.4625512,245.4625512,3068.28189,1963.7004096,245.4625512,245.4625512,255.69015750000003,245.4625512,1.0,1.0,12.0,8.0,S0_baseline
72269.0,1541.7787565,1541.7787565,3237.73538865,2466.8460104,308.3557513,308.3557513,323.773538865,352.40657291428573,5.0,5.0,10.0,7.0,S0_baseline
72298.0,368.7815476,737.5630952,1475.1261904,1843.907738,368.7815476,368.7815476,368.7815476,368.7815476,1.0,2.0,4.0,5.0,S0_baseline
72347.0,411.4290215,822.858043,1645.716086,1645.716086,411.4290215,411.4290215,411.4290215,411.4290215,1.0,2.0,4.0,4.0,S0_baseline
72348.0,208.5705511,417.1411022,625.7116533,834.2822044,208.5705511,208.5705511,208.5705511,208.5705511,1.0,2.0,3.0,4.0,S0_baseline
72395.0,135.56154162,135.56154162,293.71667351,519.65257621,22.593590270000004,22.593590270000004,29.371667351000003,27.35013559,6.0,6.0,10.0,19.0,S0_baseline
72409.0,273.697413,410.5461195,821.092239,1368.4870649999998,68.42435325,68.42435325,91.232471,76.02705916666666,4.0,6.0,9.0,18.0,S0_baseline
72467.0,684.8258132,856.0322665,2568.0967995,2225.6838929,171.2064533,171.2064533,214.008066625,202.33489935454543,4.0,5.0,12.0,11.0,S0_baseline
72484.0,5498.804748,3665.869832,12830.544412,16496.414244,916.467458,916.467458,986.9649547692308,1099.7609496,6.0,4.0,13.0,15.0,S0_baseline
72487.0,1650.5113595,1320.4090876,4291.3295347,4951.5340785,330.1022719,330.1022719,330.1022719,380.8872368076923,5.0,4.0,13.0,13.0,S0_baseline
72494.0,2395.6850144,2395.6850144,7187.0550432,7785.9762968,598.9212536,598.9212536,598.9212536,598.9212536,4.0,4.0,12.0,13.0,S0_baseline
72560.0,237.68405358,118.84202679,475.36810716,594.21013395,39.61400893,39.61400893,39.61400893,39.61400893,6.0,3.0,12.0,15.0,S0_baseline
72621.0,125.33998514,188.00997771,689.36991827,752.03991084,62.66999257,62.66999257,62.66999257,62.66999257,2.0,3.0,11.0,12.0,S0_baseline
72690.0,106.91051462,106.91051462,588.00783041,534.5525731,53.45525731,53.45525731,53.45525731,53.45525731,2.0,2.0,11.0,10.0,S0_baseline
72766.0,477.68537656,204.72230424,887.12998504,887.12998504,68.24076808,68.24076808,68.24076808,68.24076808,7.0,3.0,13.0,13.0,S0_baseline
72770.0,824.7515616,309.2818356,1443.3152328,1958.7849588,103.0939452,103.0939452,111.02424867692308,115.22264463529412,8.0,3.0,13.0,17.0,S0_baseline
72781.0,310.44943386,155.22471693,620.89886772,776.12358465,51.74157231,51.74157231,51.74157231,51.74157231,6.0,3.0,12.0,15.0,S0_baseline
72833.0,634.9947936,793.743492,2222.4817776,2857.4765712,158.7486984,198.435873,202.0437979636364,178.5922857,4.0,4.0,11.0,16.0,S0_baseline
72837.0,179.2455234,179.2455234,597.4850779999999,836.4791092,59.7485078,59.7485078,59.74850779999999,64.34454686153846,3.0,3.0,10.0,13.0,S0_baseline
72846.0,316.97038632,316.97038632,1188.6389487,1188.6389487,79.24259658,105.65679544,108.05808624545452,91.43376528461538,4.0,3.0,11.0,13.0,S0_baseline
72883.0,396.8722671,529.1630228,1058.3260456,1719.7798241,132.2907557,132.2907557,132.2907557,132.2907557,3.0,4.0,8.0,13.0,S0_baseline
72893.0,705.6135248,1058.4202872,2116.8405744,2822.4540992,235.2045082666667,211.68405744,235.2045082666667,235.2045082666667,3.0,5.0,9.0,12.0,S0_baseline
72896.0,333.00367445,333.00367445,999.01102335,1132.21249313,83.2509186125,83.2509186125,111.00122481666666,80.87232093785714,4.0,4.0,9.0,14.0,S0_baseline
72913.0,518.0323088,518.0323088,1165.5726948,1554.0969264,172.67743626666666,129.5080772,129.5080772,141.28153876363638,3.0,4.0,9.0,11.0,S0_baseline
72926.0,1497.4619295,1497.4619295,3294.4162449,5091.3705603,299.4923859,374.365482375,411.8020306125,363.6693257357143,5.0,4.0,8.0,14.0,S0_baseline
72944.0,3844.294432,5382.012204799999,9226.3066368,10764.0244096,768.8588864,897.0020341333333,1153.2883296,1076.40244096,5.0,6.0,8.0,10.0,S0_baseline
72967.0,545.9450401199999,727.92672016,909.9084002,1000.89924022,90.99084002,103.98953145142856,129.9869143142857,125.1124050275,6.0,7.0,7.0,8.0,S0_baseline
73068.0,692.10186456,605.58913149,951.64006377,1297.69099605,138.420372912,100.931521915,118.95500797125,108.1409163375,5.0,6.0,8.0,12.0,S0_baseline
73075.0,1707.7717955,2049.3261546,3757.0979501,5123.3153865,341.5543591,409.86523092,469.6372437625,465.7559442272728,5.0,5.0,8.0,11.0,S0_baseline
73150.0,1564.2050052,2737.3587591,3910.512513,6647.8712721,391.0512513,391.0512513,558.6446447142856,511.3747132384616,4.0,7.0,7.0,13.0,S0_baseline
73158.0,205.57273509,411.14547018,548.19396024,822.29094036,68.52424503,68.52424503,78.31342289142857,68.52424503,3.0,6.0,7.0,12.0,S0_baseline
73168.0,70.78248739,424.69492434,495.47741173,849.38984868,70.78248739,70.78248739,70.78248739,70.78248739,1.0,6.0,7.0,12.0,S0_baseline
73173.0,66.52686741,332.63433705,465.68807186999993,665.2686741,66.52686741,66.52686741,66.52686741,66.52686741,1.0,5.0,7.0,10.0,S0_baseline
73421.0,237.8318834,475.6637668,654.0376793500001,1010.78550445,59.45797085,59.45797085,59.45797085000001,59.45797085,4.0,8.0,11.0,17.0,S0_baseline
73449.0,524.579264,1442.592976,1442.592976,2098.317056,131.144816,144.2592976,131.144816,131.144816,4.0,10.0,11.0,16.0,S0_baseline
73581.0,908.3517013,908.3517013,10446.04456495,8175.1653117,908.3517013,908.3517013,949.6404149954544,908.3517013,1.0,1.0,11.0,9.0,S0_baseline
73587.0,0.0,281.607659,3238.4880785,3097.684249,0.0,281.607659,294.40800713636366,281.607659,0.0,1.0,11.0,11.0,S0_baseline
73601.0,0.0,341.818154,3930.908771,4101.817848,0.0,341.818154,357.3553428181818,341.818154,0.0,1.0,11.0,12.0,S0_baseline
73627.0,257.0281815,1028.112726,771.0845445,1670.68317975,257.0281815,514.056363,257.0281815,278.447196625,1.0,2.0,3.0,6.0,S0_baseline
73692.0,694.5570648,1389.1141296,2083.6711944,2778.2282592,694.5570648,694.5570648,694.5570647999999,694.5570648,1.0,2.0,3.0,4.0,S0_baseline
73751.0,0.0,536.7023075,644.042769,858.723692,0.0,268.35115375,214.680923,214.680923,0.0,2.0,3.0,4.0,S0_baseline
73753.0,0.0,526.8866077499999,632.2639293,843.0185724,0.0,263.443303875,210.7546431,210.7546431,0.0,2.0,3.0,4.0,S0_baseline
73758.0,0.0,890.16433725,1068.1972047,1424.2629396,0.0,445.082168625,356.0657349,356.0657349,0.0,2.0,3.0,4.0,S0_baseline
73777.0,678.4334802,904.5779736,2487.5894274,5427.4678416,226.1444934,226.1444934,226.1444934,271.37339208,3.0,4.0,11.0,20.0,S0_baseline
73790.0,417.3147228,417.3147228,1391.0490759999998,2782.098152,139.1049076,139.1049076,139.1049076,139.1049076,3.0,3.0,10.0,20.0,S0_baseline
73802.0,361.7165478,241.1443652,1326.2940086,2170.2992868,120.5721826,120.5721826,120.5721826,120.5721826,3.0,2.0,11.0,18.0,S0_baseline
73810.0,971.5301403,647.6867602,3238.433801,6153.0242219,323.8433801,323.8433801,323.8433801,323.8433801,3.0,2.0,10.0,19.0,S0_baseline
73814.0,468.4208121,312.2805414,1561.402707,2810.5248726,156.1402707,156.1402707,156.1402707,156.1402707,3.0,2.0,10.0,18.0,S0_baseline
73836.0,1750.289732,4375.72433,7876.303793999999,15752.607588,875.144866,875.144866,875.144866,875.144866,2.0,5.0,9.0,18.0,S0_baseline
73846.0,967.5621606,2902.6864818,5805.3729636,10159.4026863,483.7810803,483.7810803,645.0414403999999,564.41126035,2.0,6.0,9.0,18.0,S0_baseline
73852.0,238.307214,595.7680349999999,1191.53607,2383.07214,119.153607,119.153607,119.153607,119.153607,2.0,5.0,10.0,20.0,S0_baseline
73860.0,1785.2864062,4463.2160155,9819.0752341,18745.5072651,892.6432031,892.6432031,981.90752341,937.275363255,2.0,5.0,10.0,20.0,S0_baseline
73886.0,187.49025848,562.47077544,843.70616316,2062.39284328,93.74512924,93.74512924,93.74512924,103.119642164,2.0,6.0,9.0,20.0,S0_baseline
73891.0,152.33409258,457.00227774,685.50341661,1447.17387951,76.16704629,76.16704629,76.16704629,80.39854886166667,2.0,6.0,9.0,18.0,S0_baseline
73916.0,220.69834326,367.8305721,662.09502978,1692.0206316600002,73.56611442,73.56611442,73.56611442,84.60103158300001,3.0,5.0,9.0,20.0,S0_baseline
73925.0,778.2524367,1037.6699156,2334.7573101,5447.7670569,259.4174789,259.4174789,259.4174789,259.4174789,3.0,4.0,9.0,21.0,S0_baseline
73931.0,340.3953152,1701.976576,3403.953152,6467.510988800001,340.3953152,340.3953152,340.3953152,340.3953152,1.0,5.0,10.0,19.0,S0_baseline
73932.0,256.1385422,256.1385422,1280.692711,2305.2468798,128.0692711,128.0692711,128.0692711,128.0692711,2.0,2.0,10.0,18.0,S0_baseline
73966.0,147.70636144,369.2659036,738.5318072,1477.0636144,73.85318072,73.85318072,73.85318072,73.85318072,2.0,5.0,10.0,20.0,S0_baseline
73973.0,0.0,625.4294749999999,1375.944845,2501.7179,0.0,125.08589499999998,125.085895,125.08589499999998,0.0,5.0,11.0,20.0,S0_baseline
73983.0,0.0,3214.7490684,5893.7066254,10715.830228,0.0,535.7915114,535.7915114,535.7915114,0.0,6.0,11.0,20.0,S0_baseline
73986.0,994.80136,2487.0034,4974.0068,9948.0136,497.40068,497.40068,497.40068,497.40068,2.0,5.0,10.0,20.0,S0_baseline
74005.0,889.7945013000001,1186.3926684,2965.981671,5931.963342,296.5981671,296.5981671,296.5981671,296.5981671,3.0,4.0,10.0,20.0,S0_baseline
74059.0,81.23504421,243.70513263,893.58548631,1380.99575157,81.23504421,81.23504421,89.35854863099999,81.23504421,1.0,3.0,10.0,17.0,S0_baseline
74072.0,795.6863254,2387.0589762,3978.431627,7956.863254,397.8431627,397.8431627,397.8431627,418.7822765263158,2.0,6.0,10.0,19.0,S0_baseline
74087.0,192.4201717,384.8403434,2116.6218887,3271.1429189,192.4201717,192.4201717,192.4201717,192.4201717,1.0,2.0,11.0,17.0,S0_baseline
74099.0,445.9833554,891.9667108,2006.9250993,4013.8501986,222.9916777,222.9916777,222.9916777,222.9916777,2.0,4.0,9.0,18.0,S0_baseline
74117.0,173.05706766,605.69973681,865.2853383,1817.09921043,86.52853383,86.52853383,86.52853383,90.8549605215,2.0,7.0,10.0,20.0,S0_baseline
74180.0,130.8814045,785.288427,1636.01755625,2486.7466855,130.8814045,130.8814045,136.33479635416668,138.1525936388889,1.0,6.0,12.0,18.0,S0_baseline
74252.0,3325.530981,5542.551635,14410.634251,17736.165232,1108.510327,1108.510327,1108.510327,1108.510327,3.0,5.0,13.0,16.0,S0_baseline
74253.0,157.90426571999998,210.53902096,631.6170628799999,789.5213286,52.63475524,52.63475524,52.63475524,52.63475524,3.0,4.0,12.0,15.0,S0_baseline
74270.0,0.0,1642.4753876,9444.2334787,10676.0900194,0.0,821.2376938,858.5666798818182,889.6741682833334,0.0,2.0,11.0,12.0,S0_baseline
74320.0,403.4521023,134.4840341,1210.3563069,2286.2285797,134.4840341,134.4840341,134.4840341,134.4840341,3.0,1.0,9.0,17.0,S0_baseline
74586.0,76.07125323,164.82104866499998,304.28501292,354.99918174,25.35708441,32.964209733,25.35708441,27.307629364615384,3.0,5.0,12.0,13.0,S0_baseline
74600.0,1809.8443911,2714.76658665,6636.0961007000005,7842.6590281,603.2814637,678.6916466625,603.2814637,653.5549190083333,3.0,4.0,11.0,12.0,S0_baseline
74671.0,14037.95196,133360.54362,238645.18332,280759.0392,14037.95196,14817.83818,14915.3239575,14037.95196,1.0,9.0,16.0,20.0,S0_baseline
74686.0,506.2132112,2910.7259644,4049.7056896,5568.3453232,253.1066056,323.41399604444445,253.1066056,278.41726616,2.0,9.0,16.0,20.0,S0_baseline
74688.0,470.8600354,4473.1703363,7533.7605664,9417.200708,470.8600354,497.0189262555555,470.8600354,470.8600354,1.0,9.0,16.0,20.0,S0_baseline
74696.0,1162.191021,14527.3877625,19757.247357,27892.584504,1162.191021,1614.1541958333337,1317.1498238,1267.8447501818182,1.0,9.0,15.0,22.0,S0_baseline
74706.0,1149.429015,13218.4336725,17241.435224999997,22988.5803,1149.429015,1468.7148525,1149.429015,1149.429015,1.0,9.0,15.0,20.0,S0_baseline
74717.0,236.5434711,2128.8912399,3548.1520665000003,4967.4128931000005,236.5434711,266.1114049875,236.5434711,248.37064465500004,1.0,8.0,15.0,20.0,S0_baseline
74723.0,881.1589947,7489.85145495,14098.5439152,15860.8619046,881.1589947,936.23143186875,881.1589947,881.1589947,1.0,8.0,16.0,18.0,S0_baseline
74726.0,0.0,3602.13405025,7204.2681005,8899.3900065,0.0,450.26675628125,480.28454003333337,444.969500325,0.0,8.0,15.0,20.0,S0_baseline
74727.0,0.0,1538.38119295,3076.7623859,3800.7064767,0.0,192.29764911875,205.1174923933333,190.035323835,0.0,8.0,15.0,20.0,S0_baseline
74731.0,563.3021697,4788.0684424500005,9012.8347152,10139.4390546,563.3021697,598.5085553062501,563.3021697,596.4375914470589,1.0,8.0,16.0,17.0,S0_baseline
74732.0,455.8667368,3874.8672628,7293.8677888,7749.7345256,455.8667368,484.35840785,455.8667368,455.8667368,1.0,8.0,16.0,17.0,S0_baseline
74757.0,961.0992368,7688.7938944,13455.3893152,20183.0839728,961.0992368,961.0992368,961.0992368,1009.15419864,1.0,8.0,14.0,20.0,S0_baseline
74761.0,1802.765183,3425.2538477,5768.8485856,5768.8485856,360.5530366,380.5837608555555,360.5530366,384.5899057066666,5.0,9.0,16.0,15.0,S0_baseline
74800.0,1146.2053975,3323.9956527500003,4814.0626695,7335.714544,286.55134937500003,276.9996377291667,240.703133475,282.1428670769231,4.0,12.0,20.0,26.0,S0_baseline
74802.0,498.9422739,6236.77842375,9978.845478,11974.6145736,498.9422739,623.677842375,554.3803043333332,520.6354162434783,1.0,10.0,18.0,23.0,S0_baseline
74803.0,1003.780933,9034.028397,16060.494928,20075.61866,1003.780933,1003.780933,1070.6996618666667,1056.6115084210526,1.0,9.0,15.0,19.0,S0_baseline
74812.0,1478.709996,3696.77499,5619.097984800001,8576.5179768,295.7419992,336.07045363636365,295.7419992,343.060719072,5.0,11.0,19.0,25.0,S0_baseline
74817.0,646.4847426,4040.52964125,5818.3626834,8727.5440251,323.2423713,367.3208764772728,323.2423713,363.6476677125,2.0,11.0,18.0,24.0,S0_baseline
74818.0,2137.4726512,3740.577139600001,7481.154279200001,7481.154279200001,534.3681628,623.4295232666667,534.3681628,534.3681628,4.0,6.0,14.0,14.0,S0_baseline
74830.0,835.528986,1921.7166678,3175.0101468000003,4511.8565244,208.8822465,174.70151525454546,167.1057972,180.474260976,4.0,11.0,19.0,25.0,S0_baseline
74831.0,1695.8273652,3815.6115717,6218.0336724,7913.8610376,339.16547304,317.967630975,296.09684154285713,304.37927067692306,5.0,12.0,21.0,26.0,S0_baseline
74845.0,1435.0251015,3300.5577334500003,5453.0953857,8036.1405684,287.0050203,300.0507030409091,287.0050203,321.445622736,5.0,11.0,19.0,25.0,S0_baseline
74920.0,0.0,3304.737831,4957.1067465,7270.423228199999,0.0,330.4737831,330.4737831,346.2106299142857,0.0,10.0,15.0,21.0,S0_baseline
74925.0,379.1051314,4549.2615768,5686.576971,8719.4180222,379.1051314,454.92615768,379.1051314,396.3371828272727,1.0,10.0,15.0,22.0,S0_baseline
74932.0,0.0,4353.551921,6530.3278815,10013.1694183,0.0,435.3551921,435.3551921,476.81759134761904,0.0,10.0,15.0,21.0,S0_baseline
74933.0,0.0,1809.0802,2713.6203,4160.88446,0.0,180.90802,180.90802,198.13735523809524,0.0,10.0,15.0,21.0,S0_baseline
74972.0,0.0,7569.043749,11353.5656235,18922.6093725,0.0,756.9043749,756.9043749,822.7221466304347,0.0,10.0,15.0,23.0,S0_baseline
74993.0,0.0,6678.848223,10018.2723345,17365.0053798,0.0,667.8848223,667.8848223,755.0002339043479,0.0,10.0,15.0,23.0,S0_baseline
75095.0,523.1078863,1569.3236589,2615.5394315000003,3661.7552041,523.1078863,523.1078863,523.1078863,523.1078863,1.0,3.0,5.0,7.0,S0_baseline
75097.0,0.0,9971.887937,14957.8319055,18946.5870803,0.0,1107.9875485555556,997.1887937,997.1887937,0.0,9.0,15.0,19.0,S0_baseline
75172.0,338.7768504,508.1652756,1468.0330184,1919.7354856,112.9256168,127.0413189,112.9256168,112.9256168,3.0,4.0,13.0,17.0,S0_baseline
75175.0,434.6663807,869.3327614,2173.3319035,3259.99785525,434.6663807,434.6663807,434.6663807,465.71397932142855,1.0,2.0,5.0,7.0,S0_baseline
75248.0,333.563904,3335.63904,5337.022464,6004.150272,333.563904,333.563904,333.563904,333.563904,1.0,10.0,16.0,18.0,S0_baseline
75271.0,0.0,1108.2769284,3601.9000173000004,4156.038481500001,0.0,277.0692321,277.0692321,296.8598915357143,0.0,4.0,13.0,14.0,S0_baseline
75310.0,0.0,271.2340126,1627.4040756000002,1898.6380882000003,0.0,135.6170063,135.6170063,135.6170063,0.0,2.0,12.0,14.0,S0_baseline
75317.0,1903.8567486,8250.0459106,11423.1404916,15865.472905,634.6189162,750.004173690909,671.9494406823529,661.0613710416666,3.0,11.0,17.0,24.0,S0_baseline
75381.0,235.6633384,2592.2967224,3770.6134144,4241.9400912,235.6633384,235.6633384,235.6633384,235.6633384,1.0,11.0,16.0,18.0,S0_baseline
75396.0,0.0,1230.5853843,3281.5610248,3281.5610248,0.0,410.1951281,410.1951281,410.1951281,0.0,3.0,8.0,8.0,S0_baseline
75416.0,0.0,963.9374384,1807.382697,2289.3514162,0.0,120.4921798,120.4921798,127.1861897888889,0.0,8.0,15.0,18.0,S0_baseline
75439.0,0.0,514.2480525000001,2056.9922100000003,2399.824245,0.0,171.41601750000004,171.41601750000004,171.4160175,0.0,3.0,12.0,14.0,S0_baseline
75463.0,0.0,1638.30878,4914.92634,5570.249852000001,0.0,327.661756,327.661756,327.661756,0.0,5.0,15.0,17.0,S0_baseline
75481.0,211.0061248,2743.0796224,3798.1102464,4853.1408704000005,211.0061248,228.5899685333333,223.4182497882353,220.59731229090912,1.0,12.0,17.0,22.0,S0_baseline
75488.0,380.5877669,4186.465435900001,6469.9920373,7992.3431049,380.5877669,380.5877669000001,380.5877669,380.5877669,1.0,11.0,17.0,21.0,S0_baseline
75491.0,0.0,6099.451636,19823.217817,22872.943635,0.0,1524.862909,1524.862909,1524.862909,0.0,4.0,13.0,15.0,S0_baseline
75505.0,0.0,726.36324984,1271.13568722,1634.31731214,0.0,90.79540623,90.79540623,90.79540623,0.0,8.0,14.0,18.0,S0_baseline
75518.0,0.0,1371.144386,4456.2192545,5141.7914475,0.0,342.7860965,342.7860965,342.7860965,0.0,4.0,13.0,15.0,S0_baseline
75524.0,959.8779744,11518.5356928,16317.9255648,20157.4374624,959.8779744,1047.1396084363637,959.8779744,959.8779744,1.0,11.0,17.0,21.0,S0_baseline
75528.0,0.0,2535.6738292,3803.5107438,4754.38842975,0.0,845.2246097333333,633.9184573,679.1983471071428,0.0,3.0,6.0,7.0,S0_baseline
75529.0,407.9777967,4895.7335604,6935.6225439,8567.5337307,407.9777967,445.0666873090909,407.9777967,407.97779670000006,1.0,11.0,17.0,21.0,S0_baseline
75530.0,522.1470154,6787.9112002,9398.6462772,11487.2343388,522.1470154,617.0828363818182,552.861545717647,522.1470154,1.0,11.0,17.0,22.0,S0_baseline
75567.0,0.0,2159.2798048,4048.649634,5128.2895364,0.0,269.9099756,269.9099756,284.9049742444444,0.0,8.0,15.0,18.0,S0_baseline
75592.0,388.4680015,5050.0840195,6992.424027,8546.296033,388.4680015,459.0985472272727,411.3190604117647,388.4680015,1.0,11.0,17.0,22.0,S0_baseline
75599.0,0.0,2232.52374,5358.056976,5804.561724,0.0,558.130935,446.504748,446.504748,0.0,4.0,12.0,13.0,S0_baseline
75606.0,0.0,514.2351958,3085.4111748000005,3342.5287727000004,0.0,257.1175979,257.1175979,257.1175979,0.0,2.0,12.0,13.0,S0_baseline
75623.0,697.9171521,8375.0058252,13260.4258899,17447.9288025,697.9171521,761.3641659272727,736.6903272166667,758.6056001086956,1.0,11.0,18.0,23.0,S0_baseline
75632.0,294.6992933,1178.7971732,1768.1957598,3241.6922263,294.6992933,392.9323910666667,294.6992933,294.6992933,1.0,3.0,6.0,11.0,S0_baseline
75649.0,0.0,2256.846738,4513.693476,7334.751898500001,0.0,1128.423369,1128.423369,1222.4586497500002,0.0,2.0,4.0,6.0,S0_baseline
75654.0,225.9625783,2259.625783,3615.4012528,4293.2889877,225.9625783,225.9625783,225.9625783,225.9625783,1.0,10.0,16.0,19.0,S0_baseline
75735.0,158.9020783,635.6083132,2065.7270179,2701.3353311,158.9020783,158.9020783,158.90207830000003,158.9020783,1.0,4.0,13.0,17.0,S0_baseline
75787.0,0.0,2581.940572,4841.1385725,6132.1088585,0.0,322.7425715,322.7425715,340.6727143611111,0.0,8.0,15.0,18.0,S0_baseline
75795.0,0.0,777.5463552,2332.6390656,3304.5720096,0.0,194.3865888,194.3865888,194.3865888,0.0,4.0,12.0,17.0,S0_baseline
75804.0,1048.410212,14153.537862,17822.973604,25161.845088,1048.410212,1179.4614885,1113.93585025,1048.410212,1.0,12.0,16.0,24.0,S0_baseline
75805.0,1220.1664788,7626.0404925,10371.4150698,15252.080985,610.0832394,635.503374375,648.2134418625001,610.0832394,2.0,12.0,16.0,25.0,S0_baseline
75812.0,0.0,376.47286016,1411.7732256,1411.7732256,0.0,94.11821504,94.11821504,94.11821504,0.0,4.0,15.0,15.0,S0_baseline
75821.0,0.0,685.6388028,4113.8328168,5485.1104224,0.0,342.8194014,342.8194014,342.8194014,0.0,2.0,12.0,16.0,S0_baseline
75830.0,0.0,329.3841152,2140.9967488,2799.7649792,0.0,164.6920576,164.69205760000003,164.6920576,0.0,2.0,13.0,17.0,S0_baseline
75836.0,242.1651498,726.4954494,2905.9817976,4116.8075466,242.1651498,242.1651498,242.1651498,242.1651498,1.0,3.0,12.0,17.0,S0_baseline
75839.0,232.9288522,1164.644261,3261.0039308,4192.7193396,232.9288522,232.9288522,232.9288522,232.9288522,1.0,5.0,14.0,18.0,S0_baseline
75849.0,211.4572048,1057.286024,2748.9436624,3594.7724816,211.4572048,211.4572048,211.4572048,211.4572048,1.0,5.0,13.0,17.0,S0_baseline
75851.0,0.0,646.6073972,3879.6443832,4849.555479000001,0.0,323.3036986,323.3036986,323.3036986,0.0,2.0,12.0,15.0,S0_baseline
75864.0,0.0,899.9882488,5399.9294928,6299.917741599999,0.0,449.9941244,449.9941244,449.9941244,0.0,2.0,12.0,14.0,S0_baseline
75873.0,200.304447,400.608894,600.9133410000001,1301.9789055,200.304447,200.304447,200.304447,216.99648425,1.0,2.0,3.0,6.0,S0_baseline
75883.0,257.7379056,515.4758112,1030.9516224,1933.034292,257.7379056,257.7379056,257.7379056,276.147756,1.0,2.0,4.0,7.0,S0_baseline
75886.0,200.0408024,2700.5508324,3000.612036,4400.897652799999,200.0408024,225.0459027,200.0408024,200.0408024,1.0,12.0,15.0,22.0,S0_baseline
75916.0,415.0465588,1245.1396764,2697.8026322,3735.4190292,207.5232794,207.5232794,207.5232794,207.5232794,2.0,6.0,13.0,18.0,S0_baseline
75972.0,278.3092184,834.9276552000001,1113.2368736,2365.6283564,278.3092184,417.46382760000006,278.3092184,337.9469080571429,1.0,2.0,4.0,7.0,S0_baseline
76034.0,232.6804716,930.7218864,3024.8461308,3722.8875456,232.6804716,232.6804716,232.6804716,232.6804716,1.0,4.0,13.0,16.0,S0_baseline
76038.0,130.6257157,522.5028628,1567.5085884,1959.3857355,130.6257157,130.6257157,130.6257157,130.6257157,1.0,4.0,12.0,15.0,S0_baseline
76057.0,1098.2068926,2196.4137852,3294.6206778,4941.931016699999,549.1034463,732.1379284,549.1034463,549.1034463,2.0,3.0,6.0,9.0,S0_baseline
76076.0,1561.8672242,2342.8008363,5466.5352847,7028.4025089,780.9336121,780.9336121,780.9336121,780.9336121,2.0,3.0,7.0,9.0,S0_baseline
76090.0,276.8297191,553.6594382,830.4891573,1799.3931741499998,276.8297191,276.8297191,276.8297191,299.8988623583333,1.0,2.0,3.0,6.0,S0_baseline
76109.0,308.2882907,1695.58559885,4007.7477791,5549.1892326,308.2882907,423.8963997125,308.2882907,308.2882907,1.0,4.0,13.0,18.0,S0_baseline
76117.0,1223.716728,9177.87546,15908.317464000002,22026.901104,1223.716728,1529.6459100000002,1223.716728,1223.716728,1.0,6.0,13.0,18.0,S0_baseline
76137.0,607.5314474,4556.4858555,7897.908816200001,10935.5660532,607.5314474,759.41430925,607.5314474,607.5314474,1.0,6.0,13.0,18.0,S0_baseline
76163.0,893.9474318,5810.6583067,11621.3166134,16091.0537724,893.9474318,968.4430511166668,893.9474318,893.9474318,1.0,6.0,13.0,18.0,S0_baseline
76167.0,658.0292125,3948.175275,7896.350549999999,12502.5550375,658.0292125,658.0292125,658.0292125,694.5863909722223,1.0,6.0,12.0,18.0,S0_baseline
76186.0,36.49480802,200.72144411,474.43250426,583.91692832,36.49480802,40.144288822,36.49480802,36.49480802,1.0,5.0,13.0,16.0,S0_baseline
76199.0,188.7222967,849.25033515,2453.3898571,2830.8344505,188.7222967,212.3125837875,188.7222967,188.7222967,1.0,4.0,13.0,15.0,S0_baseline
76211.0,410.1102843,5126.37855375,6971.8748331,10662.8673918,410.1102843,466.0344139772727,410.1102843,484.6757905363637,1.0,11.0,17.0,22.0,S0_baseline
76216.0,589.1860691,1767.5582073,7070.2328292,8837.7910365,589.1860691,589.1860691,589.1860691,589.1860691,1.0,3.0,12.0,15.0,S0_baseline
76240.0,299.1827728,2842.2363416,4487.741592,5983.655456,299.1827728,315.80403795555554,299.1827728,299.1827728,1.0,9.0,15.0,20.0,S0_baseline
76244.0,597.3816017,1792.1448051000002,7168.579220400001,7765.960822100001,597.3816017,597.3816017,597.3816017,597.3816017,1.0,3.0,12.0,13.0,S0_baseline
76254.0,814.1612529,4477.88689095,10584.0962877,12212.4187935,814.1612529,895.57737819,814.1612529,814.1612529,1.0,5.0,13.0,15.0,S0_baseline
76256.0,809.5057989,4452.281893949999,10523.5753857,11333.0811846,809.5057989,890.4563787899999,809.5057989,809.5057989,1.0,5.0,13.0,14.0,S0_baseline
76257.0,40.08495559,220.467255745,521.10442267,561.18937826,40.08495559,44.093451149,40.08495559,40.08495559,1.0,5.0,13.0,14.0,S0_baseline
76265.0,489.5150969,2202.81793605,6363.6962597,7342.7264535,489.5150969,550.7044840125,489.5150969,489.5150969,1.0,4.0,13.0,15.0,S0_baseline
76273.0,1239.933382,9299.500365,14879.200583999998,23558.734258,1239.933382,1549.9167275,1239.933382,1308.818569888889,1.0,6.0,12.0,18.0,S0_baseline
76281.0,244.7222233,1101.25000485,3181.3889029,3426.1111262,244.7222233,275.3125012125,244.7222233,244.7222233,1.0,4.0,13.0,14.0,S0_baseline
76292.0,653.5839973,3921.5039838,8496.591964899999,13071.679946,653.5839973,653.5839973,653.5839973,687.9831550526316,1.0,6.0,13.0,19.0,S0_baseline
76298.0,460.2082267,4371.97815365,6903.123400500001,9204.164534,460.2082267,485.7753504055556,460.2082267,460.2082267,1.0,9.0,15.0,20.0,S0_baseline
76303.0,1256.082224,11932.781128,21353.397808,31402.0556,1256.082224,1325.864569777778,1256.082224,1427.3661636363636,1.0,9.0,17.0,22.0,S0_baseline
76309.0,698.0075455,5933.06413675,10470.1131825,13262.1433645,698.0075455,741.63301709375,698.0075455,698.0075455,1.0,8.0,15.0,19.0,S0_baseline
76310.0,114.0321041,684.1926246,1368.3852492,2052.5778738,114.0321041,114.0321041,114.0321041,114.0321041,1.0,6.0,12.0,18.0,S0_baseline
76324.0,193.326557,1643.2757345,2706.571798,3866.53114,193.326557,205.4094668125,193.326557,193.326557,1.0,8.0,14.0,20.0,S0_baseline
76335.0,1027.463721,5651.0504655,12329.564652,16439.419536,1027.463721,1130.2100931,1027.463721,1027.463721,1.0,5.0,12.0,16.0,S0_baseline
76338.0,472.7658238,1418.2974714000002,1891.0632952,3545.7436785,472.7658238,709.1487357000001,472.7658238,506.5348112142857,1.0,2.0,4.0,7.0,S0_baseline
76341.0,140.10756388,735.56471037,1190.9142929799998,1961.50589432,70.05378194,91.94558879625,74.43214331124999,85.28286497043477,2.0,8.0,16.0,23.0,S0_baseline
76371.0,671.5700472,2518.387677,4365.2053068,6715.700472,335.7850236,359.7696681428571,335.7850236,353.4579195789473,2.0,7.0,13.0,19.0,S0_baseline
76423.0,453.1503763,5664.37970375,6344.1052682,9516.1579023,453.1503763,566.437970375,453.1503763,475.807895115,1.0,10.0,14.0,20.0,S0_baseline
76440.0,653.7696068,2778.5208289,4249.5024442,5883.926461200001,326.8848034,396.9315469857143,326.8848034,326.8848034,2.0,7.0,13.0,18.0,S0_baseline
76449.0,802.3662287,5215.38048655,10430.7609731,15244.9583453,802.3662287,869.2300810916666,802.3662287,846.9421302944444,1.0,6.0,13.0,18.0,S0_baseline
76452.0,1084.5334184,5151.5337374,7049.4672196,10303.0674748,542.2667092,643.941717175,542.2667092,572.3926374888889,2.0,8.0,13.0,18.0,S0_baseline
76495.0,663.3212254,2155.79398255,4311.5879651,5969.8910286,331.6606127,359.29899709166665,331.66061269999994,331.6606127,2.0,6.0,13.0,18.0,S0_baseline
76519.0,378.9220347,757.8440694,1136.7661041,2841.91526025,378.9220347,378.9220347,378.9220347,405.9878943214285,1.0,2.0,3.0,7.0,S0_baseline
76527.0,532.367896,2928.023428,6388.414752,7985.51844,532.367896,585.6046856,532.367896,532.367896,1.0,5.0,12.0,15.0,S0_baseline
76528.0,231.3360673,1272.34837015,2544.6967403,3470.0410095,231.3360673,318.0870925375,254.46967403,231.3360673,1.0,4.0,10.0,15.0,S0_baseline
76530.0,212.4247009,955.91115405,2761.5211117,3398.7952144,212.4247009,238.9777885125,212.4247009,226.58634762666668,1.0,4.0,13.0,15.0,S0_baseline
76537.0,727.3877905,3273.24505725,9456.0412765,11638.204648,727.3877905,818.3112643125,727.3877905,727.3877905,1.0,4.0,13.0,16.0,S0_baseline
76564.0,675.5508415,1351.101683,2026.6525245000005,5404.406732,675.5508415,675.5508415,675.5508415,900.7344553333334,1.0,2.0,3.0,6.0,S0_baseline
76567.0,87.80450327,570.729271255,1141.45854251,1404.87205232,87.80450327,95.12154520916664,87.80450327,93.65813682133331,1.0,6.0,13.0,15.0,S0_baseline
76568.0,142.275965,640.2418425000001,1849.587545,1991.86351,142.275965,160.06046062500002,142.275965,142.275965,1.0,4.0,13.0,14.0,S0_baseline
76569.0,480.5929288,2643.2611084,5767.1151456,6728.3010032,480.5929288,528.65222168,480.5929288,480.5929288,1.0,5.0,12.0,14.0,S0_baseline
76573.0,222.4047431,1223.22608705,2891.2616603,2891.2616603,222.4047431,244.64521741,222.4047431,222.4047431,1.0,5.0,13.0,13.0,S0_baseline
76600.0,294.3023736,1324.3606812,3531.6284832,4120.2332304,294.3023736,331.0901703,294.3023736,294.3023736,1.0,4.0,12.0,14.0,S0_baseline
76603.0,584.0291189,1168.0582378,1752.0873567,3796.18927285,584.0291189,584.0291189,584.0291189,632.6982121416667,1.0,2.0,3.0,6.0,S0_baseline
76632.0,30.8226115,138.70175175,400.6939495,462.3391725,30.8226115,34.6754379375,30.8226115,33.02422660714286,1.0,4.0,13.0,14.0,S0_baseline
76639.0,678.2187991,1356.4375982,2712.8751964,4747.5315937,678.2187991,678.2187991,678.2187991,791.2552656166666,1.0,2.0,4.0,6.0,S0_baseline
76651.0,202.9984744,1116.4916092,2435.9816928,2638.9801672,202.9984744,223.29832184,202.9984744,202.9984744,1.0,5.0,12.0,13.0,S0_baseline
76677.0,73.58655713,478.312621345,883.03868556,956.62524269,73.58655713,79.71877022416668,73.58655713,73.58655713,1.0,6.0,12.0,13.0,S0_baseline
76705.0,431.4119997,862.8239994,1725.6479988,3019.8839979000004,431.4119997,431.4119997,431.4119997,503.3139996500001,1.0,2.0,4.0,6.0,S0_baseline
76707.0,538.7483527,1077.4967054,2693.7417635,4309.9868216,538.7483527,538.7483527,538.7483527,718.3311369333334,1.0,2.0,5.0,6.0,S0_baseline
76721.0,566.5920062,1133.1840124,2266.3680248,4532.7360496,566.5920062,566.5920062,566.5920062,755.4560082666667,1.0,2.0,4.0,6.0,S0_baseline
76750.0,203.1931216,406.3862432,1015.965608,1828.7380944,203.1931216,203.1931216,203.1931216,304.7896824,1.0,2.0,5.0,6.0,S0_baseline
76763.0,200.1944933,900.87521985,2602.5284129,3002.9173995,200.1944933,225.2188049625,200.1944933,214.4940999642857,1.0,4.0,13.0,14.0,S0_baseline
76766.0,0.0,1036.7408898,888.6350484,1925.3759382,0.0,518.3704448999999,296.2116828,320.89598970000003,0.0,2.0,3.0,6.0,S0_baseline
76769.0,550.4893997,3027.6916983500005,6605.872796400001,7156.362196100001,550.4893997,756.9229245875001,550.4893997,550.4893997,1.0,4.0,12.0,13.0,S0_baseline
76778.0,214.9419931,752.29697585,2794.2459103,3009.1879034,214.9419931,250.76565861666663,214.9419931,214.9419931,1.0,3.0,13.0,14.0,S0_baseline
76781.0,298.7943213,1643.36876715,3585.5318556,4183.1204982,298.7943213,410.8421917875,298.7943213,321.7784998615385,1.0,4.0,12.0,13.0,S0_baseline
76808.0,0.0,900.2448462,1800.4896924,2475.67332705,0.0,450.1224231,450.1224231,495.13466541,0.0,2.0,4.0,5.0,S0_baseline
76816.0,125.2938485,250.587697,375.8815455,814.41001525,125.2938485,125.2938485,125.2938485,135.73500254166666,1.0,2.0,3.0,6.0,S0_baseline
76826.0,398.7301165,797.460233,1594.920466,2591.74575725,398.7301165,398.7301165,398.7301165,431.95762620833335,1.0,2.0,4.0,6.0,S0_baseline
76846.0,203.0887835,913.89952575,2437.065402,2843.242969,203.0887835,228.4748814375,203.0887835,203.0887835,1.0,4.0,12.0,14.0,S0_baseline
76855.0,89.87978857,404.459048565,1078.55746284,1078.55746284,89.87978857,101.11476214125,89.87978857,89.87978857,1.0,4.0,12.0,12.0,S0_baseline
76861.0,191.2121301,860.45458545,2485.7576913,2485.7576913,191.2121301,215.1136463625,191.2121301,191.2121301,1.0,4.0,13.0,13.0,S0_baseline
76864.0,0.0,1384.2188516,2076.3282774,3806.6018419,0.0,692.1094258,692.1094257999999,761.32036838,0.0,2.0,3.0,5.0,S0_baseline
76865.0,0.0,1050.1956736,1575.2935103999998,2888.0381024,0.0,525.0978368,525.0978368,577.6076204799999,0.0,2.0,3.0,5.0,S0_baseline
76868.0,132.2145258,594.9653661,1586.5743096,1454.3597837999998,132.2145258,148.741341525,132.2145258,132.2145258,1.0,4.0,12.0,11.0,S0_baseline
76870.0,628.2750962,2198.9628367,7539.3011544,8167.5762506,628.2750962,732.9876122333334,628.2750962,628.2750962,1.0,3.0,12.0,13.0,S0_baseline
76877.0,553.5786828,1107.1573656,2767.893414,4151.840121,553.5786828,553.5786828,553.5786828,593.1200172857143,1.0,2.0,5.0,7.0,S0_baseline
76878.0,175.8310666,351.6621332,879.155333,1054.9863996,175.8310666,175.8310666,175.8310666,175.8310666,1.0,2.0,5.0,6.0,S0_baseline
76893.0,137.7903709,275.5807418,688.9518545,1240.1133381,137.7903709,137.7903709,137.7903709,177.1590483,1.0,2.0,5.0,7.0,S0_baseline
76895.0,592.9133086,1185.8266172,2964.5665430000004,4446.8498145,592.9133086,592.9133086,592.9133086,635.2642592142857,1.0,2.0,5.0,7.0,S0_baseline
76897.0,315.5399696,946.6199088,1577.699848,2366.5497720000003,315.5399696,473.3099544,315.5399696,338.0785388571429,1.0,2.0,5.0,7.0,S0_baseline
76905.0,311.9843003,1403.92935135,4055.7959039,4367.780204199999,311.9843003,350.9823378375,311.9843003,311.9843003,1.0,4.0,13.0,14.0,S0_baseline
76921.0,42.53639121,148.877369235,510.43669452,552.97308573,42.53639121,49.625789745,42.53639121,42.53639121,1.0,3.0,12.0,13.0,S0_baseline
76933.0,683.3185936,2391.6150776,8199.8231232,10249.778904,683.3185936,797.2050258666667,683.3185936,683.3185935999999,1.0,3.0,12.0,15.0,S0_baseline
76934.0,0.0,867.7022374,1735.4044748,2386.18115285,0.0,433.8511187,433.8511187,477.23623057,0.0,2.0,4.0,5.0,S0_baseline
76945.0,0.0,719.1781644,1078.7672466,1977.7399521,0.0,359.5890822,359.58908219999995,395.54799042,0.0,2.0,3.0,5.0,S0_baseline
76947.0,206.734337,413.468674,620.2030110000001,826.937348,206.734337,206.734337,206.734337,206.734337,1.0,2.0,3.0,4.0,S0_baseline
76953.0,396.0786931,2178.43281205,5545.1017034,5941.1803965,396.0786931,435.68656241,396.0786931,396.0786931,1.0,5.0,14.0,15.0,S0_baseline
76960.0,0.0,1228.1216961,1228.1216961,2251.55644285,0.0,614.06084805,409.3738987,450.31128857,0.0,2.0,3.0,5.0,S0_baseline
76961.0,0.0,1013.8662494,1520.7993741,2788.13218585,0.0,506.9331247,506.9331247,557.62643717,0.0,2.0,3.0,5.0,S0_baseline
76966.0,0.0,1059.1457979,1059.1457979,1941.76729615,0.0,529.57289895,353.0485993,388.35345923,0.0,2.0,3.0,5.0,S0_baseline
76968.0,0.0,1018.297082,1527.445623,2800.3169755,0.0,509.148541,509.148541,560.0633951,0.0,2.0,3.0,5.0,S0_baseline
76981.0,0.0,465.1723275000001,465.1723275000001,852.8159337500001,0.0,232.58616375000005,155.0574425,170.56318675000003,0.0,2.0,3.0,5.0,S0_baseline
77001.0,0.0,431.6694579,431.6694579,1079.17364475,0.0,215.83472895,143.8898193,154.1676635357143,0.0,2.0,3.0,7.0,S0_baseline
77012.0,304.7944422,609.5888844,761.9861055,1447.77360045,152.3972211,304.7944422,152.3972211,160.86373338333334,2.0,2.0,5.0,9.0,S0_baseline
77019.0,0.0,322.774431,645.548862,1533.17854725,0.0,161.3872155,161.3872155,170.35317191666667,0.0,2.0,4.0,9.0,S0_baseline
77030.0,0.0,846.9783929999999,846.9783929999999,2117.4459825,0.0,423.48919649999993,282.326131,302.4922832142857,0.0,2.0,3.0,7.0,S0_baseline
77078.0,281.6646776,2394.1497596,3943.3054864,5351.6288744,281.6646776,299.26871995,281.6646776,297.31271524444446,1.0,8.0,14.0,18.0,S0_baseline
77084.0,244.7016766,1101.1575447,1835.2625745,2569.3676043,122.3508383,137.6446930875,122.3508383,135.22987391052632,2.0,8.0,15.0,19.0,S0_baseline
77102.0,658.5706142,3292.853071,4939.2796065,6914.9914491,329.2853071,365.8725634444445,329.2853071,345.749572455,2.0,9.0,15.0,20.0,S0_baseline
77118.0,997.8280792,4490.2263564,7483.710594,8980.4527128,498.9140396,498.9140396,498.9140396,498.9140396,2.0,9.0,15.0,18.0,S0_baseline
77132.0,1844.6991854,9223.495927,13835.2438905,14757.5934832,922.3495927,1152.936990875,922.3495927,983.8395655466668,2.0,8.0,15.0,15.0,S0_baseline
77133.0,1550.3365896,6976.5146532,11627.524422,11627.524422,775.1682948,775.1682948,775.1682948,830.5374587142858,2.0,9.0,15.0,14.0,S0_baseline
77141.0,2183.60392,8734.41568,15285.22744,17468.83136,1091.80196,1247.7736685714283,1091.80196,1091.80196,2.0,7.0,14.0,16.0,S0_baseline
77145.0,3399.742539,12465.722643,16998.712695000002,21531.702747,1133.247513,1385.0802936666669,1133.247513,1133.247513,3.0,9.0,15.0,19.0,S0_baseline
77165.0,117.11836386,292.79590965,878.38772895,1054.06527474,58.55918193,58.55918193,58.55918193,58.55918193,2.0,5.0,15.0,18.0,S0_baseline
77187.0,0.0,56.25765792,337.54594752,365.67477648,0.0,28.12882896,28.128828960000003,28.12882896,0.0,2.0,12.0,13.0,S0_baseline
77188.0,0.0,3384.767721,14667.326791,15795.582698,0.0,1128.255907,1128.255907,1128.255907,0.0,3.0,13.0,14.0,S0_baseline
77210.0,0.0,1552.4307998,8538.3693989,10090.8001987,0.0,776.2153999,776.2153999000001,776.2153999,0.0,2.0,11.0,13.0,S0_baseline
77221.0,0.0,241.264079,1326.9524345,1688.848553,0.0,120.6320395,120.6320395,120.6320395,0.0,2.0,11.0,14.0,S0_baseline
77227.0,0.0,87.5406107,481.47335885,612.7842749,0.0,43.77030535,43.77030535,43.77030535,0.0,2.0,11.0,14.0,S0_baseline
77244.0,2438.301174,4267.0270545,9753.204696,10362.7799895,609.5752935,711.1711757500001,650.2136464,609.5752935,4.0,6.0,15.0,17.0,S0_baseline
77257.0,0.0,309.8596834,1704.2282587,2014.0879421,0.0,154.9298417,154.9298417,154.9298417,0.0,2.0,11.0,13.0,S0_baseline
77259.0,0.0,759.2551844,4175.903514199999,4935.1586986,0.0,379.6275922,379.6275921999999,379.6275922,0.0,2.0,11.0,13.0,S0_baseline
77260.0,0.0,1266.3901958,6965.1460769,8231.5362727,0.0,633.1950979,633.1950979,633.1950979,0.0,2.0,11.0,13.0,S0_baseline
77262.0,0.0,385.8299578,2122.0647679,2700.8097046,0.0,192.9149789,192.9149789,192.9149789,0.0,2.0,11.0,14.0,S0_baseline
77276.0,0.0,332.3585826,1994.1514956,2492.6893695,0.0,166.1792913,166.1792913,178.0492406785714,0.0,2.0,12.0,14.0,S0_baseline
77277.0,0.0,89.23429732,490.78863526,580.02293258,0.0,44.61714866,44.61714866,44.61714866,0.0,2.0,11.0,13.0,S0_baseline
77279.0,387.5835894,1033.5562384,2196.3070066,2713.0851258,129.1945298,172.25937306666663,146.42046710666668,150.7269514333333,3.0,6.0,15.0,18.0,S0_baseline
77284.0,251.8479414,503.6958828,1511.0876484,2140.7075019,125.9239707,125.9239707,125.9239707,125.9239707,2.0,4.0,12.0,17.0,S0_baseline
77293.0,109.63829702,356.324465315,657.82978212,822.28722765,54.81914851,71.264893063,54.81914851,54.81914851,2.0,5.0,12.0,15.0,S0_baseline
77311.0,805.0935916,3019.1009685,6038.201937,7245.8423244,402.5467958,503.18349475,431.3001383571428,452.865145275,2.0,6.0,14.0,16.0,S0_baseline
77313.0,138.5065639,623.27953755,1662.0787668,1800.5853307,138.5065639,155.8198843875,138.5065639,138.5065639,1.0,4.0,12.0,13.0,S0_baseline
77325.0,30.40760151,76.01900377499999,334.48361661,334.48361661,30.40760151,38.0095018875,30.407601510000003,30.407601510000003,1.0,2.0,11.0,11.0,S0_baseline
77326.0,107.0981563,696.13801595,1285.1778756,1285.1778756,107.0981563,139.22760319,107.0981563,107.0981563,1.0,5.0,12.0,12.0,S0_baseline
77327.0,93.42127706,513.8170238299999,1121.05532472,1401.3191559,93.42127706,128.45425595749998,93.42127706,100.09422542142856,1.0,4.0,12.0,14.0,S0_baseline
77339.0,0.0,191.71535565,702.95630405,766.8614226,0.0,63.90511855,63.90511855,69.71467478181818,0.0,3.0,11.0,11.0,S0_baseline
77343.0,0.0,302.93469484,833.0704108100001,984.53775823,0.0,75.73367371,75.73367371,75.73367371,0.0,4.0,11.0,13.0,S0_baseline
77367.0,0.0,925.21474,5088.68107,6013.89581,0.0,462.60737,462.60737,462.60737,0.0,2.0,11.0,13.0,S0_baseline
77374.0,0.0,870.9161646,4790.0389053,6096.4131522,0.0,435.4580823,435.4580823,435.4580823,0.0,2.0,11.0,14.0,S0_baseline
77408.0,0.0,259.76451069,1125.64621299,1212.23438322,0.0,86.58817023,86.58817023,86.58817022999999,0.0,3.0,13.0,14.0,S0_baseline
77409.0,0.0,96.10642160999998,384.42568644,480.53210805,0.0,32.03547387,32.03547387,32.03547387,0.0,3.0,12.0,15.0,S0_baseline
77421.0,0.0,568.1389694,3408.8338164,4261.0422705,0.0,284.0694847,284.0694847,284.06948470000003,0.0,2.0,12.0,15.0,S0_baseline
77441.0,0.0,356.0063452,1958.0348986,2492.0444164,0.0,178.0031726,178.0031726,191.6957243384616,0.0,2.0,11.0,13.0,S0_baseline
77458.0,0.0,341.634435,1366.53774,1480.415885,0.0,113.878145,113.878145,123.36799041666669,0.0,3.0,12.0,12.0,S0_baseline
77468.0,0.0,528.1761628,1452.4844477,1848.6165698,0.0,132.0440407,132.0440407,132.0440407,0.0,4.0,11.0,14.0,S0_baseline
77478.0,0.0,608.3549619,2433.4198476,2433.4198476,0.0,202.7849873,202.7849873,202.7849873,0.0,3.0,12.0,12.0,S0_baseline
77494.0,0.0,277.924663,1528.5856465000002,1667.547978,0.0,138.9623315,138.9623315,138.9623315,0.0,2.0,11.0,12.0,S0_baseline
77514.0,0.0,237.10030803,948.40123212,948.40123212,0.0,79.03343601,79.03343601,79.03343601,0.0,3.0,12.0,12.0,S0_baseline
77543.0,0.0,92.0990849,506.54496695,506.54496695,0.0,46.04954245,46.04954245,46.04954245,0.0,2.0,11.0,11.0,S0_baseline
77550.0,0.0,94.53886613,1134.46639356,1134.46639356,0.0,94.53886613,94.53886613000002,94.53886613000002,0.0,1.0,12.0,12.0,S0_baseline
77552.0,0.0,189.8630004,2468.2190052,2847.945006,0.0,189.8630004,189.8630004,203.42464328571427,0.0,1.0,13.0,14.0,S0_baseline
77562.0,0.0,242.7359362,1577.7835853,1577.7835853,0.0,121.3679681,121.3679681,131.48196544166666,0.0,2.0,13.0,12.0,S0_baseline
77587.0,0.0,149.33322212,821.33272166,821.33272166,0.0,74.66661106,74.66661106,74.66661106,0.0,2.0,11.0,11.0,S0_baseline
77588.0,0.0,245.2375248,1471.4251488,1471.4251488,0.0,122.6187624,122.6187624,122.6187624,0.0,2.0,12.0,12.0,S0_baseline
77593.0,0.0,64.63652396,711.0017635600001,646.3652396,0.0,64.63652396,64.63652396,64.63652396,0.0,1.0,11.0,10.0,S0_baseline
77603.0,0.0,130.54533172,717.99932446,717.99932446,0.0,65.27266586,65.27266586,65.27266586,0.0,2.0,11.0,11.0,S0_baseline
77605.0,0.0,386.61475500000006,1546.4590200000002,1546.4590200000002,0.0,128.871585,128.871585,140.58718363636365,0.0,3.0,12.0,11.0,S0_baseline
77608.0,0.0,136.07461902,498.94026974,453.5820634,0.0,45.35820634,45.35820634,45.35820634,0.0,3.0,11.0,10.0,S0_baseline
77609.0,0.0,88.62429298,487.43361139,443.1214649,0.0,44.31214649,44.31214649,44.31214649,0.0,2.0,11.0,10.0,S0_baseline
77613.0,0.0,88.8978637,488.93825035,444.4893185,0.0,44.44893185,44.44893185,44.44893185,0.0,2.0,11.0,10.0,S0_baseline
77640.0,174.22388922,174.22388922,1219.56722454,1655.12694759,87.11194461,87.11194461,93.81286342615384,103.445434224375,2.0,2.0,13.0,16.0,S0_baseline
77642.0,0.0,64.22300316,417.44952054,449.56102212,0.0,32.11150158,32.11150158,32.11150158,0.0,2.0,13.0,14.0,S0_baseline
77648.0,0.0,268.5183478,1476.8509129,1879.6284346,0.0,134.2591739,134.2591739,144.58680266153848,0.0,2.0,11.0,13.0,S0_baseline
77654.0,0.0,171.472175,1200.305225,1286.0413125,0.0,85.7360875,92.33117115384616,91.86009375,0.0,2.0,13.0,14.0,S0_baseline
77657.0,0.0,163.1595529,2284.2337406,2447.3932935,0.0,163.1595529,175.71028773846152,188.26102257692307,0.0,1.0,13.0,13.0,S0_baseline
77658.0,156.2964313,156.2964313,2031.8536069,2031.8536069,156.2964313,156.2964313,156.2964313,169.32113390833334,1.0,1.0,13.0,12.0,S0_baseline
77688.0,0.0,271.8252686,3533.7284918,4077.379029,0.0,271.8252686,294.47737431666667,313.6445406923077,0.0,1.0,12.0,13.0,S0_baseline
77689.0,297.4428492,297.4428492,4164.1998888,4164.1998888,297.4428492,297.4428492,320.3230683692308,347.0166574,1.0,1.0,13.0,12.0,S0_baseline
77700.0,80.2528651,80.2528651,963.0343812,1123.5401114,80.2528651,80.2528651,80.2528651,80.2528651,1.0,1.0,12.0,14.0,S0_baseline
77701.0,0.0,45.4755852,500.2314372,636.6581927999999,0.0,45.4755852,45.4755852,45.4755852,0.0,1.0,11.0,14.0,S0_baseline
77720.0,329.8768472,659.7536944,3958.5221664,4948.152708,329.8768472,329.8768472,329.8768472,329.8768472,1.0,2.0,12.0,15.0,S0_baseline
77724.0,104.9591026,209.9182052,1049.591026,1469.4274363999998,104.9591026,104.9591026,104.9591026,104.95910259999998,1.0,2.0,10.0,14.0,S0_baseline
77731.0,139.9972481,279.9944962,1399.972481,2099.9587215,139.9972481,139.9972481,139.9972481,139.9972481,1.0,2.0,10.0,15.0,S0_baseline
77739.0,38.38707486,38.38707486,383.8707486,537.41904804,38.38707486,38.38707486,38.38707486,38.38707486,1.0,1.0,10.0,14.0,S0_baseline
77742.0,31.70325747,31.70325747,380.43908964,412.14234711,31.70325747,31.70325747,31.70325747,31.70325747,1.0,1.0,12.0,13.0,S0_baseline
77745.0,163.2345493,326.4690986,1795.5800423,2448.5182395,163.2345493,163.2345493,163.2345493,163.2345493,1.0,2.0,11.0,15.0,S0_baseline
77750.0,30.20913159,60.41826318,332.30044749,422.92784226,30.20913159,30.20913159,30.20913159,30.20913159,1.0,2.0,11.0,14.0,S0_baseline
77764.0,76.62666576,76.62666576,919.51998912,919.51998912,76.62666576,76.62666576,76.62666576,76.62666576,1.0,1.0,12.0,12.0,S0_baseline
77767.0,81.59656437,163.19312874,897.56220807,1223.94846555,81.59656437,81.59656437,81.59656437,87.42489039642858,1.0,2.0,11.0,14.0,S0_baseline
77802.0,202.9485056,405.8970112,2232.4335616,2638.3305728,202.9485056,202.9485056,202.9485056,202.9485056,1.0,2.0,11.0,13.0,S0_baseline
77841.0,0.0,586.5416368,3225.9790024,4105.7914576,0.0,293.2708184,293.2708184,293.2708184,0.0,2.0,11.0,14.0,S0_baseline
77843.0,109.0128013,109.0128013,1199.1408143,1090.128013,109.0128013,109.0128013,109.0128013,109.0128013,1.0,1.0,11.0,10.0,S0_baseline
77846.0,106.1385151,106.1385151,1167.5236661,1379.8006963,106.1385151,106.1385151,106.1385151,106.1385151,1.0,1.0,11.0,13.0,S0_baseline
77854.0,0.0,65.66727276,722.34000036,853.6745458800001,0.0,65.66727276,65.66727276,65.66727276,0.0,1.0,11.0,13.0,S0_baseline
77858.0,0.0,314.3163078,1152.4931286,1152.4931286,0.0,104.7721026,104.77210259999998,115.24931286,0.0,3.0,11.0,10.0,S0_baseline
77862.0,137.7455408,137.7455408,1515.2009488,1928.4375712,137.7455408,137.7455408,137.7455408,137.7455408,1.0,1.0,11.0,14.0,S0_baseline
77880.0,0.0,81.0788337,445.93358535,567.5518359,0.0,40.53941685,40.53941685,40.53941685,0.0,2.0,11.0,14.0,S0_baseline
77882.0,0.0,470.7548776,2589.1518268,3295.2841432,0.0,235.3774388,235.3774388,235.3774388,0.0,2.0,11.0,14.0,S0_baseline
77885.0,105.2758272,315.8274816,1158.0340992,1052.758272,105.2758272,105.2758272,105.2758272,105.2758272,1.0,3.0,11.0,10.0,S0_baseline
77888.0,115.1858362,115.1858362,1267.0441982,1267.0441982,115.1858362,115.1858362,115.1858362,115.1858362,1.0,1.0,11.0,11.0,S0_baseline
77898.0,0.0,69.12420702,691.2420702,898.61469126,0.0,69.12420702,69.12420702,69.12420702,0.0,1.0,10.0,13.0,S0_baseline
77901.0,266.9198914,266.9198914,1468.0594027,1468.0594027,133.4599457,133.4599457,133.4599457,133.4599457,2.0,2.0,11.0,11.0,S0_baseline
77902.0,195.39968284,293.09952426,1074.69825562,976.9984142,97.69984142,97.69984142,97.69984142,97.69984142,2.0,3.0,11.0,10.0,S0_baseline
77917.0,388.7871748,194.3935874,1943.935874,2332.7230488,194.3935874,194.3935874,194.3935874,194.3935874,2.0,1.0,10.0,12.0,S0_baseline
77920.0,105.8572014,211.7144028,1058.572014,1376.1436182,105.8572014,105.8572014,105.85720139999998,105.8572014,1.0,2.0,10.0,13.0,S0_baseline
77956.0,99.33985604,99.33985604,496.6992802,695.37899228,49.66992802,49.66992802,49.66992802,49.66992802,2.0,2.0,10.0,14.0,S0_baseline
77958.0,139.4440045,278.888009,1254.9960405000002,1673.328054,139.4440045,139.4440045,139.4440045,139.4440045,1.0,2.0,9.0,12.0,S0_baseline
77966.0,93.18890893,93.18890893,1025.07799823,1118.2669071599998,93.18890893,93.18890893,93.18890893,93.18890892999998,1.0,1.0,11.0,12.0,S0_baseline
77968.0,1030.0361636,1030.0361636,5665.1988998,5665.1988998,515.0180818,515.0180818,515.0180818,515.0180818,2.0,2.0,11.0,11.0,S0_baseline
77972.0,169.16001064,84.58000532,845.8000532,930.38005852,84.58000532,84.58000532,84.58000532,84.58000532,2.0,1.0,10.0,11.0,S0_baseline
77975.0,753.3745495,1506.749099,6780.3709455,9793.8691435,753.3745495,753.3745495,753.3745495,753.3745495000001,1.0,2.0,9.0,13.0,S0_baseline
77979.0,195.156145,195.156145,1951.56145,2146.717595,195.156145,195.156145,195.156145,195.156145,1.0,1.0,10.0,11.0,S0_baseline
77999.0,61.44200438,61.44200438,368.65202628,337.93102409,30.72100219,30.72100219,30.72100219,30.72100219,2.0,2.0,12.0,11.0,S0_baseline
78007.0,1785.4029734,1785.4029734,9819.7163537,8034.3133803,892.7014867,892.7014867,892.7014866999999,892.7014867,2.0,2.0,11.0,9.0,S0_baseline
78009.0,200.7051358,200.7051358,1204.2308148,1103.8782469,100.3525679,100.3525679,100.3525679,100.3525679,2.0,2.0,12.0,11.0,S0_baseline
78013.0,63.0107988,126.0215976,567.0971892,756.1295856,63.0107988,63.0107988,63.0107988,63.0107988,1.0,2.0,9.0,12.0,S0_baseline
78020.0,0.0,111.50890382,501.79006719,724.80787483,0.0,55.75445191,55.75445191,55.75445190999999,0.0,2.0,9.0,13.0,S0_baseline
78021.0,288.0363112,576.0726224,2592.3268008,3456.4357344,288.0363112,288.0363112,288.0363112,288.0363112,1.0,2.0,9.0,12.0,S0_baseline
78024.0,736.0922632,736.0922632,4416.5535792,4048.5074476,368.0461316,368.0461316,368.0461316,368.0461316,2.0,2.0,12.0,11.0,S0_baseline
78026.0,214.0741524,321.1112286,1284.4449144,1177.4078382,107.0370762,107.0370762,107.0370762,107.0370762,2.0,3.0,12.0,11.0,S0_baseline
78030.0,360.3187792,540.4781688,2161.9126752,1981.7532856,180.1593896,180.15938960000005,180.15938960000005,180.1593896,2.0,3.0,12.0,11.0,S0_baseline
78031.0,88.43841323,176.87682646,884.3841322999999,795.94571907,88.43841323,88.43841323,88.43841323,88.43841323,1.0,2.0,10.0,9.0,S0_baseline
78033.0,1226.355588,1226.355588,6744.955733999999,5518.600146,613.177794,613.177794,613.177794,613.177794,2.0,2.0,11.0,9.0,S0_baseline
78038.0,380.5271308,380.5271308,2092.8992194,1712.3720886,190.2635654,190.2635654,190.26356540000003,190.2635654,2.0,2.0,11.0,9.0,S0_baseline
78039.0,3570.230598,5355.345897,21421.383588,19636.268289,1785.115299,1785.115299,1785.115299,1785.115299,2.0,3.0,12.0,11.0,S0_baseline
78044.0,65.4049438,130.8098876,654.049438,654.049438,65.4049438,65.4049438,65.4049438,65.4049438,1.0,2.0,10.0,10.0,S0_baseline
78049.0,185.2637473,185.2637473,2037.9012203,1667.3737257,185.2637473,185.2637473,185.2637473,185.2637473,1.0,1.0,11.0,9.0,S0_baseline
78050.0,238.9897229,238.9897229,2628.8869519,2150.9075061,238.9897229,238.9897229,238.9897229,238.9897229,1.0,1.0,11.0,9.0,S0_baseline
78051.0,0.0,254.7560142,1146.4020639,1655.9140923,0.0,127.3780071,127.3780071,127.3780071,0.0,2.0,9.0,13.0,S0_baseline
78054.0,309.8247526,309.8247526,1549.123763,1394.2113867,154.9123763,154.9123763,154.9123763,154.9123763,2.0,2.0,10.0,9.0,S0_baseline
78056.0,996.3864642,1494.5796963,6476.5120173,5978.3187852,498.1932321,498.1932321,498.1932321,498.1932321,2.0,3.0,13.0,12.0,S0_baseline
78061.0,0.0,389.6224364,1948.112182,2532.5458366000003,0.0,194.8112182,194.8112182,194.8112182,0.0,2.0,10.0,13.0,S0_baseline
78074.0,91.80824672,183.61649344,826.2742204799999,1101.69896064,91.80824672,91.80824672,91.80824672,91.80824672,1.0,2.0,9.0,12.0,S0_baseline
78082.0,194.12183892,194.12183892,1164.73103352,970.6091946,97.06091946,97.06091946,97.06091946,97.06091946,2.0,2.0,12.0,10.0,S0_baseline
78084.0,103.3346437,103.3346437,930.0117933,1240.0157244,103.3346437,103.3346437,103.3346437,103.3346437,1.0,1.0,9.0,12.0,S0_baseline
78093.0,453.9855365,453.9855365,4539.855365,5901.8119745,453.9855365,453.9855365,453.9855365,453.9855365,1.0,1.0,10.0,13.0,S0_baseline
78095.0,107.7904208,107.7904208,970.1137872,1293.4850496,107.7904208,107.7904208,107.7904208,107.7904208,1.0,1.0,9.0,12.0,S0_baseline
78097.0,42.56953313,42.56953313,383.12579817000005,510.83439756000007,42.56953313,42.56953313,42.56953313,42.56953313,1.0,1.0,9.0,12.0,S0_baseline
78100.0,0.0,774.2609459999999,3097.0437839999995,2580.86982,0.0,258.086982,258.086982,258.086982,0.0,3.0,12.0,10.0,S0_baseline
78107.0,70.61113205,70.61113205,635.50018845,847.3335846,70.61113205,70.61113205,70.61113205,70.61113205,1.0,1.0,9.0,12.0,S0_baseline
78111.0,0.0,75.70214634,757.0214634,984.12790242,0.0,75.70214634,75.70214634,75.70214634,0.0,1.0,10.0,13.0,S0_baseline
78115.0,701.9845806,1052.9768709,4211.9074836,3860.9151933,350.9922903,350.9922903,350.9922903,350.9922903,2.0,3.0,12.0,11.0,S0_baseline
78136.0,75.64001658,75.64001658,756.4001658,983.32021554,75.64001658,75.64001658,75.64001658,75.64001658,1.0,1.0,10.0,13.0,S0_baseline
78151.0,330.6512946,330.6512946,2975.8616514000005,4298.466829800001,330.6512946,330.6512946,330.6512946,330.6512946,1.0,1.0,9.0,13.0,S0_baseline
78153.0,119.0568885,119.0568885,1190.568885,1547.7395505,119.0568885,119.0568885,119.0568885,119.0568885,1.0,1.0,10.0,13.0,S0_baseline
78166.0,210.7204501,210.7204501,2107.204501,2739.3658513,210.7204501,210.7204501,210.7204501,210.7204501,1.0,1.0,10.0,13.0,S0_baseline
78167.0,283.0855715,283.0855715,2830.855715,3113.9412865000004,283.0855715,283.0855715,283.0855715,283.0855715,1.0,1.0,10.0,11.0,S0_baseline
78170.0,601.0758595,601.0758595,5409.6827355,7813.986173499999,601.0758595,601.0758595,601.0758595,601.0758595,1.0,1.0,9.0,13.0,S0_baseline
78171.0,82.3670585,82.3670585,823.670585,906.0376435,82.3670585,82.3670585,82.3670585,82.3670585,1.0,1.0,10.0,11.0,S0_baseline
78178.0,363.3579453,363.3579453,3996.9373983,5087.011234199999,363.3579453,363.3579453,363.3579453,363.3579452999999,1.0,1.0,11.0,14.0,S0_baseline
78184.0,760.3020748,760.3020748,6842.7186732,9123.6248976,760.3020748,760.3020748,760.3020748,760.3020748,1.0,1.0,9.0,12.0,S0_baseline
78185.0,38.47110102,38.47110102,384.7110102,500.12431326,38.47110102,38.47110102,38.47110102,38.47110102,1.0,1.0,10.0,13.0,S0_baseline
78192.0,0.0,301.2405347,2711.1648123,3614.8864164,0.0,301.2405347,301.2405347,301.2405347,0.0,1.0,9.0,12.0,S0_baseline
78209.0,98.26067746,98.26067746,884.34609714,1179.12812952,98.26067746,98.26067746,98.26067746,98.26067746,1.0,1.0,9.0,12.0,S0_baseline
78211.0,445.8929714,445.8929714,2452.4113427,3121.2507998,222.9464857,222.9464857,222.9464857,222.9464857,2.0,2.0,11.0,14.0,S0_baseline
78216.0,108.7654418,108.7654418,978.8889762,1305.1853016,108.7654418,108.7654418,108.7654418,108.7654418,1.0,1.0,9.0,12.0,S0_baseline
78220.0,292.0550824,292.0550824,2628.4957416,3504.6609888000003,292.0550824,292.0550824,292.0550824,292.0550824,1.0,1.0,9.0,12.0,S0_baseline
78222.0,85.36921922,85.36921922,768.32297298,1024.43063064,85.36921922,85.36921922,85.36921922,85.36921922,1.0,1.0,9.0,12.0,S0_baseline
78231.0,208.412931,208.412931,937.8581895,1250.477586,104.2064655,104.2064655,104.2064655,104.2064655,2.0,2.0,9.0,12.0,S0_baseline
78245.0,126.1619015,126.1619015,1135.4571135,1640.1047195,126.1619015,126.1619015,126.1619015,126.1619015,1.0,1.0,9.0,13.0,S0_baseline
78247.0,681.2856556,681.2856556,3747.0711058,5109.642417,340.6428278,340.6428278,340.6428278,340.6428278,2.0,2.0,11.0,15.0,S0_baseline
78254.0,163.99005358,163.99005358,901.94529469,1229.92540185,81.99502679,81.99502679,81.99502679,81.99502679000001,2.0,2.0,11.0,15.0,S0_baseline
78257.0,39.39096574,78.78193148,472.69158888,551.47352036,39.39096574,39.39096574,39.39096574,42.42104002769231,1.0,2.0,12.0,13.0,S0_baseline
78278.0,48.23513163,48.23513163,530.58644793,627.05671119,48.23513163,48.23513163,48.23513163,48.23513163,1.0,1.0,11.0,13.0,S0_baseline
78298.0,174.0727063,174.0727063,2088.8724756,2437.0178882,174.0727063,174.0727063,174.07270630000002,174.0727063,1.0,1.0,12.0,14.0,S0_baseline
78302.0,38.59158093,38.59158093,424.50739023,540.28213302,38.59158093,38.59158093,38.59158093,38.59158093,1.0,1.0,11.0,14.0,S0_baseline
78310.0,73.90206986,73.90206986,886.82483832,886.82483832,73.90206986,73.90206986,73.90206986,73.90206986,1.0,1.0,12.0,12.0,S0_baseline
78321.0,751.9382954,751.9382954,7519.382954000001,8271.3212494,751.9382954,751.9382954,751.9382954,751.9382954,1.0,1.0,10.0,11.0,S0_baseline
78325.0,56.11900573,168.35701719,505.07105157,561.1900573,56.11900573,56.11900573,56.11900573,56.119005730000005,1.0,3.0,9.0,10.0,S0_baseline
78327.0,391.0752161,391.0752161,3910.752161,3910.752161,391.0752161,391.0752161,391.0752161,391.0752161,1.0,1.0,10.0,10.0,S0_baseline
78338.0,215.2489196,215.2489196,2367.7381156,2367.7381156,215.2489196,215.2489196,215.2489196,215.2489196,1.0,1.0,11.0,11.0,S0_baseline
78339.0,68.27267063,68.27267063,750.9993769299999,887.5447181899999,68.27267063,68.27267063,68.27267063,68.27267063,1.0,1.0,11.0,13.0,S0_baseline
78354.0,136.5503258,273.1006516,1228.9529322,1365.503258,136.5503258,136.5503258,136.5503258,136.5503258,1.0,2.0,9.0,10.0,S0_baseline
78361.0,99.55539751,199.11079502,895.9985775900001,995.5539751,99.55539751,99.55539751,99.55539751,99.55539751,1.0,2.0,9.0,10.0,S0_baseline
78376.0,205.4630847,205.4630847,2054.630847,2260.0939317,205.4630847,205.4630847,205.4630847,205.4630847,1.0,1.0,10.0,11.0,S0_baseline
78390.0,476.9465769,953.8931538,4292.5191921000005,5723.3589228,476.9465769,476.9465769,476.9465769000001,520.3053566181818,1.0,2.0,9.0,11.0,S0_baseline
78414.0,1065.913773,2131.827546,10659.13773,12790.965276,1065.913773,1065.913773,1065.913773,1065.913773,1.0,2.0,10.0,12.0,S0_baseline
78424.0,505.3751454,1010.7502908,5053.751454,6569.8768902,505.3751454,505.3751454,505.3751454,505.3751454,1.0,2.0,10.0,13.0,S0_baseline
78447.0,626.7369351,1880.2108053,6267.369350999999,8774.3170914,626.7369351,626.7369351,626.7369351,674.9474685692308,1.0,3.0,10.0,13.0,S0_baseline
78454.0,256.7966889,513.5933778,2567.966889,3338.3569557,256.7966889,256.7966889,256.7966889,256.7966889,1.0,2.0,10.0,13.0,S0_baseline
78462.0,303.3476559,606.6953118,3033.476559,3943.5195267,303.3476559,303.3476559,303.3476559,303.3476559,1.0,2.0,10.0,13.0,S0_baseline
78472.0,375.5757093,1126.7271279,3755.757093,5258.0599302,375.5757093,375.5757093,375.5757093,375.5757093,1.0,3.0,10.0,14.0,S0_baseline
78478.0,251.4941118,502.9882236,2514.941118,3269.4234534,251.4941118,251.4941118,251.4941118,251.4941118,1.0,2.0,10.0,13.0,S0_baseline
78498.0,448.1723262,896.3446524,4481.723262,5826.2402406,448.1723262,448.1723262,448.17232619999993,448.1723262,1.0,2.0,10.0,13.0,S0_baseline
78504.0,194.0545567,388.1091134,1940.545567,2522.7092371,194.0545567,194.0545567,194.0545567,194.0545567,1.0,2.0,10.0,13.0,S0_baseline
78508.0,157.7943284,315.5886568,1577.9432840000002,1735.7376124000002,157.7943284,157.7943284,157.7943284,157.7943284,1.0,2.0,10.0,11.0,S0_baseline
78510.0,641.3324764,641.3324764,3206.662382,4168.6610966,320.6662382,320.6662382,320.6662382,320.6662382,2.0,2.0,10.0,13.0,S0_baseline
78513.0,290.9242888,581.8485776,2909.242888,3782.0157544,290.9242888,290.9242888,290.9242888,290.9242888,1.0,2.0,10.0,13.0,S0_baseline
78514.0,164.8740153,329.7480306,1813.6141683,2143.3621989,164.8740153,164.8740153,164.8740153,164.8740153,1.0,2.0,11.0,13.0,S0_baseline
78522.0,0.0,418.7606916,2093.803458,2721.9444954,0.0,209.3803458,209.3803458,209.3803458,0.0,2.0,10.0,13.0,S0_baseline
78536.0,0.0,200.3523994,1001.761997,1302.2905961,0.0,100.1761997,100.1761997,100.1761997,0.0,2.0,10.0,13.0,S0_baseline
78540.0,298.5702786,1194.2811144,3284.2730646,4179.9839004,298.5702786,398.0937048,298.5702786,298.5702786,1.0,3.0,11.0,14.0,S0_baseline
78547.0,0.0,178.38249634,981.10372987,1248.67747438,0.0,89.19124817,89.19124817,89.19124817,0.0,2.0,11.0,14.0,S0_baseline
78548.0,0.0,272.6366616,1499.5016388,1908.4566312,0.0,136.3183308,136.3183308,136.3183308,0.0,2.0,11.0,14.0,S0_baseline
78562.0,2670.791082,2670.791082,13353.95541,17360.142033,1335.395541,1335.395541,1335.395541,1335.395541,2.0,2.0,10.0,13.0,S0_baseline
78577.0,289.0685707,867.2057121,3468.8228484,4914.1657019,289.0685707,289.0685707,289.0685707,289.0685707,1.0,3.0,12.0,17.0,S0_baseline
78581.0,0.0,1437.8339688,5272.0578856,7189.169844,0.0,479.2779896,479.2779896,479.2779896,0.0,3.0,11.0,15.0,S0_baseline
78589.0,0.0,302.2663784,1662.4650812,1964.7314596,0.0,151.1331892,151.1331892,151.1331892,0.0,2.0,11.0,13.0,S0_baseline
78598.0,0.0,308.027819,1694.1530045000002,2002.1808235,0.0,154.0139095,154.0139095,154.0139095,0.0,2.0,11.0,13.0,S0_baseline
78604.0,152.412008,304.824016,1828.944096,2286.18012,152.412008,152.412008,152.412008,152.412008,1.0,2.0,12.0,15.0,S0_baseline
78605.0,0.0,370.3310092,2036.8205506,2407.1515598,0.0,185.1655046,185.1655046,185.1655046,0.0,2.0,11.0,13.0,S0_baseline
78620.0,2552.864896,2552.864896,14040.756928,17870.054272,1276.432448,1276.432448,1276.432448,1276.432448,2.0,2.0,11.0,14.0,S0_baseline
78622.0,1466.851696,1466.851696,8067.684327999999,9534.536024,733.425848,733.425848,733.425848,733.425848,2.0,2.0,11.0,13.0,S0_baseline
78630.0,682.8558835,1365.711767,8877.1264855,10925.694136,682.8558835,682.8558835,682.8558835000001,682.8558835,1.0,2.0,13.0,16.0,S0_baseline
78645.0,314.2722161,628.5444322,3771.2665932,5028.3554576,314.2722161,314.2722161,314.2722161,314.2722161,1.0,2.0,12.0,16.0,S0_baseline
78656.0,462.590724,616.787632,2004.559804,2467.150528,231.295362,205.59587733333333,167.04665033333333,154.196908,2.0,3.0,12.0,16.0,S0_baseline
78666.0,456.248676,456.248676,2053.119042,3193.740732,228.124338,228.124338,228.124338,228.124338,2.0,2.0,9.0,14.0,S0_baseline
78672.0,287.14348026,95.71449342,1148.57392104,1531.43189472,143.57174013,95.71449342,104.41581100363636,95.71449342,2.0,1.0,11.0,16.0,S0_baseline
78684.0,1132.447746,1132.447746,5662.23873,7360.910349000001,566.223873,566.223873,566.223873,566.223873,2.0,2.0,10.0,13.0,S0_baseline
78696.0,785.0906038,785.0906038,3532.9077171000004,5103.0889247000005,392.5453019,392.5453019,392.5453019,392.5453019,2.0,2.0,9.0,13.0,S0_baseline
78699.0,278.2384274,139.1192137,1391.192137,2086.7882055,139.1192137,139.1192137,139.1192137,139.1192137,2.0,1.0,10.0,15.0,S0_baseline
78700.0,790.0362252,790.0362252,3950.181126,5135.2354638,395.0181126,395.0181126,395.0181126,395.0181126,2.0,2.0,10.0,13.0,S0_baseline
78709.0,490.3601048,490.3601048,2451.800524,3432.5207336,245.1800524,245.1800524,245.1800524,245.1800524,2.0,2.0,10.0,14.0,S0_baseline
78713.0,696.7998046,1045.1997069,3832.3989253,4877.5986322,348.3999023,348.39990229999995,348.3999023,348.3999023,2.0,3.0,11.0,14.0,S0_baseline
78714.0,584.3676046,292.1838023,4382.7570345,5843.6760460000005,292.1838023,292.1838023,292.1838023,292.1838023,2.0,1.0,15.0,20.0,S0_baseline
78718.0,349.8173104,524.7259656,1749.086552,2448.7211728,174.9086552,174.9086552,174.9086552,174.90865520000003,2.0,3.0,10.0,14.0,S0_baseline
78723.0,727.2640644,1090.8960966,3272.6882898000003,4727.2164186,363.6320322,363.6320322,363.6320322,363.6320322,2.0,3.0,9.0,13.0,S0_baseline
78727.0,1148.2107858,1148.2107858,5741.053929,7463.3701077,574.1053929,574.1053929,574.1053929,574.1053929,2.0,2.0,10.0,13.0,S0_baseline
78729.0,878.4363038,0.0,4392.181519,6588.2722785000005,439.2181519,0.0,439.2181519,439.2181519,2.0,0.0,10.0,15.0,S0_baseline
78739.0,597.9942894,1195.9885788,2989.971447,4185.9600258,298.9971447,398.6628596,298.9971447,298.9971447,2.0,3.0,10.0,14.0,S0_baseline
78747.0,324.3495046,324.3495046,1459.5727707,2270.4465322,162.1747523,162.1747523,162.1747523,162.1747523,2.0,2.0,9.0,14.0,S0_baseline
78762.0,942.1483976,942.1483976,4239.6677892,6595.0387832,471.0741988,471.0741988,471.0741988,471.0741988,2.0,2.0,9.0,14.0,S0_baseline
78764.0,287.950225,575.90045,1583.7262375,2015.651575,143.9751125,143.9751125,143.9751125,143.9751125,2.0,4.0,11.0,14.0,S0_baseline
78773.0,402.2661458,603.3992187,2011.330729,2815.8630206,201.1330729,201.1330729,201.1330729,201.1330729,2.0,3.0,10.0,14.0,S0_baseline
78778.0,1544.4156132,3088.8312264,9266.4936792,10810.9092924,772.2078066,1029.6104088,772.2078066,772.2078066,2.0,3.0,12.0,14.0,S0_baseline
78789.0,272.4886952,408.7330428,1498.6878236,2316.1539092,136.2443476,136.2443476,136.2443476,136.2443476,2.0,3.0,11.0,17.0,S0_baseline
78795.0,1449.6428032,2174.4642048,7973.035417599999,12321.9638272,724.8214016,724.8214015999998,724.8214016,724.8214016,2.0,3.0,11.0,17.0,S0_baseline
78801.0,278.466772,417.700158,1531.567246,2366.967562,139.233386,139.233386,139.233386,139.233386,2.0,3.0,11.0,17.0,S0_baseline
78809.0,451.0756792,451.0756792,2480.9162356,3608.6054336,225.5378396,225.5378396,225.5378396,225.5378396,2.0,2.0,11.0,16.0,S0_baseline
78810.0,849.6229726,849.6229726,3823.3033767,6796.9837808,424.8114863,424.8114863,424.8114863,424.8114863,2.0,2.0,9.0,16.0,S0_baseline
78826.0,72.56640129,72.56640129,725.6640129,798.23041419,72.56640129,72.56640129,72.56640129,72.56640129,1.0,1.0,10.0,11.0,S0_baseline
78844.0,0.0,488.9634637,4400.6711733,6845.4884918,0.0,488.9634637,488.9634637,488.9634637,0.0,1.0,9.0,14.0,S0_baseline
78845.0,0.0,174.048905,1566.440145,2262.635765,0.0,174.048905,174.048905,174.048905,0.0,1.0,9.0,13.0,S0_baseline
78848.0,0.0,472.774194,4727.74194,5673.290328,0.0,472.774194,472.774194,472.774194,0.0,1.0,10.0,12.0,S0_baseline
78850.0,0.0,502.6422767,5529.0650437,7036.991873800001,0.0,502.6422767,552.90650437,586.4159894833334,0.0,1.0,10.0,12.0,S0_baseline
78852.0,0.0,510.6831882,5106.831882,6128.1982584,0.0,510.6831882,510.6831882,510.6831882,0.0,1.0,10.0,12.0,S0_baseline
78860.0,0.0,1082.041082,9738.369738,12984.492984,0.0,1082.041082,1082.041082,1082.041082,0.0,1.0,9.0,12.0,S0_baseline
78877.0,0.0,702.1932934,6319.7396406,7724.1262274,0.0,702.1932934,702.1932934,702.1932934,0.0,1.0,9.0,11.0,S0_baseline
78890.0,0.0,122.8649362,1228.649362,1228.649362,0.0,122.8649362,122.86493620000002,122.86493620000002,0.0,1.0,10.0,10.0,S0_baseline
78891.0,0.0,452.364342,4071.279078,5880.736446,0.0,452.364342,452.364342,452.364342,0.0,1.0,9.0,13.0,S0_baseline
78917.0,0.0,579.1090389,5791.090389,6370.1994279,0.0,579.1090389,579.1090389,579.1090389,0.0,1.0,10.0,11.0,S0_baseline
78928.0,0.0,177.2759169,1772.759169,1950.0350859,0.0,177.2759169,177.2759169,177.2759169,0.0,1.0,10.0,11.0,S0_baseline
78933.0,119.2599765,238.519953,1311.8597415,1431.119718,119.2599765,119.2599765,119.2599765,119.2599765,1.0,2.0,11.0,12.0,S0_baseline
78943.0,0.0,1046.911415,10469.11415,12562.93698,0.0,1046.911415,1046.911415,1046.911415,0.0,1.0,10.0,12.0,S0_baseline
78947.0,0.0,4874.196367,48741.96367,58490.35640399999,0.0,4874.196367,4874.196367,4874.196367,0.0,1.0,10.0,12.0,S0_baseline
78949.0,0.0,2703.008905,24327.080145,32436.10686,0.0,2703.008905,2703.008905,2703.008905,0.0,1.0,9.0,12.0,S0_baseline
78952.0,0.0,2994.982483,35939.789796,41929.754762,0.0,2994.982483,3593.9789795999995,3494.1462301666666,0.0,1.0,10.0,12.0,S0_baseline
78957.0,0.0,5169.680752,46527.126768,67205.849776,0.0,5169.680752,5169.680752,5169.680752,0.0,1.0,9.0,13.0,S0_baseline
78958.0,0.0,1903.130475,17128.174274999998,24740.696175,0.0,1903.130475,1903.130475,1903.130475,0.0,1.0,9.0,13.0,S0_baseline
78961.0,3666.580149,3666.580149,47665.541937,58665.282384,3666.580149,3666.580149,4333.231085181818,4512.714029538462,1.0,1.0,11.0,13.0,S0_baseline
78975.0,318.663771,159.3318855,2071.3145115,3186.63771,159.3318855,159.3318855,188.3013192272727,187.44927705882355,2.0,1.0,11.0,17.0,S0_baseline
78980.0,25672.80293,25672.80293,282400.83223,410764.84688,25672.80293,25672.80293,25672.80293,25672.80293,1.0,1.0,11.0,16.0,S0_baseline
78988.0,6284.191222,6284.191222,40847.242943000005,62841.912220000006,3142.095611,3142.095611,3713.385722090909,3696.5830717647054,2.0,2.0,11.0,17.0,S0_baseline
78993.0,196.8501432,196.8501432,1968.501432,3543.3025776,196.8501432,196.8501432,196.8501432,196.8501432,1.0,1.0,10.0,18.0,S0_baseline
78994.0,338.748237,338.748237,3387.48237,6097.468266,338.748237,338.748237,338.748237,338.748237,1.0,1.0,10.0,18.0,S0_baseline
79009.0,0.0,334.3318776,3677.6506536,4011.9825312,0.0,334.3318776,334.3318776,334.3318776,0.0,1.0,11.0,12.0,S0_baseline
79016.0,974.8725699,974.8725699,12673.3434087,19497.451398,974.8725699,974.8725699,1152.1221280636364,1146.908905764706,1.0,1.0,11.0,17.0,S0_baseline
79022.0,2549.742268,1274.871134,16573.324742,25497.42268,1274.871134,1274.871134,1506.6658856363638,1499.8483929411764,2.0,1.0,11.0,17.0,S0_baseline
79024.0,22874.034951,7624.678317,99120.818121,152493.56634,7624.678317000001,7624.678317,9010.983465545454,8970.209784705881,3.0,1.0,11.0,17.0,S0_baseline
79031.0,0.0,55.91810491,615.09915401,671.0172589199999,0.0,55.91810491,55.91810491,55.91810490999999,0.0,1.0,11.0,12.0,S0_baseline
79040.0,0.0,2087.843095,25054.11714,25054.11714,0.0,2087.843095,2087.843095,2087.843095,0.0,1.0,12.0,12.0,S0_baseline
79042.0,0.0,643.4908162,6434.908162000001,7721.8897944,0.0,643.4908162,643.4908162,643.4908162,0.0,1.0,10.0,12.0,S0_baseline
79050.0,0.0,4825.412412,53079.536532,62730.361356,0.0,4825.412412,4825.412412,4825.412412,0.0,1.0,11.0,13.0,S0_baseline
79051.0,0.0,2396.993348,23969.93348,31160.913524,0.0,2396.993348,2396.993348,2396.993348,0.0,1.0,10.0,13.0,S0_baseline
79052.0,0.0,4230.647325,46537.120575,54998.415225,0.0,4230.647325,4230.647325,4230.647325,0.0,1.0,11.0,13.0,S0_baseline
79077.0,125.22304806,62.61152403,688.7267643299999,813.94981239,62.61152403,62.61152403,62.61152402999999,62.611524030000005,2.0,1.0,11.0,13.0,S0_baseline
79089.0,306.6890016,204.4593344,1226.7560064,1533.445008,153.3445008,102.2296672,102.2296672,102.2296672,2.0,2.0,12.0,15.0,S0_baseline
79100.0,212.1090519,141.4060346,919.1392249,1060.5452595,106.05452595,70.7030173,70.7030173,70.7030173,2.0,2.0,13.0,15.0,S0_baseline
79102.0,1042.3099605,1389.746614,5558.986456,5211.5498025,521.15498025,347.4366535,347.4366535,347.4366535,2.0,4.0,16.0,15.0,S0_baseline
79103.0,5494.378527,3662.919018,23808.973617,25640.433126,2747.1892635,1831.459509,1831.459509,1831.459509,2.0,2.0,13.0,14.0,S0_baseline
79123.0,1187.3374538,1781.0061807000002,6530.3559959,9498.6996304,1187.3374538,593.6687269,593.6687269,593.6687269,1.0,3.0,11.0,16.0,S0_baseline
79125.0,392.2291554,522.9722072,1830.4027252,2222.6318806,196.1145777,130.7430518,130.7430518,130.7430518,2.0,4.0,14.0,17.0,S0_baseline
79127.0,1347.9298664,1347.9298664,3706.8071326,6065.6843988,673.9649332,336.9824666,336.9824666,336.9824666,2.0,4.0,11.0,18.0,S0_baseline
79129.0,969.4560654,484.7280327,5332.0083597,7270.920490500001,969.4560654,484.7280327,484.7280327,484.7280327,1.0,1.0,11.0,15.0,S0_baseline
79131.0,373.5722508,1120.7167524,4109.2947588,5603.583762,373.5722508,373.57225080000006,373.5722508,373.5722508,1.0,3.0,11.0,15.0,S0_baseline
79133.0,1262.6860449,1683.5813932,4629.8488313,7576.1162694,631.34302245,420.8953483,420.8953483,420.8953483,2.0,4.0,11.0,18.0,S0_baseline
79141.0,0.0,262.2428998,2884.6718978,3671.4005972,0.0,262.2428998,262.2428998,262.2428998,0.0,1.0,11.0,14.0,S0_baseline
79154.0,439.7670656,659.6505984,2418.7188608,3298.252992,219.8835328,219.8835328,219.8835328,219.8835328,2.0,3.0,11.0,15.0,S0_baseline
79161.0,195.67380232,684.85830812,1369.71661624,2054.57492436,97.83690116,114.14305135333332,97.83690116,97.83690116,2.0,6.0,14.0,21.0,S0_baseline
79174.0,176.5165682,441.2914205,1147.3576933,1765.1656819999998,88.2582841,88.2582841,88.2582841,88.2582841,2.0,5.0,13.0,20.0,S0_baseline
79179.0,125.18130189,125.18130189,458.99810693,709.36071071,62.59065094500001,41.72710063,41.72710063,41.72710063,2.0,3.0,11.0,17.0,S0_baseline
79181.0,440.1641652,660.2462478,2420.9029086,3301.231239,220.0820826,220.0820826,220.0820826,220.0820826,2.0,3.0,11.0,15.0,S0_baseline
79187.0,435.9462387,435.9462387,1889.1003677,3051.6236709000004,217.97311935,145.3154129,145.3154129,145.3154129,2.0,3.0,13.0,21.0,S0_baseline
79205.0,235.54571217,78.51523739,1020.69808607,1413.27427302,78.51523739,78.51523739,92.79073509727272,88.32964206375,3.0,1.0,11.0,16.0,S0_baseline
79211.0,200.1643048,200.1643048,2201.8073528,3002.464572,200.1643048,200.1643048,200.1643048,200.1643048,1.0,1.0,11.0,15.0,S0_baseline
79219.0,70.56637087,141.13274174,987.92919218,1199.62830479,70.56637087,70.56637087,82.32743268166666,79.97522031933333,1.0,2.0,12.0,15.0,S0_baseline
79222.0,256.5491998,513.0983996,2822.0411978,3848.237997,256.5491998,256.5491998,256.5491998,256.5491998,1.0,2.0,11.0,15.0,S0_baseline
79230.0,345.6452468,345.6452468,2419.5167276,2937.9845978,172.8226234,172.8226234,201.62639396666668,209.8560427,2.0,2.0,12.0,14.0,S0_baseline
79238.0,0.0,281.8030876,1549.9169818,2254.4247008,0.0,140.9015438,140.9015438,140.9015438,0.0,2.0,11.0,16.0,S0_baseline
79245.0,0.0,938.8510282,6102.5316833,7980.2337397,0.0,469.4255141,469.4255141,469.4255141,0.0,2.0,13.0,17.0,S0_baseline
79252.0,96.35609875,192.7121975,1348.9853825,1638.05367875,96.35609875,96.35609875,112.41544854166666,117.00383419642856,1.0,2.0,12.0,14.0,S0_baseline
79262.0,164.99352518,412.48381295,1319.94820144,1484.94172662,82.49676259,103.1209532375,101.53447703384616,98.996115108,2.0,4.0,13.0,15.0,S0_baseline
79268.0,609.2770254,1218.5540508,8529.8783556,10357.7094318,609.2770254,609.2770254,775.4434868727272,647.3568394875,1.0,2.0,11.0,16.0,S0_baseline
79271.0,107.9426595,215.885319,1835.0252115,2050.9105305000003,107.9426595,107.9426595,141.1557855,113.93947391666669,1.0,2.0,13.0,18.0,S0_baseline
79275.0,718.4223032,4310.5338192,15086.8683672,14368.446064,718.4223032,862.10676384,942.92927295,756.234003368421,1.0,5.0,16.0,19.0,S0_baseline
79276.0,0.0,453.9415719,2269.7078595,2723.6494314,0.0,151.3138573,151.3138573,151.3138573,0.0,3.0,15.0,18.0,S0_baseline
79280.0,1734.899095,6939.59638,31228.18371,32963.082805,1734.899095,1734.899095,1951.761481875,1734.899095,1.0,4.0,16.0,19.0,S0_baseline
79300.0,111.47946846,111.47946846,1003.31521614,947.57548191,55.73973423,55.73973423,71.66537258142857,63.171698794,2.0,2.0,14.0,15.0,S0_baseline
79305.0,475.0120236,791.686706,3483.4215064,3008.4094828,158.3373412,158.3373412,183.33797402105264,158.3373412,3.0,5.0,19.0,19.0,S0_baseline
79322.0,1218.9306272,1828.3959408,9751.4450176,10360.9103312,609.4653136,609.4653136,650.0963345066666,609.4653136,2.0,3.0,15.0,17.0,S0_baseline
79323.0,2062.2477561,1374.8318374,10311.2387805,10311.2387805,1031.12387805,687.4159187,687.4159187,687.4159187,2.0,2.0,15.0,15.0,S0_baseline
79348.0,0.0,733.8543852,5503.907889,6237.7622742,0.0,366.9271926,458.65899075,389.8601421375,0.0,2.0,12.0,16.0,S0_baseline
79368.0,0.0,0.0,1125.88807044,1447.57037628,0.0,0.0,80.42057646,80.42057646,0.0,0.0,14.0,18.0,S0_baseline
79369.0,144.4707855,144.4707855,1589.1786405,2600.474139,144.4707855,144.4707855,144.4707855,144.4707855,1.0,1.0,11.0,18.0,S0_baseline
79372.0,327.295126,490.942689,2945.656134,3109.303697,163.647563,163.647563,210.40400957142856,182.90021747058825,2.0,3.0,14.0,17.0,S0_baseline
79375.0,1046.337975,523.1689875,9417.041775,9940.2107625,523.1689875,523.1689875,672.6458410714285,584.7182801470587,2.0,1.0,14.0,17.0,S0_baseline
79385.0,0.0,350.2845362,1926.5649491,2802.2762896,0.0,175.1422681,175.1422681,186.81841930666667,0.0,2.0,11.0,15.0,S0_baseline
79389.0,0.0,0.0,1354.44533238,1838.17580823,0.0,0.0,112.870444365,102.120878235,0.0,0.0,12.0,18.0,S0_baseline
79411.0,2032.729577,4065.459154,26425.484501,34556.402809,2032.729577,2032.729577,2032.729577,2159.7751755625,1.0,2.0,13.0,16.0,S0_baseline
79453.0,135.3418191,135.3418191,1624.1018292,2300.8109247,135.3418191,135.3418191,135.3418191,135.3418191,1.0,1.0,12.0,17.0,S0_baseline
79463.0,99.2515785,198.503157,1191.018942,1687.2768345,99.2515785,99.2515785,99.2515785,99.2515785,1.0,2.0,12.0,17.0,S0_baseline
79470.0,199.99603888,199.99603888,1199.97623328,1699.96633048,99.99801944,99.99801944,99.99801944,99.99801944,2.0,2.0,12.0,17.0,S0_baseline
79485.0,285.0215916,427.53238740000006,2137.6619370000003,2850.215916,142.5107958,142.5107958,164.43553361538463,158.34532866666666,2.0,3.0,13.0,18.0,S0_baseline
79506.0,247.056297,247.056297,2964.675564,3458.788158,247.056297,247.056297,247.056297,247.056297,1.0,1.0,12.0,14.0,S0_baseline
79509.0,145.830156,145.830156,1749.961872,1895.792028,145.830156,145.830156,145.830156,145.830156,1.0,1.0,12.0,13.0,S0_baseline
79515.0,509.3350642,509.3350642,6112.0207704,7130.6908988,509.3350642,509.3350642,509.3350642,509.3350642,1.0,1.0,12.0,14.0,S0_baseline
79517.0,819.9050556,819.9050556,9838.8606672,10658.7657228,819.9050556,819.9050556,819.9050555999999,819.9050556,1.0,1.0,12.0,13.0,S0_baseline
79528.0,524.794403,524.794403,6297.532836,7347.121642,524.794403,524.794403,524.794403,524.794403,1.0,1.0,12.0,14.0,S0_baseline
79530.0,470.0445414,940.0890828,5170.4899554,6580.6235796,470.0445414,470.0445414,470.0445414,470.0445414,1.0,2.0,11.0,14.0,S0_baseline
79541.0,62.12043921,62.12043921,745.44527052,621.2043921,62.12043921,62.12043921,62.12043921,62.12043921,1.0,1.0,12.0,10.0,S0_baseline
79549.0,94.28534349,94.28534349,1037.13877839,942.8534349,94.28534349,94.28534349,94.28534349,94.28534349,1.0,1.0,11.0,10.0,S0_baseline
79551.0,228.2017402,228.2017402,1255.1095711,1597.4121814,114.1008701,114.1008701,114.1008701,114.1008701,2.0,2.0,11.0,14.0,S0_baseline
79553.0,230.0442753,230.0442753,2530.4870283,3220.6198542,230.0442753,230.0442753,230.0442753,230.0442753,1.0,1.0,11.0,14.0,S0_baseline
79554.0,45.80205166,45.80205166,549.62461992,412.21846494,45.80205166,45.80205166,45.80205166,45.80205166,1.0,1.0,12.0,9.0,S0_baseline
79572.0,54.05761217,54.05761217,594.63373387,486.51850953,54.05761217,54.05761217,54.05761217,54.05761217,1.0,1.0,11.0,9.0,S0_baseline
79577.0,54.95123978,54.95123978,549.5123978,549.5123978,54.95123978,54.95123978,54.95123978,54.95123978,1.0,1.0,10.0,10.0,S0_baseline
79599.0,79.21218936,396.0609468,1108.97065104,1505.03159784,79.21218936,99.0152367,79.21218936,83.61286654666667,1.0,4.0,14.0,18.0,S0_baseline
79609.0,162.2477533,892.3626431499999,2271.4685462,2758.2118061,162.2477533,178.47252863,162.24775329999997,162.2477533,1.0,5.0,14.0,17.0,S0_baseline
79628.0,221.2307863,1216.76932465,3097.2310082,3318.4617945,221.2307863,243.35386493,221.2307863,221.2307863,1.0,5.0,14.0,15.0,S0_baseline
79718.0,41.03695799,82.07391598,533.48045387,533.48045387,41.03695799,41.03695799,41.036957990000005,41.036957990000005,1.0,2.0,13.0,13.0,S0_baseline
79721.0,192.6719568,385.3439136,2312.0634816,2697.4073952,192.6719568,192.6719568,192.6719568,192.6719568,1.0,2.0,12.0,14.0,S0_baseline
79729.0,75.15488158,150.30976316,901.85857896,1127.3232237,75.15488158,75.15488158,75.15488158,75.15488158,1.0,2.0,12.0,15.0,S0_baseline
79731.0,0.0,69.22549208,415.35295248,519.1911905999999,0.0,34.61274604,34.61274604,34.61274604,0.0,2.0,12.0,15.0,S0_baseline
79733.0,0.0,123.86886346,743.21318076,805.14761249,0.0,61.93443173,61.93443173,61.93443173,0.0,2.0,12.0,13.0,S0_baseline
79746.0,0.0,118.54816714,711.28900284,829.83716998,0.0,59.27408357,59.27408357,59.27408357,0.0,2.0,12.0,14.0,S0_baseline
79749.0,0.0,58.05031446,348.30188676,377.32704399,0.0,29.02515723,29.02515723,29.02515723,0.0,2.0,12.0,13.0,S0_baseline
79770.0,157.0526727,863.7896998499999,2198.7374178,2826.9481086,157.0526727,172.75793997,157.0526727,157.0526727,1.0,5.0,14.0,18.0,S0_baseline
79788.0,411.3815799,1851.2171095500005,5347.9605387,6170.7236985,411.3815799,462.80427738750006,411.3815799,411.3815799,1.0,4.0,13.0,15.0,S0_baseline
79790.0,284.3993292,1848.5956398,3697.1912796,3981.5906088,284.3993292,369.71912796,284.3993292,284.3993292,1.0,5.0,13.0,14.0,S0_baseline
79799.0,29.50734729,132.783062805,354.08816748,413.10286206,29.50734729,33.19576570125,29.50734729,29.50734729,1.0,4.0,12.0,14.0,S0_baseline
79808.0,56.55246617,197.933631595,678.62959404,735.18206021,56.55246617,65.97787719833333,56.55246617,56.55246617,1.0,3.0,12.0,13.0,S0_baseline
79813.0,113.9010981,512.55494145,1366.8131772,1594.6153734,113.9010981,128.1387353625,113.9010981,113.9010981,1.0,4.0,12.0,14.0,S0_baseline
79819.0,199.6194262,698.6679917,2395.4331144,2794.6719668,199.6194262,232.88933056666667,199.6194262,199.6194262,1.0,3.0,12.0,14.0,S0_baseline
79831.0,723.6616908,2713.7313405,5789.2935264,7236.616908,723.6616908,542.7462681,413.5209661714285,380.8745741052632,1.0,5.0,14.0,19.0,S0_baseline
79850.0,172.2866881,1119.86347265,2239.7269453,2756.5870096,172.2866881,223.97269453,172.2866881,172.2866881,1.0,5.0,13.0,16.0,S0_baseline
79854.0,365.1580895,2008.36949225,4747.0551635,5477.3713425000005,365.1580895,502.0923730625,365.1580895,365.1580895,1.0,4.0,13.0,15.0,S0_baseline
79860.0,218.9263308,985.1684886,2627.1159696,3502.8212928,218.9263308,246.29212215,218.9263308,218.9263308,1.0,4.0,12.0,16.0,S0_baseline
79882.0,0.0,967.1747519,3316.0277208,4697.705937799999,0.0,322.39158396666664,276.3356434,276.3356434,0.0,3.0,12.0,17.0,S0_baseline
79888.0,0.0,1083.43396175,3405.0781655,5262.393528500001,0.0,361.1446539166666,309.5525605,309.5525605,0.0,3.0,11.0,17.0,S0_baseline
79891.0,0.0,1401.795837,4361.142604,5607.183348,0.0,350.44895925,363.4285503333333,329.83431458823526,0.0,4.0,12.0,17.0,S0_baseline
79893.0,264.281928,1189.268676,3699.946992,5021.356632,264.281928,297.317169,308.328916,295.3739195294117,1.0,4.0,12.0,17.0,S0_baseline
79914.0,0.0,1958.85429885,4788.3105083,7400.1162401,0.0,489.7135747125,435.3009553,435.3009553,0.0,4.0,11.0,17.0,S0_baseline
79922.0,0.0,753.935609,2369.511914,3231.15261,0.0,251.31186966666667,215.410174,215.410174,0.0,3.0,11.0,15.0,S0_baseline
79933.0,0.0,3842.4522132,11100.4175048,15369.8088528,0.0,960.6130533,1009.1288640727272,960.6130533,0.0,4.0,11.0,16.0,S0_baseline
79945.0,458.9685626,1262.16354715,3212.7799382,4130.7170634,229.4842813,252.43270943,267.73166151666663,242.9833566705882,2.0,5.0,12.0,17.0,S0_baseline
79953.0,178.6386173,803.8737778499999,1965.0247903,3036.8564941,178.6386173,200.9684444625,178.6386173,178.6386173,1.0,4.0,11.0,17.0,S0_baseline
79958.0,565.2533225,2543.63995125,7913.546515,11305.066449999998,565.2533225,635.9099878124999,659.4622095833333,595.003497368421,1.0,4.0,12.0,19.0,S0_baseline
79978.0,739.8922284,1664.7575139,4069.4072562,6289.0839414,739.8922284,416.189378475,369.9461142,393.0677463375,1.0,4.0,11.0,16.0,S0_baseline
79985.0,365.6552821,1645.44876945,4022.2081031,5119.1739494,365.6552821,411.3621923625,365.6552821,365.6552821,1.0,4.0,11.0,14.0,S0_baseline
79995.0,290.2547828,1306.1465226,3192.8026108,4353.821742,290.2547828,326.53663065,290.2547828,290.2547828,1.0,4.0,11.0,15.0,S0_baseline
80011.0,216.696837,1408.5294405,2383.665207,4117.239903,216.696837,234.75490675,216.696837,216.696837,1.0,6.0,11.0,19.0,S0_baseline
80018.0,340.0576902,1870.3172961,3740.6345922,6121.038423600001,340.0576902,374.06345922,340.0576902,340.0576902,1.0,5.0,11.0,18.0,S0_baseline
80023.0,60.71888657,394.672762705,789.34552541,1214.3777314,60.71888657,78.934552541,60.71888657,63.91461744210527,1.0,5.0,13.0,19.0,S0_baseline
80024.0,564.3705312,2539.6673904,5643.705312,10723.0400928,564.3705312,634.9168476,564.3705312,595.7244496,1.0,4.0,10.0,18.0,S0_baseline
80033.0,52.67645041,237.044026845,632.11740492,842.82320656,52.67645041,79.014675615,52.67645041,52.67645041,1.0,3.0,12.0,16.0,S0_baseline
80037.0,583.8498332,4962.7235822,8173.897664800001,9341.5973312,583.8498332,708.9605117428572,628.7613588307693,583.8498332,1.0,7.0,13.0,16.0,S0_baseline
80059.0,235.1638411,823.0734438500001,2586.8022521000003,4703.276822,235.1638411,274.3578146166667,235.1638411,247.54088536842104,1.0,3.0,11.0,19.0,S0_baseline
80064.0,428.4615772,1928.0770974,5141.5389264000005,6426.923658000001,428.4615772,482.0192743500001,428.4615772,428.4615772,1.0,4.0,12.0,15.0,S0_baseline
80151.0,497.7208407,4230.62714595,6470.3709291,6968.0917698,497.7208407,604.3753065642858,539.197577425,536.0070592153846,1.0,7.0,12.0,13.0,S0_baseline
80268.0,296.0888968,1036.3111388,3849.1556584,4737.4223488,296.0888968,345.43704626666664,296.0888968,296.0888968,1.0,3.0,13.0,16.0,S0_baseline
80278.0,678.0244392,1356.0488784,3729.1344156,3390.122196,678.0244392,339.0122196,372.91344156,339.0122196,1.0,4.0,10.0,10.0,S0_baseline
80312.0,52.32592034,104.65184068,627.91104408,523.2592034,52.32592034,52.32592034,52.32592034,52.32592034,1.0,2.0,12.0,10.0,S0_baseline
80373.0,772.9506981,3478.27814145,10048.3590753,10821.3097734,772.9506981,869.5695353624999,772.9506981,772.9506981000001,1.0,4.0,13.0,14.0,S0_baseline
80396.0,560.8045898,1121.6091796,5047.2413082,6729.6550776,560.8045898,560.8045898,560.8045898,560.8045898,1.0,2.0,9.0,12.0,S0_baseline
80517.0,10609.523,100790.4685,148533.322,180361.891,10609.523,14398.638357142856,11425.640153846152,11272.618187499998,1.0,7.0,13.0,16.0,S0_baseline
80543.0,131.0423487,1375.94466135,1703.5505331,2227.7199279,131.0423487,137.594466135,131.0423487,131.0423487,1.0,10.0,13.0,17.0,S0_baseline
80549.0,582.9959023,5538.46107185,7578.9467299,9910.9303391,582.9959023,615.3845635388889,582.9959023,619.43314619375,1.0,9.0,13.0,16.0,S0_baseline
80565.0,805.995727,4231.47756675,5641.970089,6447.965816,805.995727,470.1641740833333,433.99769915384616,429.8643877333333,1.0,9.0,13.0,15.0,S0_baseline
80579.0,397.3844562,3775.1523339,4768.6134744,6358.1512992,397.3844562,419.4613704333333,397.3844562,423.87675328,1.0,9.0,12.0,15.0,S0_baseline
80597.0,506.3552372,3291.3090418,5569.9076092,7595.328557999999,506.3552372,548.5515069666666,556.99076092,542.5234684285714,1.0,6.0,10.0,14.0,S0_baseline
80608.0,2152.518778,8071.945417500001,13991.372057,16143.890835,2152.518778,1153.1350596428572,1076.259389,1153.1350596428572,1.0,7.0,13.0,14.0,S0_baseline
80654.0,328.0267009,3116.25365855,3936.3204108,4920.4005135,328.0267009,346.2504065055556,328.0267009,351.45717953571426,1.0,9.0,12.0,14.0,S0_baseline
80878.0,435.5275034,3484.2200272,4790.8025374,7403.9675578,435.5275034,435.5275034,435.5275034,435.5275034,1.0,8.0,11.0,17.0,S0_baseline
80902.0,689.5383626,6550.614444700001,6895.383626000001,9653.5370764,689.5383626,727.8460494111112,689.5383626,689.5383626,1.0,9.0,10.0,14.0,S0_baseline
80904.0,398.8622747,3789.19160965,3988.622747,5584.0718458,398.8622747,421.0212899611111,398.8622747,398.8622747,1.0,9.0,10.0,14.0,S0_baseline
80944.0,410.333467,3487.8344695,4513.668137,5744.668538,410.333467,435.9793086875,410.333467,410.333467,1.0,8.0,11.0,14.0,S0_baseline
80983.0,565.1098644,1130.2197288,2542.9943898,3390.6591864,282.5549322,376.7399096,282.5549322,282.5549322,2.0,3.0,9.0,12.0,S0_baseline
81032.0,2503.236329,22529.126961,32542.072277,42555.017593,2503.236329,2503.236329,2503.236329,2503.236329,1.0,9.0,13.0,17.0,S0_baseline
81062.0,1482.383838,4447.151514,11859.070704,17788.606056,1482.383838,1482.383838,1482.383838,1617.146005090909,1.0,3.0,8.0,11.0,S0_baseline
81115.0,0.0,1567.5018669,1741.668741,3222.08717085,0.0,195.9377333625,193.518749,201.380448178125,0.0,8.0,9.0,16.0,S0_baseline
81125.0,59.7136957,447.85271775,597.136957,895.7054355,59.7136957,63.97895967857143,59.7136957,59.7136957,1.0,7.0,10.0,15.0,S0_baseline
81176.0,865.9448508,6494.586381,8659.448508000001,12989.172762,865.9448508,1082.4310635,865.9448508000002,927.7980544285714,1.0,6.0,10.0,14.0,S0_baseline
81192.0,2373.528954,20174.996109,21361.760586,33229.405356,2373.528954,3362.4993515,2373.528954,2373.528954,1.0,6.0,9.0,14.0,S0_baseline
81205.0,2192.230182,9316.9782735,9865.035819,16441.726365,1096.115091,1552.8297122499998,1096.115091,1174.4090260714286,2.0,6.0,9.0,14.0,S0_baseline
81339.0,159.2678684,318.5357368,955.6072104,1592.678684,159.2678684,159.2678684,159.2678684,159.2678684,1.0,2.0,6.0,10.0,S0_baseline
81391.0,81.3243323,121.98649845,284.63516305,508.277076875,40.66216615,40.66216615,40.66216615,42.35642307291666,2.0,3.0,7.0,12.0,S0_baseline
81396.0,27.81199992,55.62399984,139.0599996,250.30799928,27.81199992,27.81199992,27.81199992,27.81199992,1.0,2.0,5.0,9.0,S0_baseline
81512.0,275.4615521,826.3846563,2203.6924168,2754.615521,275.4615521,275.4615521,275.4615521,275.4615521,1.0,3.0,8.0,10.0,S0_baseline
81518.0,137.88872,275.77744,689.4436000000001,965.22104,137.88872,137.88872,137.88872,137.88872,1.0,2.0,5.0,7.0,S0_baseline
81554.0,0.0,297.6419322,1041.7467627,1488.209661,0.0,148.8209661,148.8209661,148.8209661,0.0,2.0,7.0,10.0,S0_baseline
81658.0,0.0,481.3988595,641.865146,1524.42972175,0.0,240.69942975,160.4662865,169.38108019444445,0.0,2.0,4.0,9.0,S0_baseline
81676.0,0.0,521.2501036,781.8751554,1954.6878885,0.0,260.6250518,260.6250518,279.2411269285714,0.0,2.0,3.0,7.0,S0_baseline
81708.0,0.0,252.878657,505.757314,821.85563525,0.0,126.4393285,126.4393285,136.97593920833333,0.0,2.0,4.0,6.0,S0_baseline
81718.0,0.0,366.2493732,488.3324976,793.5403086,0.0,183.1246866,122.0831244,132.2567181,0.0,2.0,4.0,6.0,S0_baseline
81748.0,0.0,1603.8518894,2405.7778341,5212.51864055,0.0,801.9259447,801.9259447,868.7531067583333,0.0,2.0,3.0,6.0,S0_baseline
81754.0,0.0,3348.578622,3348.578622,7255.253681,0.0,1674.289311,1116.192874,1209.2089468333334,0.0,2.0,3.0,6.0,S0_baseline
81756.0,0.0,2694.216696,4041.325044,8756.204262,0.0,1347.108348,1347.108348,1459.3673769999998,0.0,2.0,3.0,6.0,S0_baseline
81765.0,0.0,2120.6839884,2120.6839884,3887.9206454,0.0,1060.3419942,706.8946628,777.58412908,0.0,2.0,3.0,5.0,S0_baseline
81806.0,0.0,3538.42836,3538.42836,7666.59478,0.0,1179.47612,1179.47612,1277.7657966666668,0.0,3.0,3.0,6.0,S0_baseline
81811.0,0.0,1484.9948916,1484.9948916,3217.4889318,0.0,494.9982972,494.9982972,536.2481553,0.0,3.0,3.0,6.0,S0_baseline
81826.0,585.8696504,2050.5437764,5272.8268536,7616.305455199999,585.8696504,683.5145921333333,585.8696504,585.8696504,1.0,3.0,9.0,13.0,S0_baseline
81855.0,1058.3661804,4233.4647216,4498.0562667,5291.830902000001,529.1830902,604.7806745142858,642.5794666714286,529.1830902,2.0,7.0,7.0,10.0,S0_baseline
81884.0,249.0288366,1494.1730196,1867.7162745,1743.2018562,249.0288366,298.83460392,266.81661064285714,290.53364270000003,1.0,5.0,7.0,6.0,S0_baseline
81888.0,74.71816758,448.30900548,560.38625685,597.74534064,74.71816758,89.661801096,80.05517955,99.62422344,1.0,5.0,7.0,6.0,S0_baseline
81939.0,26.36849283,145.026710565,197.763696225,158.21095698,26.36849283,29.005342113,28.251956603571426,26.36849283,1.0,5.0,7.0,6.0,S0_baseline
81985.0,34.27271305,102.81813915,205.6362783,205.6362783,34.27271305,34.27271305,34.27271305,34.27271305,1.0,3.0,6.0,6.0,S0_baseline
81988.0,34.8174214,104.4522642,208.9045284,243.7219498,34.8174214,34.8174214,34.8174214,40.620324966666665,1.0,3.0,6.0,6.0,S0_baseline
82009.0,84.7787901,254.3363703,423.8939505,423.8939505,84.7787901,84.7787901,84.7787901,84.7787901,1.0,3.0,5.0,5.0,S0_baseline
82013.0,190.921994,763.687976,1431.9149550000002,1145.531964,190.921994,190.921994,204.55927928571435,190.921994,1.0,4.0,7.0,6.0,S0_baseline
82019.0,56.22682226,112.45364452,210.850583475,196.79387791,56.22682226,28.11341113,30.121511925,32.79897965166666,1.0,4.0,7.0,6.0,S0_baseline
82024.0,215.360581,646.081743,1292.163486,1292.163486,215.360581,215.360581,215.360581,215.360581,1.0,3.0,6.0,6.0,S0_baseline
82029.0,85.92258368,257.76775104,601.45808576,515.53550208,85.92258368,85.92258368,85.92258368,85.92258368,1.0,3.0,7.0,6.0,S0_baseline
82033.0,111.6233763,334.8701289,558.1168815,558.1168815,111.6233763,111.6233763,111.6233763,111.6233763,1.0,3.0,5.0,5.0,S0_baseline
82043.0,189.016778,567.050334,1606.642613,1323.117446,189.016778,189.016778,229.52037328571427,220.5195743333333,1.0,3.0,7.0,6.0,S0_baseline
82049.0,130.5642644,391.6927932,848.6677186000001,783.3855864000001,130.5642644,130.5642644,141.44461976666668,130.5642644,1.0,3.0,6.0,6.0,S0_baseline
82055.0,126.2442259,504.9769036,1136.1980331,1009.9538072,126.2442259,126.2442259,126.2442259,144.27911531428572,1.0,4.0,9.0,7.0,S0_baseline
82059.0,59.2866924,177.8600772,355.7201544,355.7201544,59.2866924,59.2866924,59.2866924,59.2866924,1.0,3.0,6.0,6.0,S0_baseline
82065.0,39.66723346,119.00170038,277.67063422,198.3361673,39.66723346,39.66723346,39.66723346,39.66723346,1.0,3.0,7.0,5.0,S0_baseline
82104.0,34.78384344,208.70306064,278.27074752,382.62227784,34.78384344,41.740612128,39.75296393142857,42.51358642666666,1.0,5.0,7.0,9.0,S0_baseline
82120.0,39.9851615,239.910969,319.881292,439.8367765,39.9851615,47.98219379999999,45.69732742857143,48.87075294444444,1.0,5.0,7.0,9.0,S0_baseline
82206.0,32.07627675,256.610214,224.53393725,288.68649075,32.07627675,36.658602,32.07627675,32.07627675,1.0,7.0,7.0,9.0,S0_baseline
82211.0,45.43982214,318.07875498,318.07875498,454.3982214,45.43982214,45.43982214,45.43982214,50.48869126666666,1.0,7.0,7.0,9.0,S0_baseline
82212.0,53.93268766,323.59612596,377.52881362,539.3268766,53.93268766,53.93268766,53.93268766,59.92520851111111,1.0,6.0,7.0,9.0,S0_baseline
82214.0,203.7816194,1834.0345746,1630.2529552,2037.816194,203.7816194,262.00493922857146,232.8932793142857,203.7816194,1.0,7.0,7.0,10.0,S0_baseline
82227.0,0.0,122.74548875,171.84368425000002,220.94187975,0.0,24.54909775,24.549097750000005,24.54909775,0.0,5.0,7.0,9.0,S0_baseline
82235.0,0.0,1176.0450534,914.7017082,1045.3733808,0.0,147.005631675,152.4502847,130.6716726,0.0,8.0,6.0,8.0,S0_baseline
82245.0,0.0,134.9688825,161.962659,269.937765,0.0,26.993776500000003,26.9937765,29.993085,0.0,5.0,6.0,9.0,S0_baseline
82250.0,0.0,206.48929847,206.48929847,265.48624089000003,0.0,34.41488307833334,34.41488307833334,33.185780111250004,0.0,6.0,6.0,8.0,S0_baseline
82264.0,0.0,633.05013568,553.9188687200001,791.3126696,0.0,105.50835594666668,79.13126696000002,87.92362995555555,0.0,6.0,7.0,9.0,S0_baseline
82277.0,0.0,3711.32027,4241.50888,5301.886100000001,0.0,618.5533783333334,605.92984,589.0984555555556,0.0,6.0,7.0,9.0,S0_baseline
82389.0,88.64762667,620.5333866899999,797.82864003,1418.36202672,88.64762667,103.422231115,99.72858000375,118.19683556,1.0,6.0,8.0,12.0,S0_baseline
82423.0,0.0,123.60945852,216.31655241,216.31655241,0.0,30.90236463,30.90236463,30.90236463,0.0,4.0,7.0,7.0,S0_baseline
82503.0,99.54812919,497.74064595,597.28877514,846.159098115,99.54812919,99.54812919,99.54812919,105.769887264375,1.0,5.0,6.0,8.0,S0_baseline
82518.0,0.0,5683.4808834,4736.2340695,7577.9745112,0.0,1136.69617668,1184.058517375,947.2468139,0.0,5.0,4.0,8.0,S0_baseline
82540.0,136.20048082,544.80192328,817.20288492,749.10264451,68.10024041,77.82884618285713,102.150360615,83.23362716777778,2.0,7.0,8.0,9.0,S0_baseline
82543.0,656.5034936,2626.0139744,3939.0209616,3610.7692148,328.2517468,375.14485348571424,492.3776202,451.34615185,2.0,7.0,8.0,8.0,S0_baseline
82559.0,69.95224466,279.80897864,489.66571262,559.61795728,69.95224466,69.95224466,69.95224466,69.95224466,1.0,4.0,7.0,8.0,S0_baseline
82594.0,803.0203186,1204.5304779,4818.1219116,5219.6320709,401.5101593,401.5101593,535.3468790666667,521.96320709,2.0,3.0,9.0,10.0,S0_baseline
82597.0,1342.8828698,1342.8828698,6714.414349,6042.9729141,671.4414349,671.4414349,671.4414349,671.4414349,2.0,2.0,10.0,9.0,S0_baseline
82599.0,357.1728942,357.1728942,1785.864471,1607.2780239,178.5864471,178.5864471,178.5864471,178.5864471,2.0,2.0,10.0,9.0,S0_baseline
82603.0,644.096218,966.144327,3220.48109,3542.529199,322.048109,322.048109,322.048109,322.048109,2.0,3.0,10.0,11.0,S0_baseline
82605.0,0.0,1410.2582046,6346.1619207,6346.1619207,0.0,705.1291023,705.1291023,705.1291023,0.0,2.0,9.0,9.0,S0_baseline
82612.0,605.7761742,908.6642613,3331.7689581,3331.7689581,302.8880871,302.8880871,416.4711197625,370.1965509,2.0,3.0,8.0,9.0,S0_baseline
82614.0,460.5665028,690.8497542,2763.3990168,3223.9655196000003,230.2832514,230.2832514,307.0443352,293.08777450909093,2.0,3.0,9.0,11.0,S0_baseline
82617.0,685.1998848,1370.3997696,3768.5993664,4796.399193599999,342.5999424,342.5999424,471.0749208,436.03629032727264,2.0,4.0,8.0,11.0,S0_baseline
82619.0,1807.5655154,2711.3482731000004,6326.479303900001,8134.0448193,903.7827577,903.7827577000002,903.7827577,903.7827577,2.0,3.0,7.0,9.0,S0_baseline
82624.0,426.8277062,426.8277062,1493.8969717,1920.7246779,213.4138531,213.4138531,213.4138531,213.4138531,2.0,2.0,7.0,9.0,S0_baseline
82626.0,537.7389428,537.7389428,2419.8252426,2688.694714,268.8694714,268.8694714,268.8694714,268.8694714,2.0,2.0,9.0,10.0,S0_baseline
82634.0,1919.6065248,2879.4097872,9598.032624,10557.8358864,959.8032624,959.8032624,1371.1475177142856,1173.0928762666667,2.0,3.0,7.0,9.0,S0_baseline
82638.0,1013.5446662,1520.3169993,5067.723331,6588.0403303,506.7723331,506.7723331,723.9604758571429,658.80403303,2.0,3.0,7.0,10.0,S0_baseline
82641.0,1492.214855,2238.3222825,8207.1817025,9699.3965575,746.1074275,746.1074275,1025.8977128125,969.93965575,2.0,3.0,8.0,10.0,S0_baseline
82643.0,637.954524,637.954524,2551.818096,2870.795358,318.977262,318.977262,318.977262,318.977262,2.0,2.0,8.0,9.0,S0_baseline
82645.0,1174.0692856,1174.0692856,5870.346428000001,6457.3810708,587.0346428,587.0346428,587.0346428,587.0346428,2.0,2.0,10.0,11.0,S0_baseline
82647.0,569.9079666,569.9079666,2279.6318664,2564.5858497,284.9539833,284.9539833,284.9539833,284.9539833,2.0,2.0,8.0,9.0,S0_baseline
82668.0,0.0,3418.373157,15952.408066,17091.865785,0.0,1139.457719,1450.2189150909091,1220.8475560714287,0.0,3.0,11.0,14.0,S0_baseline
82671.0,0.0,1463.0457868,8778.2747208,9509.7976142,0.0,731.5228934,975.3638578666666,792.4831345166667,0.0,2.0,9.0,12.0,S0_baseline
82674.0,1426.694796,5706.779184,22827.116736,24253.811532,1426.694796,1426.694796,1755.932056615385,1616.9207688,1.0,4.0,13.0,15.0,S0_baseline
82683.0,872.2890042,1744.5780084,6978.3120336,7414.4565357,436.1445021,436.1445021,581.5260028,494.29710238,2.0,4.0,12.0,15.0,S0_baseline
82696.0,0.0,0.0,3520.3828847,4800.5221155,0.0,0.0,440.0478605875,342.89443682142854,0.0,0.0,8.0,14.0,S0_baseline
82704.0,0.0,1322.683911,15872.206932,22485.626487,0.0,1322.683911,1322.683911,1322.683911,0.0,1.0,12.0,17.0,S0_baseline
82709.0,1417.583675,0.0,17011.004100000002,28351.6735,1417.583675,0.0,1890.111566666667,1575.0929722222222,1.0,0.0,9.0,18.0,S0_baseline
82714.0,0.0,0.0,2419.4209023,4301.1927152,0.0,0.0,268.8245447,268.8245447,0.0,0.0,9.0,16.0,S0_baseline
82724.0,0.0,0.0,2368.896432,4441.68081,0.0,0.0,296.112054,296.112054,0.0,0.0,8.0,15.0,S0_baseline
82725.0,0.0,0.0,1887.1441296,4010.1812754,0.0,0.0,235.8930162,235.8930162,0.0,0.0,8.0,17.0,S0_baseline
82727.0,0.0,0.0,8989.2836199,17978.5672398,0.0,0.0,1123.6604524875,998.8092911,0.0,0.0,8.0,18.0,S0_baseline
82735.0,0.0,0.0,3002.0856468,4753.3022741,0.0,0.0,375.26070585,279.6060161235294,0.0,0.0,8.0,17.0,S0_baseline
82736.0,0.0,0.0,2467.9547248,5244.4037902,0.0,0.0,308.4943406,308.4943406,0.0,0.0,8.0,17.0,S0_baseline
82738.0,0.0,0.0,2115.9710432,5138.7868192,0.0,0.0,302.28157760000005,302.2815776,0.0,0.0,7.0,17.0,S0_baseline
82739.0,664.9013435,0.0,3989.408061,11968.224183,664.9013435,0.0,664.9013435,664.9013435,1.0,0.0,6.0,18.0,S0_baseline
82740.0,0.0,0.0,4983.9486403,12815.8679322,0.0,0.0,711.9926629,711.9926629,0.0,0.0,7.0,18.0,S0_baseline
82749.0,0.0,0.0,5062.3080151,13740.5503267,0.0,0.0,723.1868593,723.1868593,0.0,0.0,7.0,19.0,S0_baseline
82752.0,0.0,652.0307788,2934.1385046,6520.307788,0.0,326.0153894,366.767313075,326.0153894,0.0,2.0,8.0,20.0,S0_baseline
82753.0,0.0,3290.160646,16450.803229999998,32901.606459999995,0.0,1645.080323,1827.8670255555555,1645.0803229999997,0.0,2.0,9.0,20.0,S0_baseline
82756.0,0.0,875.0118786,7875.106907400001,16625.2256934,0.0,875.0118786,984.388363425,875.0118785999999,0.0,1.0,8.0,19.0,S0_baseline
82757.0,0.0,0.0,4540.276108,10215.621243,0.0,0.0,567.5345135,567.5345135,0.0,0.0,8.0,18.0,S0_baseline
82760.0,0.0,557.2372851,2228.9491404,3900.6609957,0.0,185.7457617,202.63174003636365,185.7457617,0.0,3.0,11.0,21.0,S0_baseline
82761.0,0.0,728.9372408,2915.7489632,6560.4351672,0.0,364.4686204,364.4686204,364.4686204,0.0,2.0,8.0,18.0,S0_baseline
82766.0,0.0,2138.783573,5560.8372898,6416.350719,0.0,427.7567146,505.5306627090909,427.7567146,0.0,5.0,11.0,15.0,S0_baseline
82771.0,0.0,0.0,8077.607467999999,19617.046708,0.0,0.0,1153.943924,1153.943924,0.0,0.0,7.0,17.0,S0_baseline
82775.0,0.0,0.0,2677.9481,4016.92215,0.0,0.0,297.5497888888888,267.79481,0.0,0.0,9.0,15.0,S0_baseline
82784.0,0.0,0.0,6548.5917424,15552.9053882,0.0,0.0,818.5739678,818.5739678,0.0,0.0,8.0,19.0,S0_baseline
82789.0,0.0,0.0,2807.7645015000003,4679.6075025,0.0,0.0,311.9738335,311.9738335,0.0,0.0,9.0,15.0,S0_baseline
82892.0,81.99647567,204.991189175,245.98942701,327.98590268,81.99647567,102.4955945875,81.99647567,81.99647567,1.0,2.0,3.0,4.0,S0_baseline
82953.0,398.2831153,995.70778825,1194.8493459,2190.55713415,398.2831153,497.853894125,398.2831153,438.11142683,1.0,2.0,3.0,5.0,S0_baseline
82992.0,249.4587604,623.646901,748.3762812,997.8350416,249.4587604,311.8234505,249.4587604,249.4587604,1.0,2.0,3.0,4.0,S0_baseline
83003.0,233.4717689,583.67942225,700.4153067,933.8870756,233.4717689,291.839711125,233.4717689,233.4717689,1.0,2.0,3.0,4.0,S0_baseline
83053.0,597.083164,1044.895537,895.624746,1194.166328,298.541582,348.2985123333333,298.541582,298.541582,2.0,3.0,3.0,4.0,S0_baseline
83062.0,2086.704756,3651.733323,3130.057134,4173.409512,1043.352378,1217.244441,1043.352378,1043.352378,2.0,3.0,3.0,4.0,S0_baseline
83094.0,3140.491394,5495.8599395,4710.737091,6280.982788,1570.245697,1831.9533131666667,1570.245697,1570.245697,2.0,3.0,3.0,4.0,S0_baseline
83305.0,83.32808408,208.3202102,249.98425224,458.30446244,83.32808408,104.1601051,83.32808408,91.660892488,1.0,2.0,3.0,5.0,S0_baseline
83309.0,3788.33572,6629.58751,5682.5035800000005,11365.00716,1894.16786,2209.8625033333333,1894.16786,1894.16786,2.0,3.0,3.0,6.0,S0_baseline
83335.0,2248.2217,3934.387975,3372.33255,5620.55425,1124.11085,1311.4626583333334,1124.11085,1124.11085,2.0,3.0,3.0,5.0,S0_baseline
83342.0,2300.136074,4025.2381295,3450.204111,5750.340185,1150.068037,1341.7460431666666,1150.068037,1150.068037,2.0,3.0,3.0,5.0,S0_baseline
83350.0,1038.9433672,2337.6225762,1558.4150508,3116.8301016,519.4716836,779.2075254,519.4716836,519.4716836,2.0,3.0,3.0,6.0,S0_baseline
83377.0,3040.545632,5320.954856,6841.227672,9121.636896,1520.272816,1773.6516186666668,1710.306918,1520.272816,2.0,3.0,4.0,6.0,S0_baseline
83418.0,685.0036981,2397.51294335,2055.0110943,3425.0184905,685.0036981,799.1709811166666,685.0036981,685.0036981,1.0,3.0,3.0,5.0,S0_baseline
83483.0,1296.9463926,2269.65618705,3890.839177800001,4215.07577595,648.4731963,756.55206235,778.1678355600001,702.512629325,2.0,3.0,5.0,6.0,S0_baseline
83485.0,863.1490372,1942.0853337,1726.2980744,2589.4471116,431.5745186,647.3617779,431.5745186,431.5745186,2.0,3.0,4.0,6.0,S0_baseline
83556.0,1001.41777,4506.379965,4005.67108,6008.50662,1001.41777,1502.126655,1001.41777,1001.41777,1.0,3.0,4.0,6.0,S0_baseline
83560.0,923.722312,1616.514046,2540.236358,2771.166936,461.861156,538.8380153333334,635.0590895,461.861156,2.0,3.0,4.0,6.0,S0_baseline
83582.0,428.4682961,2142.3414805,1713.8731844,2570.8097766,428.4682961,714.1138268333334,428.4682961,428.4682961,1.0,3.0,4.0,6.0,S0_baseline
83620.0,1468.982852,5875.931408,5875.931408,10282.879964,1468.982852,1958.6438026666667,1468.982852,1468.982852,1.0,3.0,4.0,7.0,S0_baseline
83657.0,203.6258262,509.0645655,610.8774786,1018.129131,203.6258262,254.53228275,203.6258262,203.6258262,1.0,2.0,3.0,5.0,S0_baseline
83690.0,485.6202333,1942.4809332,1942.4809332,3399.3416331,485.6202333,647.4936444,485.6202333,485.6202333,1.0,3.0,4.0,7.0,S0_baseline
83691.0,1592.571823,7962.859115,6370.287292,11148.002761,1592.571823,2654.2863716666666,1592.571823,1592.571823,1.0,3.0,4.0,7.0,S0_baseline
83711.0,571.096006,2284.384024,2284.384024,3997.672042,571.096006,761.4613413333333,571.096006,571.096006,1.0,3.0,4.0,7.0,S0_baseline
83722.0,872.7064499,3490.8257996,3490.8257996,6108.945149300001,872.7064499,1163.6085998666667,872.7064499,872.7064499,1.0,3.0,4.0,7.0,S0_baseline
83736.0,2487.494058,9949.976232,9949.976232,17412.458406,2487.494058,3316.6587440000003,2487.494058,2487.494058,1.0,3.0,4.0,7.0,S0_baseline
83749.0,1851.662044,7406.648176,7406.648176,12961.634308,1851.662044,2468.8827253333334,1851.662044,1851.662044,1.0,3.0,4.0,7.0,S0_baseline
83758.0,262.5626434,1050.2505736,1050.2505736,1837.9385038,262.5626434,350.08352453333333,262.5626434,262.5626434,1.0,3.0,4.0,7.0,S0_baseline
83789.0,388.0008408,1358.0029428,1164.0025224,1940.004204,388.0008408,452.6676476,388.0008408000001,388.0008408,1.0,3.0,3.0,5.0,S0_baseline
83812.0,918.9553136,3675.8212544,3675.8212544,6432.6871952,918.9553136,1225.273751466667,918.9553136,918.9553136,1.0,3.0,4.0,7.0,S0_baseline
83820.0,895.7383604,3582.9534416,3582.9534416,6270.168522800001,895.7383604,1194.3178138666667,895.7383604,895.7383604,1.0,3.0,4.0,7.0,S0_baseline
83836.0,180.1590194,1080.9541164,720.6360776,1261.1131358,180.1590194,360.3180388,180.1590194,180.1590194,1.0,3.0,4.0,7.0,S0_baseline
83876.0,2323.265623,8131.429680499999,6969.796869,11616.328114999998,2323.265623,2710.4765601666663,2323.265623,2323.265623,1.0,3.0,3.0,5.0,S0_baseline
83882.0,2452.932623,14717.595738,9811.730492,19623.460984,2452.932623,4905.865246,2452.932623,2452.932623,1.0,3.0,4.0,8.0,S0_baseline
83885.0,1965.337363,6878.6807705,5896.012089,9826.686815,1965.337363,2292.893590166667,1965.337363,1965.337363,1.0,3.0,3.0,5.0,S0_baseline
83917.0,1808.919809,6331.2193315,7235.679236,12662.438663,1808.919809,2110.406443833333,1808.919809,1808.919809,1.0,3.0,4.0,7.0,S0_baseline
83935.0,249.1593397,872.05768895,996.6373588,1744.1153779,249.1593397,290.6858963166667,249.1593397,249.1593397,1.0,3.0,4.0,7.0,S0_baseline
83942.0,78.45110191,353.02995859500004,313.80440764,549.15771337,78.45110191,117.676652865,78.45110191,78.45110191,1.0,3.0,4.0,7.0,S0_baseline
83952.0,2061.801825,9278.1082125,8247.2073,14432.612775,2061.801825,3092.7027375,2061.801825,2061.801825,1.0,3.0,4.0,7.0,S0_baseline
83957.0,2115.449701,9519.5236545,8461.798804,16923.597608,2115.449701,3173.1745515,2115.449701,2115.449701,1.0,3.0,4.0,8.0,S0_baseline
84070.0,1063.679667,3722.8788345,4254.718668,8509.437336,1063.679667,1240.9596115000002,1063.679667,1063.679667,1.0,3.0,4.0,8.0,S0_baseline
84125.0,93.53096381,187.06192762,374.12385524,654.71674667,93.53096381,93.53096381,93.53096381,93.53096381,1.0,2.0,4.0,7.0,S0_baseline
84210.0,123.874838,557.436771,805.186447,1114.873542,123.874838,139.35919275,134.19774116666667,139.35919275,1.0,4.0,6.0,8.0,S0_baseline
84247.0,73.35868217,550.1901162749999,476.831434105,586.86945736,73.35868217,110.03802325499998,79.47190568416666,83.83849390857142,1.0,5.0,6.0,7.0,S0_baseline
84272.0,25.52701436,89.34455026,165.92559333999998,204.21611488,25.52701436,29.78151675333333,27.65426555666666,29.17373069714285,1.0,3.0,6.0,7.0,S0_baseline
84343.0,180.7672242,542.3016726,903.836121,1446.1377936,180.7672242,180.7672242,180.7672242,206.5911133714285,1.0,3.0,5.0,7.0,S0_baseline
84377.0,57.88916201,260.501229045,289.44581005,521.00245809,57.88916201,86.833743015,57.88916200999999,65.12530726125,1.0,3.0,5.0,8.0,S0_baseline
84405.0,181.324666,906.62333,1178.610329,1813.24666,181.324666,181.324666,196.4350548333333,226.6558325,1.0,5.0,6.0,8.0,S0_baseline
84411.0,95.56162196,477.8081098,621.15054274,812.2737866599999,95.56162196,95.56162196,103.52509045666666,101.5342233325,1.0,5.0,6.0,8.0,S0_baseline
84508.0,73.48519436,220.45558308,477.65376334,624.6241520599999,73.48519436,73.48519436,79.60896055666666,78.07801900749999,1.0,3.0,6.0,8.0,S0_baseline
84567.0,70.86242423,283.44969692,460.605757495,673.193030185,70.86242423,70.86242423,76.76762624916667,74.79922557611111,1.0,4.0,6.0,9.0,S0_baseline
84609.0,187.5102707,750.0410828,1218.81675955,1593.83730095,187.5102707,187.5102707,203.13612659166665,199.22966261875,1.0,4.0,6.0,8.0,S0_baseline
84620.0,80.57617153,241.72851459,523.745114945,846.049801065,80.57617153,80.57617153,87.29085249083333,84.6049801065,1.0,3.0,6.0,10.0,S0_baseline
84629.0,102.4429522,307.3288566,665.8791893,973.2080459,102.4429522,102.4429522,110.97986488333332,108.13422732222222,1.0,3.0,6.0,9.0,S0_baseline
84632.0,126.1295141,378.3885423,819.84184165,1072.10086985,126.1295141,126.1295141,136.6403069416667,134.01260873125,1.0,3.0,6.0,8.0,S0_baseline
84653.0,69.87258055,279.4903222,454.171773575,733.6620957749999,69.87258055,93.16344073333332,75.69529559583333,73.36620957749999,1.0,3.0,6.0,10.0,S0_baseline
84672.0,250.9052706,1003.6210824,1630.8842589,2383.6000707,250.9052706,250.9052706,271.81404315000003,264.8444523,1.0,4.0,6.0,9.0,S0_baseline
84675.0,170.2268511,680.9074044,1106.47453215,1446.92823435,170.2268511,170.2268511,184.412422025,180.86602929375,1.0,4.0,6.0,8.0,S0_baseline
84740.0,199.8231428,599.4694284,1298.8504282,1898.3198566,199.8231428,199.8231428,216.47507136666664,210.9244285111112,1.0,3.0,6.0,9.0,S0_baseline
84755.0,569.6398474,2848.199237,3702.6590081,5411.5785503,569.6398474,569.6398474,617.1098346833334,601.2865055888889,1.0,5.0,6.0,9.0,S0_baseline
84778.0,71.94437313,215.83311939,467.638425345,755.415917865,71.94437313,71.94437313,77.93973755750001,75.54159178649999,1.0,3.0,6.0,10.0,S0_baseline
84901.0,219.944868,659.834604,1209.696774,2089.476246,219.944868,219.944868,241.9393548,232.16402733333337,1.0,3.0,5.0,9.0,S0_baseline
84905.0,525.5860098,1576.7580294000002,2890.7230539,4993.0670931,525.5860098,525.5860098,578.14461078,554.7852325666668,1.0,3.0,5.0,9.0,S0_baseline
85100.0,128.5919884,450.0719594,514.3679536,1157.3278956,128.5919884,150.02398646666666,128.5919884,128.5919884,1.0,3.0,4.0,9.0,S0_baseline
85101.0,393.2953462,1376.5337117,1573.1813848,3539.6581158,393.2953462,458.8445705666666,393.2953462,393.2953462,1.0,3.0,4.0,9.0,S0_baseline
85130.0,261.8503317,523.7006634,1047.4013268,2356.6529853,261.8503317,261.8503317,261.8503317,261.8503317,1.0,2.0,4.0,9.0,S0_baseline
85164.0,0.0,681.3178008,1362.6356016,3406.589004,0.0,340.6589004,340.6589004,340.6589004,0.0,2.0,4.0,10.0,S0_baseline
85170.0,304.6209792,1066.1734272,1218.4839168,2436.9678336,304.6209792,355.39114240000004,304.6209792,304.6209792,1.0,3.0,4.0,8.0,S0_baseline
85176.0,0.0,1243.08429035,1420.6677604,2841.3355208,0.0,414.36143011666667,355.1669401,355.1669401,0.0,3.0,4.0,8.0,S0_baseline
85191.0,0.0,256.8011802,513.6023604,1284.005901,0.0,128.4005901,128.4005901,128.4005901,0.0,2.0,4.0,10.0,S0_baseline
85205.0,0.0,628.851398,1257.702796,3144.25699,0.0,314.425699,314.425699,314.425699,0.0,2.0,4.0,10.0,S0_baseline
85212.0,0.0,583.1533948,1166.3067896,2915.766974,0.0,291.5766974,291.5766974,291.5766974,0.0,2.0,4.0,10.0,S0_baseline
85220.0,13.21077103,46.237698605,112.291553755,105.68616824,13.21077103,15.412566201666666,14.036444219375,15.098024034285714,1.0,3.0,8.0,7.0,S0_baseline
85230.0,22.31627866,78.10697531,189.68836861,234.32092593,22.31627866,26.035658436666665,23.71104607625,33.47441799,1.0,3.0,8.0,7.0,S0_baseline
85239.0,14.74375064,51.60312724,95.83437916,117.95000512,14.74375064,17.201042413333333,15.972396526666666,16.850000731428572,1.0,3.0,6.0,7.0,S0_baseline
85271.0,13.96529068,55.86116272,104.7396801,111.72232544,13.96529068,18.62038757333333,14.962811442857143,15.960332205714286,1.0,3.0,7.0,7.0,S0_baseline
85294.0,13.04254935,52.1701974,97.819120125,104.3403948,13.04254935,17.3900658,13.974160017857145,14.905770685714286,1.0,3.0,7.0,7.0,S0_baseline
85454.0,77.01306052499999,107.818284735,169.42873315499995,292.649629995,77.01306052499999,35.939428244999995,33.885746631,36.581203749375,1.0,3.0,5.0,8.0,S0_baseline
85482.0,30.19502973,120.78011892,256.657752705,271.75526757,30.19502973,40.26003964,32.082219088125,33.96940844625,1.0,3.0,8.0,8.0,S0_baseline
85534.0,44.01300575,176.052023,550.1625718749999,396.11705175,44.01300575,58.684007666666666,61.12917465277777,49.51463146875,1.0,3.0,9.0,8.0,S0_baseline
85575.0,47.56127225,237.80636125,451.832086375,428.05145025,47.56127225,79.26878708333334,56.479010796875,53.50643128125,1.0,3.0,8.0,8.0,S0_baseline
85586.0,0.0,288.6600078,685.5675185250001,649.4850175500001,0.0,96.2200026,97.93821693214286,81.18562719375001,0.0,3.0,7.0,8.0,S0_baseline
85587.0,0.0,194.06394692,606.449834125,557.933847395,0.0,64.68798230666667,67.38331490277778,61.99264971055556,0.0,3.0,9.0,9.0,S0_baseline
85597.0,33.66975403,168.34877015,286.192909255,404.03704836,33.66975403,56.11625671666667,35.774113656875,50.504631045,1.0,3.0,8.0,8.0,S0_baseline
85625.0,0.0,266.436078,699.3947047500001,599.4811755000001,0.0,88.812026,69.93947047500001,74.93514693750001,0.0,3.0,10.0,8.0,S0_baseline
85636.0,0.0,216.2264226,454.07548746,410.83020294,0.0,72.0754742,45.407548746,51.3537753675,0.0,3.0,10.0,8.0,S0_baseline
85662.0,0.0,185.276280825,452.89757535,391.138815075,0.0,61.75876027499999,50.321952816666666,43.45986834166666,0.0,3.0,9.0,9.0,S0_baseline
85682.0,0.0,314.06400906,575.78401661,497.268014345,0.0,104.68800302,63.97600184555555,55.252001593888885,0.0,3.0,9.0,9.0,S0_baseline
85718.0,163.43662853,163.43662853,396.91752643,466.9617958,81.718314265,54.47887617666667,49.61469080375,58.370224475,2.0,3.0,8.0,8.0,S0_baseline
85722.0,0.0,324.6025596,1054.9583187,770.93107905,0.0,108.2008532,105.49583187,85.65900878333333,0.0,3.0,10.0,9.0,S0_baseline
85800.0,0.0,478.5124488,1196.281122,897.2108415,0.0,159.5041496,132.92012466666668,128.17297735714286,0.0,3.0,9.0,7.0,S0_baseline
85822.0,0.0,5878.7007300000005,12933.141606,8818.051095,0.0,1469.6751825,1293.3141606000002,1259.721585,0.0,4.0,10.0,7.0,S0_baseline
85826.0,0.0,1808.9088828,4522.272207,3391.7041552499995,0.0,602.9696276,502.4746896666667,484.52916503571424,0.0,3.0,9.0,7.0,S0_baseline
85848.0,0.0,140.45384292,298.464416205,298.464416205,0.0,46.81794764,42.63777374357143,37.308052025625,0.0,3.0,7.0,8.0,S0_baseline
85963.0,20.81811909,114.499654995,135.317774085,166.54495272,20.81811909,28.62491374875,22.5529623475,23.792136102857143,1.0,4.0,6.0,7.0,S0_baseline
86087.0,51.80083793,310.80502758,336.705446545,440.307122405,51.80083793,103.60167586,56.11757442416666,55.038390300625,1.0,3.0,6.0,8.0,S0_baseline
86104.0,88.67356558,354.69426232,576.37817627,753.72530743,88.67356558,88.67356558,96.06302937833334,94.21566342875,1.0,4.0,6.0,8.0,S0_baseline
86150.0,17.4621331,104.7727986,113.50386515,148.42813135,17.4621331,20.95455972,18.91731085833333,18.55351641875,1.0,5.0,6.0,8.0,S0_baseline
86162.0,105.5897492,316.7692476,686.3333698,897.5128682,105.5897492,105.5897492,114.38889496666668,112.189108525,1.0,3.0,6.0,8.0,S0_baseline
86163.0,70.02061504,280.08246016,455.13399776,595.1752278399999,70.02061504,93.36082005333331,75.85566629333333,74.39690347999999,1.0,3.0,6.0,8.0,S0_baseline
86176.0,68.08999876,340.4499938,442.58499194,714.94498698,68.08999876,68.08999876,73.76416532333333,79.43833188666666,1.0,5.0,6.0,9.0,S0_baseline
86214.0,258.4477957,1292.2389784999998,1679.91067205,2713.70185485,258.4477957,258.4477957,279.9851120083333,301.5224283166666,1.0,5.0,6.0,9.0,S0_baseline
86218.0,192.7137542,578.1412626,1252.6394023,1638.0669107,192.7137542,192.7137542,208.77323371666668,204.7583638375,1.0,3.0,6.0,8.0,S0_baseline
86241.0,376.3898696,1129.1696088,2446.5341524,3199.3138916,376.3898696,376.3898696,407.75569206666665,399.91423645,1.0,3.0,6.0,8.0,S0_baseline
86262.0,164.498721,822.4936049999999,1069.2416865,1562.7378494999998,164.498721,164.498721,178.20694775,173.6375388333333,1.0,5.0,6.0,9.0,S0_baseline
86264.0,100.7828623,503.91431150000005,655.08860495,856.65432955,100.7828623,100.7828623,109.18143415833332,107.08179119375,1.0,5.0,6.0,8.0,S0_baseline
86286.0,81.92262097,491.53572582,532.4970363049999,778.264899215,81.92262097,98.307145164,88.74950605083332,86.47387769055555,1.0,5.0,6.0,9.0,S0_baseline
86294.0,727.1034051,3635.5170255,4726.17213315,6907.48234845,727.1034051,727.1034051,787.6953555250001,767.4980387166667,1.0,5.0,6.0,9.0,S0_baseline
86319.0,28.29335034,84.88005102,155.61342687,268.78682823,28.29335034,28.29335034,31.122685374000003,29.865203136666665,1.0,3.0,5.0,9.0,S0_baseline
86353.0,54.56466584,163.69399752,218.25866336,518.36432548,54.56466584,54.56466584,54.56466584,57.59603616444445,1.0,3.0,4.0,9.0,S0_baseline
86356.0,46.78810609,233.94053045,257.334583495,444.487007855,46.78810609,46.78810609,51.466916699,49.38744531722222,1.0,5.0,5.0,9.0,S0_baseline
86370.0,64.86306609,194.58919827,356.746863495,551.3360617650001,64.86306609,64.86306609,71.349372699,68.91700772062501,1.0,3.0,5.0,8.0,S0_baseline
86497.0,0.0,60.891173910000006,81.18823188,192.822050715,0.0,20.29705797,20.29705797,21.424672301666668,0.0,3.0,4.0,9.0,S0_baseline
86510.0,0.0,345.4531496,561.3613681,777.2695866,0.0,115.15104986666668,93.56022801666668,86.3632874,0.0,3.0,6.0,9.0,S0_baseline
86527.0,35.2891112,70.5782224,105.8673336,155.27208928,35.2891112,23.52607413333333,15.1239048,22.18172704,1.0,3.0,7.0,7.0,S0_baseline
86551.0,21.86556036,58.30816096,109.3278018,138.48188228,21.86556036,19.43605365333333,15.6182574,17.310235285,1.0,3.0,7.0,8.0,S0_baseline
86553.0,11.39764951,39.891773285,85.482371325,85.482371325,11.39764951,13.297257761666666,12.211767332142855,12.211767332142855,1.0,3.0,7.0,7.0,S0_baseline
86586.0,14.43553437,50.524370295,115.48427496,108.266507775,14.43553437,16.841456765,19.24737916,15.46664396785714,1.0,3.0,6.0,7.0,S0_baseline
86597.0,13.940241375,46.46747125,69.701206875,106.875183875,13.940241375,15.489157083333334,9.957315267857142,13.359397984375,1.0,3.0,7.0,8.0,S0_baseline
86598.0,16.535334765,44.09422604,82.67667382500001,115.747343355,16.535334765,14.698075346666668,11.81095340357143,14.468417919375002,1.0,3.0,7.0,8.0,S0_baseline
86600.0,22.698389115,75.66129705,113.491945575,174.020983215,22.698389115,25.22043235,16.213135082142855,21.752622901875,1.0,3.0,7.0,8.0,S0_baseline
86601.0,15.640397925,41.7077278,78.201989625,109.482785475,15.640397925,13.902575933333331,11.171712803571427,13.685348184375,1.0,3.0,7.0,8.0,S0_baseline
86603.0,11.30238498,39.55834743,84.76788735,101.72146482,11.30238498,13.18611581,12.109698192857142,14.53163783142857,1.0,3.0,7.0,7.0,S0_baseline
86604.0,13.41210164,46.94235574,100.5907623,100.5907623,13.41210164,15.647451913333333,14.3701089,14.3701089,1.0,3.0,7.0,7.0,S0_baseline
86626.0,17.595326925000002,41.055762825,87.976634625,117.3021795,17.595326925000002,13.685254275,12.568090660714288,14.6627724375,1.0,3.0,7.0,8.0,S0_baseline
86633.0,24.806662215,57.88221183499999,124.033311075,165.37774809999996,24.806662215,19.294070611666665,17.719044439285714,20.672218512499995,1.0,3.0,7.0,8.0,S0_baseline
86677.0,19.458410565,45.402957985,97.292052825,129.72273710000002,19.458410565,15.134319328333332,13.898864689285714,16.215342137500002,1.0,3.0,7.0,8.0,S0_baseline
86679.0,61.432622595000005,143.342786055,368.59573557,409.55081730000006,61.432622595000005,47.780928685,52.65653365285715,51.19385216250001,1.0,3.0,7.0,8.0,S0_baseline
86691.0,23.606898045,55.082762105,141.64138827,173.11725233,23.606898045,18.360920701666668,20.234484038571427,19.23525025888889,1.0,3.0,7.0,9.0,S0_baseline
86693.0,27.97227669,65.26864561,139.86138345,186.4818446,27.97227669,21.75621520333333,19.980197635714287,23.310230575,1.0,3.0,7.0,8.0,S0_baseline
86704.0,46.989344475,109.641803775,281.93606685,313.2622965,46.989344475,36.547267925,40.276580978571424,39.1577870625,1.0,3.0,7.0,8.0,S0_baseline
86705.0,32.25219924,75.25513156,161.2609962,215.0146616,32.25219924,25.08504385333333,23.03728517142857,26.8768327,1.0,3.0,7.0,8.0,S0_baseline
86718.0,33.040294455,77.094020395,176.21490376,220.2686297,33.040294455,25.69800679833333,25.17355768,27.5335787125,1.0,3.0,7.0,8.0,S0_baseline
86739.0,88.8521052,207.3215788,444.260526,592.347368,88.8521052,69.10719293333334,63.46578942857143,74.043421,1.0,3.0,7.0,8.0,S0_baseline
86742.0,101.81112451500002,237.55929053500003,509.055622575,678.7408301,101.81112451500002,79.18643017833334,72.72223179642857,84.8426037625,1.0,3.0,7.0,8.0,S0_baseline
86757.0,132.921100425,443.07033475,753.219569075,575.991435175,132.921100425,110.7675836875,107.60279558214286,95.99857252916668,1.0,4.0,7.0,6.0,S0_baseline
86758.0,104.73472335,349.1157445,593.49676565,453.85046785,104.73472335,87.278936125,84.7852522357143,75.64174464166668,1.0,4.0,7.0,6.0,S0_baseline
86759.0,111.131694435,370.43898145,629.746268465,407.482879595,111.131694435,92.6097453625,89.96375263785714,81.496575919,1.0,4.0,7.0,5.0,S0_baseline
86830.0,824.0123410499999,3296.0493642,4944.074046299999,3570.7201445499995,824.0123410499999,824.0123410499999,706.2962923285713,714.1440289099999,1.0,4.0,7.0,5.0,S0_baseline
86831.0,413.59071225,1378.6357075,2067.9535612500003,1792.22641975,413.59071225,344.658926875,295.42193732142863,358.44528395000003,1.0,4.0,7.0,5.0,S0_baseline
86833.0,1509.7629735,5032.543245,9058.577841,7045.560543,1509.7629735,1258.13581125,1294.0825487142858,1174.2600905,1.0,4.0,7.0,6.0,S0_baseline
86843.0,460.62576120000006,1535.4192040000005,2456.6707264,1688.9611244000002,460.62576120000006,383.85480100000007,350.9529609142857,337.79222488000005,1.0,4.0,7.0,5.0,S0_baseline
86851.0,1806.8377545,6022.792514999999,9636.468024,9636.468024,1806.8377545,1505.6981287499998,1376.638289142857,1376.638289142857,1.0,4.0,7.0,7.0,S0_baseline
86864.0,3636.568017,10909.704051,19395.029424,12121.89339,3636.568017,2727.42601275,2770.7184891428574,2424.378678,1.0,4.0,7.0,5.0,S0_baseline
86874.0,791.3249058000001,3692.8495604,4220.3994976,4747.949434800001,791.3249058000001,923.2123901,602.9142139428571,678.2784906857144,1.0,4.0,7.0,7.0,S0_baseline
86875.0,2050.40949,8201.63796,10935.51728,10252.04745,2050.40949,2050.40949,1562.2167542857144,1708.674575,1.0,4.0,7.0,6.0,S0_baseline
86880.0,2092.5182505,6975.060835,11160.097336,11160.097336,2092.5182505,1743.76520875,1594.2996194285715,1594.2996194285715,1.0,4.0,7.0,7.0,S0_baseline
86888.0,2603.2548345,9545.2677265,11280.7709495,10413.019338,2603.2548345,2386.316931625,1880.1284915833328,1735.503223,1.0,4.0,6.0,6.0,S0_baseline
86899.0,6732.978902500001,14812.553585500002,17505.7451465,13465.957805,6732.978902500001,3703.138396375,3501.1490293,2693.191561,1.0,4.0,5.0,5.0,S0_baseline
86919.0,790.1582262,2633.860754,4214.1772064,4214.1772064,790.1582262,658.4651885,602.0253151999999,602.0253151999999,1.0,4.0,7.0,7.0,S0_baseline
86934.0,0.0,1837.488468,2204.9861616,3307.4792424,0.0,918.744234,734.9953872,826.8698105999999,0.0,2.0,3.0,4.0,S0_baseline
86935.0,0.0,894.2688364999999,1073.1226038,1609.6839057,0.0,447.13441825,357.7075346,402.420976425,0.0,2.0,3.0,4.0,S0_baseline
86936.0,0.0,815.49462825,978.5935539,1794.0881821500002,0.0,407.747314125,326.1978513,358.81763643000005,0.0,2.0,3.0,5.0,S0_baseline
86938.0,0.0,3068.338575,3682.00629,5523.009435,0.0,1534.1692875,1227.33543,1380.75235875,0.0,2.0,3.0,4.0,S0_baseline
86946.0,0.0,1244.97551075,1493.9706129,2240.95591935,0.0,622.487755375,497.9902043,560.2389798375,0.0,2.0,3.0,4.0,S0_baseline
86955.0,0.0,148.56586442499997,178.27903730999998,267.418555965,0.0,74.28293221249999,59.42634576999999,66.85463899125,0.0,2.0,3.0,4.0,S0_baseline
86962.0,0.0,414.3622845,497.2347414,745.8521121,0.0,207.18114225,165.7449138,186.463028025,0.0,2.0,3.0,4.0,S0_baseline
87028.0,523.5965923,1308.99148075,1570.7897769,2356.18466535,523.5965923,654.495740375,523.5965923,589.0461663375,1.0,2.0,3.0,4.0,S0_baseline
87034.0,0.0,1218.22276555,1044.1909419,2262.41370745,0.0,609.111382775,348.0636473,377.0689512416666,0.0,2.0,3.0,6.0,S0_baseline
87048.0,86.75435075,303.640227625,260.26305225,477.148929125,86.75435075,151.8201138125,86.75435075,95.429785825,1.0,2.0,3.0,5.0,S0_baseline
87052.0,120.2079651,300.51991275,360.6238953,661.14380805,120.2079651,150.259956375,120.20796509999998,132.22876161,1.0,2.0,3.0,5.0,S0_baseline
87058.0,0.0,862.6966375000001,1035.235965,1897.9326025,0.0,431.34831875,345.078655,379.5865205,0.0,2.0,3.0,5.0,S0_baseline
87109.0,0.0,589.70504215,505.4614647,673.9486196,0.0,196.56834738333336,168.4871549,168.4871549,0.0,3.0,3.0,4.0,S0_baseline
87131.0,0.0,1731.46204735,1484.1103263,1484.1103263,0.0,577.1540157833333,494.7034421,494.7034421,0.0,3.0,3.0,3.0,S0_baseline
87235.0,2037.428317,7130.9991095000005,13243.2840605,15280.7123775,2037.428317,2376.9997031666667,2207.214010083333,2546.78539625,1.0,3.0,6.0,6.0,S0_baseline
87236.0,1658.032573,5803.1140055,12435.2442975,12435.2442975,1658.032573,1934.3713351666663,2072.54071625,2072.54071625,1.0,3.0,6.0,6.0,S0_baseline
87276.0,0.0,6413.093664,7214.730372,9619.640496,0.0,2137.697888,1803.682593,1923.9280992,0.0,3.0,4.0,5.0,S0_baseline
87279.0,0.0,3900.6374572,4388.217139349999,6826.115550099999,0.0,1300.212485733333,1097.0542848374998,1137.6859250166665,0.0,3.0,4.0,6.0,S0_baseline
87282.0,0.0,6503.068296,7315.951833,7315.951833,0.0,2167.689432,1828.98795825,1828.98795825,0.0,3.0,4.0,4.0,S0_baseline
87287.0,0.0,8913.666884,10027.8752445,15598.917047,0.0,2971.2222946666666,2506.968811125,2599.8195078333333,0.0,3.0,4.0,6.0,S0_baseline
87318.0,0.0,8904.487504,10017.548442,10017.548442,0.0,2968.1625013333337,2504.3871105000003,2504.3871105000003,0.0,3.0,4.0,4.0,S0_baseline
87320.0,0.0,8569.08392,9640.21941,9640.21941,0.0,2856.361306666666,2410.0548525,2410.0548525,0.0,3.0,4.0,4.0,S0_baseline
87333.0,0.0,5935.6555100000005,5342.089959,5342.089959,0.0,1978.5518366666668,1335.52248975,1335.52248975,0.0,3.0,4.0,4.0,S0_baseline
87340.0,14.98693057,89.92158342,97.415048705,112.401979275,14.98693057,22.480395855,16.235841450833334,16.057425610714287,1.0,4.0,6.0,7.0,S0_baseline
87346.0,11.98233205,59.91166025,77.885158325,89.867490375,11.98233205,14.9779150625,12.980859720833337,12.838212910714288,1.0,4.0,6.0,7.0,S0_baseline
87357.0,13.74283772,68.7141886,89.32844518,103.0712829,13.74283772,17.17854715,14.888074196666668,14.724468985714283,1.0,4.0,6.0,7.0,S0_baseline
87358.0,10.13597486,40.54389944,65.88383659,86.15578631,10.13597486,13.514633146666666,10.980639431666669,10.76947328875,1.0,3.0,6.0,8.0,S0_baseline
87359.0,13.45570422,67.27852109999999,74.00637320999999,100.91778165,13.45570422,16.819630274999998,14.801274642,14.41682595,1.0,4.0,5.0,7.0,S0_baseline
87376.0,18.44344203,73.77376812,101.438931165,138.325815225,18.44344203,24.59125604,20.287786233,19.76083074642857,1.0,3.0,5.0,7.0,S0_baseline
87414.0,44.58107484,200.61483678,334.35806130000003,423.52021098,44.58107484,66.87161226,47.76543732857143,47.05780122,1.0,3.0,7.0,9.0,S0_baseline
87415.0,44.79147969,201.561658605,246.353138295,425.519057055,44.79147969,67.187219535,49.270627659,47.27989522833334,1.0,3.0,5.0,9.0,S0_baseline
87469.0,20.08600282,70.30100987,130.55901833,230.98903243,20.08600282,23.433669956666662,21.759836388333337,32.99843320428572,1.0,3.0,6.0,7.0,S0_baseline
87507.0,23.97888639,55.95073491,127.88739408,127.88739408,23.97888639,18.65024497,18.269627725714287,18.269627725714287,1.0,3.0,7.0,7.0,S0_baseline
87525.0,41.511053625,66.4176858,107.928739425,132.8353716,41.511053625,22.1392286,17.9881232375,18.97648165714286,1.0,3.0,6.0,7.0,S0_baseline
87537.0,35.800810995,83.535225655,155.136847645,190.93765864,35.800810995,27.84507521833333,25.856141274166664,27.276808377142856,1.0,3.0,6.0,7.0,S0_baseline
87540.0,211.77343515,564.7291604,917.68488565,1129.4583208,211.77343515,188.24305346666665,152.94748094166667,161.35118868571428,1.0,3.0,6.0,7.0,S0_baseline
87590.0,0.0,1290.02244035,2027.17812055,1105.7335203,0.0,430.0074801166667,405.4356241100001,368.5778401,0.0,3.0,5.0,3.0,S0_baseline
87650.0,0.0,5621.8664985000005,6424.990284,4818.742713000001,0.0,1873.9554995,1606.247571,1606.247571,0.0,3.0,4.0,3.0,S0_baseline
87717.0,46.85976346,187.43905384,538.88727979,445.16775287,46.85976346,62.47968461333334,53.888727979,55.64596910875,1.0,3.0,10.0,8.0,S0_baseline
87734.0,240.7611479,385.21783664,529.67452538,818.58790286,120.38057395,128.40594554666666,105.934905076,116.94112898,2.0,3.0,5.0,7.0,S0_baseline
87741.0,41.14901028,164.59604112,473.21361822,390.91559766,41.14901028,54.86534704,47.321361822,48.8644497075,1.0,3.0,10.0,8.0,S0_baseline
87752.0,1749.999255,6999.99702,13999.99404,12249.994785,1749.999255,2333.33234,1999.9991485714288,2041.6657975,1.0,3.0,7.0,6.0,S0_baseline
87762.0,4189.74109,4189.74109,14245.119706,14245.119706,2094.870545,2094.870545,2035.0171008571429,2035.0171008571429,2.0,2.0,7.0,7.0,S0_baseline
87767.0,0.0,148.38472708,259.67327239,315.31754504500003,0.0,49.46157569333334,43.27887873166667,45.045363577857145,0.0,3.0,6.0,7.0,S0_baseline
87784.0,0.0,2270.333118,3178.4663652,4313.6329242,0.0,756.777706,529.7443942,616.2332748857143,0.0,3.0,6.0,7.0,S0_baseline
87790.0,0.0,8951.236288,22378.09072,17902.472576,0.0,2983.745429333333,2797.26134,2557.4960822857142,0.0,3.0,8.0,7.0,S0_baseline
87830.0,0.0,4689.405908,7034.108861999999,9964.9875545,0.0,1563.1353026666666,1406.8217724,1660.8312590833332,0.0,3.0,5.0,6.0,S0_baseline
87840.0,0.0,8148.910904,12223.366356,17316.435671,0.0,2716.3036346666668,2444.6732712000003,2886.072611833333,0.0,3.0,5.0,6.0,S0_baseline
87973.0,0.0,652.58431525,745.810646,559.3579845,0.0,217.5281050833333,186.4526615,186.4526615,0.0,3.0,4.0,3.0,S0_baseline
88005.0,0.0,7340.462289000001,6524.855368,4893.641526,0.0,1835.11557225,1631.213842,1631.213842,0.0,4.0,4.0,3.0,S0_baseline
88080.0,0.0,293.60386608,269.13687724,195.73591072,0.0,73.40096652,53.827375448,48.93397768,0.0,4.0,5.0,4.0,S0_baseline
88106.0,469.3914494,938.7828988,4693.914494,5163.3059434,469.3914494,469.3914494,469.3914494,469.3914494,1.0,2.0,10.0,11.0,S0_baseline
88110.0,638.9938381,1277.9876762,6389.938381,7028.932219099999,638.9938381,638.9938381,638.9938381,638.9938381,1.0,2.0,10.0,11.0,S0_baseline
88112.0,636.4122408,1272.8244816,6364.122407999999,7000.5346488,636.4122408,636.4122408,636.4122408,636.4122408,1.0,2.0,10.0,11.0,S0_baseline
88153.0,0.0,8187.377949,8187.377949,10006.795271,0.0,2729.125983,2046.84448725,2501.69881775,0.0,3.0,4.0,4.0,S0_baseline
88167.0,0.0,396.02582625,475.2309915,633.641322,0.0,198.012913125,158.4103305,158.4103305,0.0,2.0,3.0,4.0,S0_baseline
88203.0,0.0,474.57808875,569.4937064999999,759.324942,0.0,237.289044375,189.8312355,189.8312355,0.0,2.0,3.0,4.0,S0_baseline
88361.0,63.33477581,285.006491145,253.33910324,443.34343067,63.33477581,95.002163715,63.33477581,63.33477581,1.0,3.0,4.0,7.0,S0_baseline
88364.0,1123.615054,3932.652689000001,4494.460216,6741.690324000001,1123.615054,1310.884229666667,1123.615054,1123.615054,1.0,3.0,4.0,6.0,S0_baseline
88375.0,1249.366596,3123.4164900000005,4997.466384,7496.199576000001,1249.366596,1561.7082450000005,1249.366596,1249.366596,1.0,2.0,4.0,6.0,S0_baseline
88418.0,0.0,121.946451325,146.33574159,268.282192915,0.0,60.9732256625,48.77858053,53.656438583,0.0,2.0,3.0,5.0,S0_baseline
88443.0,0.0,515.563857,618.6766284,824.9021712,0.0,257.7819285,206.2255428,206.2255428,0.0,2.0,3.0,4.0,S0_baseline
88456.0,0.0,2159.35359,2591.224308,3454.965744,0.0,1079.676795,863.7414359999999,863.741436,0.0,2.0,3.0,4.0,S0_baseline
88522.0,146.24850057,487.4950019,1121.23850437,633.7435024700001,146.24850057,121.873750475,124.58205604111112,105.62391707833336,1.0,4.0,9.0,6.0,S0_baseline
88523.0,296.51269925,593.0253984999999,1363.95841655,474.4203188,296.51269925,197.6751328333333,151.55093517222224,118.6050797,1.0,3.0,9.0,4.0,S0_baseline
88525.0,165.14832285,550.4944095,1100.988819,330.2966457,165.14832285,137.623602375,137.623602375,110.0988819,1.0,4.0,8.0,3.0,S0_baseline
88532.0,288.004499,576.008998,1152.017996,345.6053988,288.004499,144.0022495,144.0022495,115.2017996,1.0,4.0,8.0,3.0,S0_baseline
88535.0,125.0511051,625.2555255,1438.08770865,375.1533153,125.0511051,156.313881375,159.78752318333332,125.05110510000002,1.0,4.0,9.0,3.0,S0_baseline
88558.0,0.0,410.51565605,821.0313120999999,246.30939363,0.0,102.6289140125,102.6289140125,82.10313121,0.0,4.0,8.0,3.0,S0_baseline
88559.0,0.0,597.622437,717.1469244,1314.7693614,0.0,298.8112185,239.0489748,262.95387228,0.0,2.0,3.0,5.0,S0_baseline
88567.0,0.0,914.087425,1096.90491,2010.992335,0.0,457.0437125,365.63497,402.198467,0.0,2.0,3.0,5.0,S0_baseline
88571.0,0.0,1065.200019,1278.2400228,2343.4400418,0.0,532.6000094999999,426.0800076,468.68800836,0.0,2.0,3.0,5.0,S0_baseline
88625.0,0.0,117.873530125,141.44823615,259.321766275,0.0,58.9367650625,47.14941205,51.864353255000005,0.0,2.0,3.0,5.0,S0_baseline
88665.0,56.09038902,252.40675059,224.36155608,308.49713961000003,56.09038902,63.1016876475,56.09038902,61.699427922000005,1.0,4.0,4.0,5.0,S0_baseline
88739.0,1259.528599,5667.8786955,5038.114396,6297.642995,1259.528599,1416.969673875,1259.528599,1259.528599,1.0,4.0,4.0,5.0,S0_baseline
88745.0,1266.314967,4432.1023845,5065.259868,6331.574835,1266.314967,1477.3674615,1266.314967,1266.314967,1.0,3.0,4.0,5.0,S0_baseline
88746.0,1201.033716,5404.651722,4804.134864,4804.134864,1201.033716,1801.550574,1201.033716,1201.033716,1.0,3.0,4.0,4.0,S0_baseline
88890.0,0.0,672.6496004999999,807.1795205999999,1076.2393608,0.0,336.32480024999995,269.0598402,269.0598402,0.0,2.0,3.0,4.0,S0_baseline
88899.0,0.0,2182.538036,2619.0456432,3492.0608576,0.0,1091.269018,873.0152144,873.0152144,0.0,2.0,3.0,4.0,S0_baseline
88925.0,0.0,193.3464104,232.01569248,425.36210288,0.0,96.6732052,77.33856416,85.072420576,0.0,2.0,3.0,5.0,S0_baseline
88930.0,0.0,826.5942359999999,991.9130832,1818.5073192,0.0,413.297118,330.6376944,363.70146384,0.0,2.0,3.0,5.0,S0_baseline
88932.0,0.0,1031.7002337499998,1238.0402805,2269.74051425,0.0,515.8501168749999,412.6800935,453.94810285000005,0.0,2.0,3.0,5.0,S0_baseline
88934.0,0.0,488.12839675,585.7540761,1073.88247285,0.0,244.064198375,195.2513587,214.77649457,0.0,2.0,3.0,5.0,S0_baseline
88944.0,0.0,1086.54254975,1303.8510597,2390.39360945,0.0,543.271274875,434.6170199,478.07872189,0.0,2.0,3.0,5.0,S0_baseline
88946.0,0.0,1089.7215925,1307.665911,2397.3875035,0.0,544.86079625,435.888637,479.4775007,0.0,2.0,3.0,5.0,S0_baseline
88996.0,0.0,53.90573405,84.70901065,61.6065532,0.0,17.968578016666665,16.94180213,15.4016383,0.0,3.0,5.0,4.0,S0_baseline
89055.0,0.0,359.81852235,308.41587630000004,668.23439865,0.0,179.909261175,102.80529210000002,111.372399775,0.0,2.0,3.0,6.0,S0_baseline
89057.0,0.0,1811.41189605,1207.6079307,2616.48384985,0.0,905.705948025,402.5359769,436.08064164166666,0.0,2.0,3.0,6.0,S0_baseline
89063.0,0.0,706.85562325,848.2267479000001,1837.82462045,0.0,353.427811625,282.7422493,306.30410340833333,0.0,2.0,3.0,6.0,S0_baseline
89065.0,0.0,468.31154895,312.2076993,676.45001515,0.0,234.155774475,104.0692331,112.74166919166667,0.0,2.0,3.0,6.0,S0_baseline
89066.0,0.0,1171.25261235,780.8350748999999,1691.8093289499998,0.0,585.626306175,260.2783583,281.9682214916666,0.0,2.0,3.0,6.0,S0_baseline
89068.0,0.0,596.55638665,511.3340457000001,1107.89043235,0.0,298.278193325,170.4446819,184.64840539166667,0.0,2.0,3.0,6.0,S0_baseline
89080.0,0.0,1839.331155,1839.331155,3985.2175025,0.0,919.6655775,613.110385,664.2029170833333,0.0,2.0,3.0,6.0,S0_baseline
89110.0,38.71138332,90.32656108,193.5569166,258.07588880000003,38.71138332,30.108853693333334,27.65098808571429,32.259486100000004,1.0,3.0,7.0,8.0,S0_baseline
89126.0,0.0,2379.9869051,2719.9850344,2039.9887758,0.0,793.3289683666667,679.9962586,679.9962586,0.0,3.0,4.0,3.0,S0_baseline
89132.0,0.0,57.6444752,69.17337024,126.81784544,0.0,28.8222376,23.05779008,25.363569088,0.0,2.0,3.0,5.0,S0_baseline
89138.0,0.0,129.65828635,155.58994362,285.24822997,0.0,64.829143175,51.86331454,57.049645994,0.0,2.0,3.0,5.0,S0_baseline
89143.0,0.0,247.982215125,297.57865815,545.560873275,0.0,123.9911075625,99.19288605,109.112174655,0.0,2.0,3.0,5.0,S0_baseline
89150.0,0.0,404.67219475,485.6066337,647.4755116,0.0,202.336097375,161.8688779,161.8688779,0.0,2.0,3.0,4.0,S0_baseline
89157.0,0.0,1510.5110679,1007.0073786,2181.8493203,0.0,755.25553395,335.6691262,363.6415533833333,0.0,2.0,3.0,6.0,S0_baseline
89163.0,0.0,1247.19997475,1496.6399697,2244.95995455,0.0,623.599987375,498.8799899,561.2399886375,0.0,2.0,3.0,4.0,S0_baseline
89168.0,0.0,2875.9509125,3451.141095,5176.7116425,0.0,1437.97545625,1150.380365,1294.177910625,0.0,2.0,3.0,4.0,S0_baseline
89173.0,0.0,2644.9613425,3173.953611,4760.9304165,0.0,1322.48067125,1057.984537,1190.232604125,0.0,2.0,3.0,4.0,S0_baseline
89176.0,0.0,1199.89392775,1439.8727133,2159.80906995,0.0,599.9469638749999,479.9575711,539.9522674875,0.0,2.0,3.0,4.0,S0_baseline
89273.0,0.0,85.906612475,103.08793497,188.994547445,0.0,42.9533062375,34.36264499,37.798909489,0.0,2.0,3.0,5.0,S0_baseline
89299.0,0.0,369.98629325,443.98355190000007,813.9698451500001,0.0,184.993146625,147.9945173,162.79396903000003,0.0,2.0,3.0,5.0,S0_baseline
89300.0,0.0,414.99441725,497.9933007,912.98771795,0.0,207.497208625,165.9977669,182.59754359,0.0,2.0,3.0,5.0,S0_baseline
89338.0,0.0,29.7631585,89.2894755,193.46053025,0.0,29.7631585,29.7631585,32.24342170833333,0.0,1.0,3.0,6.0,S0_baseline
89351.0,0.0,766.972115,1150.4581725,2876.14543125,0.0,383.4860575,383.4860575,410.87791875,0.0,2.0,3.0,7.0,S0_baseline
89469.0,0.0,224.806619205,192.69138789,321.15231315000005,0.0,112.4033096025,64.23046263,64.23046263,0.0,2.0,3.0,5.0,S0_baseline
89470.0,0.0,1004.74378125,1205.6925375,1607.59005,0.0,502.371890625,401.8975125,401.8975125,0.0,2.0,3.0,4.0,S0_baseline
89481.0,0.0,991.50615305,1133.1498892,849.8624169,0.0,330.50205101666666,283.2874723,283.2874723,0.0,3.0,4.0,3.0,S0_baseline
89513.0,2517.189157,11327.3512065,10068.756628,10068.756628,2517.189157,2831.837801625,2517.189157,2517.189157,1.0,4.0,4.0,4.0,S0_baseline
89521.0,0.0,66.19994922500001,79.43993907000001,105.91991876,0.0,33.099974612500006,26.479979690000004,26.47997969,0.0,2.0,3.0,4.0,S0_baseline
89527.0,0.0,1128.1658442500002,1353.7990131,1805.0653508,0.0,564.0829221250001,451.26633770000007,451.2663377,0.0,2.0,3.0,4.0,S0_baseline
89565.0,0.0,181.429118425,217.71494211,362.85823685,0.0,90.7145592125,72.57164737,72.57164737,0.0,2.0,3.0,5.0,S0_baseline
89577.0,463.7512143,1545.837381,2473.3398096,2782.5072858000003,463.7512143,386.45934525,353.3342585142857,347.81341072500004,1.0,4.0,7.0,8.0,S0_baseline
89585.0,1423.7642649,4745.880883,7593.4094128,8542.5855894,1423.7642649,1186.47022075,1084.7727732571427,1067.823198675,1.0,4.0,7.0,8.0,S0_baseline
89586.0,1174.735987,5286.3119415,5873.679935,5873.679935,1174.735987,1321.577985375,1174.735987,1174.735987,1.0,4.0,5.0,5.0,S0_baseline
89594.0,1888.186851,8496.840829499999,12273.2145315,9440.934255,1888.186851,2124.210207375,2045.53575525,1888.186851,1.0,4.0,6.0,5.0,S0_baseline
89596.0,1281.456639,7048.0115145,7688.739834,6407.283195,1281.456639,1762.002878625,1281.456639,1281.456639,1.0,4.0,6.0,5.0,S0_baseline
89602.0,1972.327085,8875.4718825,11833.96251,9861.635425,1972.327085,2218.867970625,1972.327085,1972.327085,1.0,4.0,6.0,5.0,S0_baseline
89619.0,181.5311967,816.89038515,726.1247868,907.6559835,181.5311967,204.2225962875,181.5311967,181.5311967,1.0,4.0,4.0,5.0,S0_baseline
89630.0,0.0,46.0264425,55.231731,101.2581735,0.0,23.01322125,18.410577,20.2516347,0.0,2.0,3.0,5.0,S0_baseline
89686.0,0.0,198.09359164,297.14038746,643.80417283,0.0,99.04679582,99.04679582,107.30069547166666,0.0,2.0,3.0,6.0,S0_baseline
89720.0,1085.110113,3797.8853955,4340.440452,4340.440452,1085.110113,1265.9617985,1085.110113,1085.110113,1.0,3.0,4.0,4.0,S0_baseline
89725.0,43.47369523,86.94739046,130.42108568999998,173.89478092,43.47369523,43.47369523,43.47369523,43.47369523,1.0,2.0,3.0,4.0,S0_baseline
89732.0,132.8705484,398.6116452,398.6116452,531.4821936,132.8705484,199.3058226,132.8705484,132.8705484,1.0,2.0,3.0,4.0,S0_baseline
89735.0,134.8642434,404.5927302,404.5927302,539.4569736,134.8642434,202.2963651,134.8642434,134.8642434,1.0,2.0,3.0,4.0,S0_baseline
89737.0,649.444835,1298.88967,1948.334505,2597.77934,649.444835,649.444835,649.444835,649.444835,1.0,2.0,3.0,4.0,S0_baseline
89756.0,10.85859239,38.005073365,70.580850535,81.43944292500001,10.85859239,12.668357788333331,11.763475089166668,11.63420613214286,1.0,3.0,6.0,7.0,S0_baseline
89764.0,15.25199854,53.38199489,99.13799051,114.38998905,15.25199854,17.79399829666667,16.522998418333334,16.34142700714286,1.0,3.0,6.0,7.0,S0_baseline
89799.0,24.49368663,122.46843315,159.208963095,208.196336355,24.49368663,40.82281105,26.5348271825,26.024542044375,1.0,3.0,6.0,8.0,S0_baseline
89807.0,36.37912168,72.75824336,363.7912168,327.41209512,36.37912168,36.37912168,36.37912168,36.37912168,1.0,2.0,10.0,9.0,S0_baseline
89825.0,0.0,187.372691575,224.84722989,299.79630652,0.0,93.6863457875,74.94907663,74.94907663,0.0,2.0,3.0,4.0,S0_baseline
89826.0,0.0,655.4022321,561.7733418,1217.1755739,0.0,327.70111605,187.2577806,243.43511478,0.0,2.0,3.0,5.0,S0_baseline
89828.0,0.0,53.44551828,106.89103656,68.71566636,0.0,17.81517276,17.81517276,17.17891659,0.0,3.0,6.0,4.0,S0_baseline
89846.0,0.0,218.23405765,261.88086918,349.17449224,0.0,109.117028825,87.29362306,87.29362306,0.0,2.0,3.0,4.0,S0_baseline
89852.0,0.0,174.489173875,209.38700865,279.1826782,0.0,87.2445869375,69.79566955,69.79566955,0.0,2.0,3.0,4.0,S0_baseline
89867.0,0.0,278.41983225,334.1037987,612.52363095,0.0,139.209916125,111.3679329,122.50472619,0.0,2.0,3.0,5.0,S0_baseline
89870.0,28.27230063,113.08920252,268.586855985,254.45070567,28.27230063,37.69640084,33.573356998125,31.80633820875,1.0,3.0,8.0,8.0,S0_baseline
89873.0,0.0,224.83706356,533.988025955,505.88339301,0.0,74.94568785333333,66.748503244375,63.23542412625,0.0,3.0,8.0,8.0,S0_baseline
89883.0,556.8865485,2227.546194,2227.546194,3898.2058395,556.8865485,742.515398,556.8865485,556.8865485,1.0,3.0,4.0,7.0,S0_baseline
89915.0,0.0,87.642397725,105.17087727,140.22783636,0.0,43.8211988625,35.05695909,35.05695909,0.0,2.0,3.0,4.0,S0_baseline
89919.0,0.0,261.33788074999995,313.6054569,418.1406092,0.0,130.66894037499998,104.5351523,104.5351523,0.0,2.0,3.0,4.0,S0_baseline
89927.0,0.0,151.18279725000002,181.4193567,241.8924756,0.0,75.59139862500001,60.4731189,60.4731189,0.0,2.0,3.0,4.0,S0_baseline
89930.0,0.0,455.45005775,546.5400693,728.7200924,0.0,227.725028875,182.1800231,182.1800231,0.0,2.0,3.0,4.0,S0_baseline
89931.0,0.0,255.9662705,307.1595246,409.5460328,0.0,127.98313525,102.3865082,102.3865082,0.0,2.0,3.0,4.0,S0_baseline
89953.0,271.2063919,1220.4287635500002,1084.8255676,1356.0319595,271.2063919,305.10719088750005,271.2063919,271.2063919,1.0,4.0,4.0,5.0,S0_baseline
90016.0,13.14049771,39.42149313,98.553732825,105.12398168,13.14049771,13.14049771,14.079104689285714,15.017711668571428,1.0,3.0,7.0,7.0,S0_baseline
90018.0,216.7582046,758.6537161,1083.791023,1517.3074322,216.7582046,379.32685805,216.7582046,216.7582046,1.0,2.0,5.0,7.0,S0_baseline
90027.0,0.0,85.467134525,102.56056143,136.74741524,0.0,42.7335672625,34.18685381,34.18685381,0.0,2.0,3.0,4.0,S0_baseline
90028.0,0.0,245.11853225,294.1422387,392.1896516,0.0,122.559266125,98.0474129,98.0474129,0.0,2.0,3.0,4.0,S0_baseline
90040.0,0.0,172.171508275,206.60580993,275.47441324,0.0,86.0857541375,68.86860331,68.86860331,0.0,2.0,3.0,4.0,S0_baseline
90042.0,0.0,350.9764625,1052.9293875,2281.34700625,0.0,350.9764625,350.9764625,380.22450104166666,0.0,1.0,3.0,6.0,S0_baseline
90055.0,0.0,87.78026177499999,105.33631413,140.44841884,0.0,43.89013088749999,35.11210471,35.11210471,0.0,2.0,3.0,4.0,S0_baseline
90058.0,0.0,345.21045225,414.2525427000001,552.3367236,0.0,172.605226125,138.0841809,138.0841809,0.0,2.0,3.0,4.0,S0_baseline
90059.0,0.0,153.370270275,184.04432433,245.39243244,0.0,76.6851351375,61.34810811,61.34810811,0.0,2.0,3.0,4.0,S0_baseline
90068.0,0.0,1964.20720775,2357.0486493,5106.93874015,0.0,982.103603875,785.6828830999999,851.1564566916667,0.0,2.0,3.0,6.0,S0_baseline
90081.0,175.8357822,483.54840105000005,1142.9325843,1318.7683665000002,175.8357822,120.8871002625,87.9178911,87.9178911,1.0,4.0,13.0,15.0,S0_baseline
90098.0,0.0,1667.62904725,2001.1548567,3001.73228505,0.0,833.814523625,667.0516189,750.4330712625,0.0,2.0,3.0,4.0,S0_baseline
90126.0,1538.756159,6924.4027155,6155.024636,10771.293113,1538.756159,1731.100678875,1538.756159,1538.756159,1.0,4.0,4.0,7.0,S0_baseline
90129.0,0.0,3754.9410465,3218.520897,4291.361196,0.0,1251.6470155,1072.840299,1072.840299,0.0,3.0,3.0,4.0,S0_baseline
90137.0,0.0,4431.2548805,3798.218469,5064.291292,0.0,1477.0849601666666,1266.072823,1266.072823,0.0,3.0,3.0,4.0,S0_baseline
90144.0,0.0,259.925937635,222.79366083,371.32276805,0.0,86.64197921166665,74.26455361,74.26455361,0.0,3.0,3.0,5.0,S0_baseline
90148.0,0.0,203.10832647,174.09285126,290.1547521,0.0,67.70277549000001,58.03095042,58.03095042,0.0,3.0,3.0,5.0,S0_baseline
90154.0,0.0,433.72732235,371.7662763,619.6104605,0.0,144.57577411666668,123.9220921,123.9220921,0.0,3.0,3.0,5.0,S0_baseline
90174.0,1706.251741,7678.1328345,6825.006964,10237.510446,1706.251741,1919.533208625,1706.251741,1706.251741,1.0,4.0,4.0,6.0,S0_baseline
90186.0,0.0,338.754453,406.50534360000006,745.2597966000001,0.0,169.3772265,135.5017812,149.05195932,0.0,2.0,3.0,5.0,S0_baseline
90189.0,0.0,777.8433275,933.411993,1711.2553205000002,0.0,388.92166375,311.137331,342.2510641,0.0,2.0,3.0,5.0,S0_baseline
90203.0,244.9516848,653.2044928,1796.3123552000002,1143.1078624000002,244.9516848,217.7348309333333,199.5902616888889,190.5179770666667,1.0,3.0,9.0,6.0,S0_baseline
90206.0,165.1133184,440.3021824,1210.8310016,880.6043648,165.1133184,146.76739413333334,134.53677795555555,125.80062354285714,1.0,3.0,9.0,7.0,S0_baseline
90207.0,0.0,114.429012525,137.31481503,228.85802505,0.0,57.2145062625,45.77160501,45.77160501,0.0,2.0,3.0,5.0,S0_baseline
90209.0,853.1260848,3412.5043392,4692.1934664,5971.882593599999,853.1260848,853.1260848,938.43869328,853.1260848,1.0,4.0,5.0,7.0,S0_baseline
90215.0,0.0,663.7242185,796.4690621999999,1327.448437,0.0,331.86210925,265.4896874,265.4896874,0.0,2.0,3.0,5.0,S0_baseline
90225.0,0.0,713.29287725,855.9514527,1426.5857545,0.0,356.646438625,285.3171509,285.3171509,0.0,2.0,3.0,5.0,S0_baseline
90229.0,0.0,563.798372,676.5580464,1465.8757672,0.0,281.899186,225.5193488,244.31262786666665,0.0,2.0,3.0,6.0,S0_baseline
90230.0,0.0,427.79899,513.358788,1112.277374,0.0,213.899495,171.119596,185.37956233333333,0.0,2.0,3.0,6.0,S0_baseline
90238.0,0.0,571.25341325,685.5040959,1485.25887445,0.0,285.626706625,228.5013653,247.54314574166665,0.0,2.0,3.0,6.0,S0_baseline
90240.0,0.0,69.351732825,83.22207939,180.314505345,0.0,34.6758664125,27.74069313,36.062901069,0.0,2.0,3.0,5.0,S0_baseline
90243.0,0.0,75.10583845000001,90.12700614,195.27517997,0.0,37.552919225,30.04233538,39.055035994,0.0,2.0,3.0,5.0,S0_baseline
90252.0,0.0,343.39909375,412.0789125,549.43855,0.0,171.699546875,137.3596375,137.3596375,0.0,2.0,3.0,4.0,S0_baseline
90283.0,258.0163719,1161.0736735500002,1935.12278925,1290.0818595,258.0163719,290.26841838750005,322.520464875,258.0163719,1.0,4.0,6.0,5.0,S0_baseline
90289.0,1342.65335,6041.940075,12083.88015,9398.57345,1342.65335,1510.48501875,1726.268592857143,1342.65335,1.0,4.0,7.0,7.0,S0_baseline
90291.0,274.02059,493.237062,822.06177,657.649416,274.02059,123.3092655,137.010295,109.608236,1.0,4.0,6.0,6.0,S0_baseline
90295.0,1051.599762,4732.198929,6309.598572000001,6309.598572000001,1051.599762,1183.04973225,1051.599762,1051.599762,1.0,4.0,6.0,6.0,S0_baseline
90298.0,0.0,1260.4638335,1512.5566002,2268.8349003000003,0.0,630.23191675,504.1855334,567.2087250750001,0.0,2.0,3.0,4.0,S0_baseline
90302.0,0.0,1027.2330395,1232.6796474,1849.0194711,0.0,513.61651975,410.8932158,462.254867775,0.0,2.0,3.0,4.0,S0_baseline
90317.0,3300.357268,13201.429072,18151.964974,16501.786340000002,3300.357268,3300.357268,3630.392994800001,3300.3572680000007,1.0,4.0,5.0,5.0,S0_baseline
90326.0,2022.016526,11121.090893,11121.090893,10110.08263,2022.016526,2780.27272325,2224.2181786,2022.016526,1.0,4.0,5.0,5.0,S0_baseline
90327.0,560.9567901,3085.26234555,2243.8271604,2804.7839505,560.9567901,771.3155863875,560.9567901,560.9567901,1.0,4.0,4.0,5.0,S0_baseline
90373.0,0.0,320.98726724999995,385.1847207,706.1719879499999,0.0,160.49363362499997,128.3949069,141.23439759,0.0,2.0,3.0,5.0,S0_baseline
90376.0,0.0,261.63629125,313.9635495,575.59984075,0.0,130.818145625,104.6545165,115.11996815,0.0,2.0,3.0,5.0,S0_baseline
90381.0,0.0,294.5774126,441.8661189,957.37659095,0.0,147.2887063,147.2887063,159.56276515833335,0.0,2.0,3.0,6.0,S0_baseline
90398.0,1191.250663,5360.6279835000005,4765.002652,7147.503978000001,1191.250663,1340.156995875,1191.250663,1191.250663,1.0,4.0,4.0,6.0,S0_baseline
90399.0,1455.956812,6551.805654,7279.78406,8735.740871999998,1455.956812,1637.9514135,1455.956812,1455.9568119999997,1.0,4.0,5.0,6.0,S0_baseline
90419.0,0.0,69.91854015,83.90224818,139.8370803,0.0,34.959270075,27.96741606,27.96741606,0.0,2.0,3.0,5.0,S0_baseline
90451.0,0.0,186.333062625,223.59967515,372.66612525,0.0,93.1665313125,74.53322505,74.53322505,0.0,2.0,3.0,5.0,S0_baseline
90454.0,61.46097045,276.574367025,245.8438818,399.496307925,61.46097045,69.14359175625,61.46097045,66.5827179875,1.0,4.0,4.0,6.0,S0_baseline
90512.0,0.0,102.496524125,122.99582895,204.99304825,0.0,51.2482620625,40.99860965,40.99860965,0.0,2.0,3.0,5.0,S0_baseline
90513.0,0.0,89.67403412499999,107.60884095,179.34806824999998,0.0,44.8370170625,35.86961365,35.86961365,0.0,2.0,3.0,5.0,S0_baseline
90516.0,455.714681,2050.7160645,2734.288086,2734.288086,455.714681,512.679016125,455.714681,455.714681,1.0,4.0,6.0,6.0,S0_baseline
90520.0,1213.88488,5462.48196,7283.30928,7283.30928,1213.88488,1365.62049,1213.88488,1213.88488,1.0,4.0,6.0,6.0,S0_baseline
90529.0,75.37351201499999,175.87152803499998,401.99206408,502.4900801,75.37351201499999,58.623842678333325,57.427437725714285,62.81126001249999,1.0,3.0,7.0,8.0,S0_baseline
90538.0,146.8411077,205.57755078,469.89154464,587.3644308,73.42055385,68.52585026,67.12736352,73.42055385,2.0,3.0,7.0,8.0,S0_baseline
90544.0,0.0,321.14404875,385.3728585,513.830478,0.0,160.572024375,128.4576195,128.4576195,0.0,2.0,3.0,4.0,S0_baseline
90545.0,0.0,310.27116575,372.3253989,496.4338652,0.0,155.135582875,124.1084663,124.1084663,0.0,2.0,3.0,4.0,S0_baseline
90562.0,0.0,320.78101074999995,384.9372129,705.71822365,0.0,160.39050537499998,128.3124043,141.14364473,0.0,2.0,3.0,5.0,S0_baseline
90566.0,0.0,443.43325825,532.1199099,1152.92647145,0.0,221.716629125,177.3733033,192.1544119083333,0.0,2.0,3.0,6.0,S0_baseline
90570.0,0.0,69.27507922500001,83.13009507000001,152.405174295,0.0,34.63753961250001,27.710031690000005,30.481034859,0.0,2.0,3.0,5.0,S0_baseline
90576.0,0.0,349.29771506,299.39804148,399.19738864,0.0,116.43257168666666,99.79934715999998,99.79934716,0.0,3.0,3.0,4.0,S0_baseline
90590.0,297.6464834,1339.4091753,1190.5859336,1190.5859336,297.6464834,334.852293825,297.6464834,297.6464834,1.0,4.0,4.0,4.0,S0_baseline
90599.0,1761.769118,7927.961031,7047.076472,8808.845589999999,1761.769118,1981.99025775,1761.769118,1761.7691179999997,1.0,4.0,4.0,5.0,S0_baseline
90607.0,2197.373091,9888.1789095,8789.492364,13184.238546,2197.373091,2472.044727375,2197.373091,2197.373091,1.0,4.0,4.0,6.0,S0_baseline
90609.0,1659.622305,7468.3003725,9127.9226775,9957.73383,1659.622305,1867.075093125,1825.5845355,1659.622305,1.0,4.0,5.0,6.0,S0_baseline
90612.0,0.0,214.8799752,257.85597024000003,343.80796032,0.0,107.4399876,85.95199008000002,85.95199008,0.0,2.0,3.0,4.0,S0_baseline
90623.0,0.0,245.911979775,295.09437573,541.006355505,0.0,122.95598988749998,98.36479191,108.201271101,0.0,2.0,3.0,5.0,S0_baseline
90626.0,0.0,503.942686,604.7312231999999,1108.6739091999998,0.0,251.971343,201.5770744,221.73478183999995,0.0,2.0,3.0,5.0,S0_baseline
90648.0,510.1504655,1275.3761637500002,1530.4513965,2805.82756025,510.1504655,637.6880818750001,510.15046550000005,561.16551205,1.0,2.0,3.0,5.0,S0_baseline
90657.0,0.0,232.259276725,278.71113207,371.61484276,0.0,116.1296383625,92.90371068999998,92.90371069,0.0,2.0,3.0,4.0,S0_baseline
90658.0,0.0,315.04997325,378.0599679,693.10994115,0.0,157.524986625,126.0199893,138.62198823,0.0,2.0,3.0,5.0,S0_baseline
90661.0,0.0,301.1732495,361.4078994,481.8771992,0.0,150.58662475,120.4692998,120.4692998,0.0,2.0,3.0,4.0,S0_baseline
90663.0,0.0,261.3456125,313.614735,418.15298,0.0,130.67280625,104.538245,104.538245,0.0,2.0,3.0,4.0,S0_baseline
90667.0,0.0,57.399478175,68.87937381,114.79895635,0.0,28.6997390875,22.95979127,22.95979127,0.0,2.0,3.0,5.0,S0_baseline
90740.0,0.0,1013.691133,868.878114,1448.13019,0.0,337.8970443333333,289.626038,289.626038,0.0,3.0,3.0,5.0,S0_baseline
90750.0,0.0,772.8347952500001,927.4017543,2009.37046765,0.0,386.417397625,309.1339181,334.89507794166667,0.0,2.0,3.0,6.0,S0_baseline
90763.0,320.7416258,1443.3373161,1282.9665032,962.2248774,320.7416258,360.834329025,320.7416258,320.7416258,1.0,4.0,4.0,3.0,S0_baseline
90764.0,0.0,796.213754,1194.320631,2587.6947005,0.0,398.106877,398.106877,431.2824500833333,0.0,2.0,3.0,6.0,S0_baseline
90765.0,0.0,1097.6968038,1097.6968038,2378.3430749,0.0,548.8484019,365.8989346,396.3905124833333,0.0,2.0,3.0,6.0,S0_baseline
90787.0,79.96166605,279.86583117500004,519.750829325,759.635827475,79.96166605,93.28861039166668,86.62513822083334,84.40398083055555,1.0,3.0,6.0,9.0,S0_baseline
90806.0,0.0,335.230329455,287.34028239,383.12037652,0.0,111.74344315166668,95.78009413,95.78009413,0.0,3.0,3.0,4.0,S0_baseline
90811.0,0.0,328.53847425,281.6044065,469.3406775,0.0,109.51282475,93.8681355,93.8681355,0.0,3.0,3.0,5.0,S0_baseline
90817.0,0.0,1931.0776960000003,2317.2932352000003,5020.8020096,0.0,965.538848,772.4310784,836.8003349333334,0.0,2.0,3.0,6.0,S0_baseline
90819.0,0.0,819.5877095000001,983.5052514,2130.9280447,0.0,409.79385475,327.8350838,355.1546741166667,0.0,2.0,3.0,6.0,S0_baseline
90839.0,1024.594872,4610.676923999999,4098.379488,8709.056412,1024.594872,1152.669231,1024.594872,1244.150916,1.0,4.0,4.0,7.0,S0_baseline
90866.0,1608.546236,7238.458062,6434.184944,9651.277416,1608.546236,1809.6145155,1608.546236,1608.546236,1.0,4.0,4.0,6.0,S0_baseline
90882.0,60.20627343,120.41254686,180.61882029,240.82509372,60.20627343,60.20627343,60.20627343,60.20627343,1.0,2.0,3.0,4.0,S0_baseline
90892.0,0.0,413.51548975,496.2185877,909.73407745,0.0,206.757744875,165.4061959,181.94681549,0.0,2.0,3.0,5.0,S0_baseline
90899.0,28.68804002,100.40814007,86.06412006,114.75216008,28.68804002,33.469380023333336,28.68804002,28.68804002,1.0,3.0,3.0,4.0,S0_baseline
90902.0,0.0,555.212814,666.2553768,1443.5533164,0.0,277.606407,222.0851256,240.5922194,0.0,2.0,3.0,6.0,S0_baseline
90904.0,0.0,638.28124925,765.9374991,1659.53124805,0.0,319.140624625,255.3124997,276.58854134166666,0.0,2.0,3.0,6.0,S0_baseline
90905.0,0.0,257.0993235,308.5191882,565.6185117,0.0,128.54966174999998,102.8397294,113.12370234,0.0,2.0,3.0,5.0,S0_baseline
90910.0,0.0,292.58729475,351.1047537,643.69204845,0.0,146.293647375,117.0349179,128.73840969,0.0,2.0,3.0,5.0,S0_baseline
90914.0,80.64833553,282.269174355,362.917509885,483.89001318,80.64833553,94.089724785,90.72937747125,96.778002636,1.0,3.0,4.0,5.0,S0_baseline
90915.0,0.0,92.512464975,111.01495797,240.532408935,0.0,46.2562324875,37.00498599,40.0887348225,0.0,2.0,3.0,6.0,S0_baseline
90922.0,0.0,69.425630275,83.31075633,111.08100844,0.0,34.7128151375,27.77025211,27.77025211,0.0,2.0,3.0,4.0,S0_baseline
90935.0,0.0,426.9513956,640.4270934,1387.5920357,0.0,213.4756978,213.4756978,231.26533928333333,0.0,2.0,3.0,6.0,S0_baseline
90943.0,90.3083902,496.6961461,496.6961461,361.2335608,90.3083902,124.174036525,99.33922922,90.3083902,1.0,4.0,5.0,4.0,S0_baseline
90949.0,0.0,1679.1141192,1889.0033841,1889.0033841,0.0,559.7047064,472.250846025,472.250846025,0.0,3.0,4.0,4.0,S0_baseline
90951.0,0.0,387.79629805,332.39682689999995,443.1957692,0.0,129.26543268333333,110.79894229999998,110.7989423,0.0,3.0,3.0,4.0,S0_baseline
90956.0,0.0,203.343014375,244.01161725,447.354631625,0.0,101.6715071875,81.33720575,89.470926325,0.0,2.0,3.0,5.0,S0_baseline
90959.0,0.0,314.39850025,377.2782003,817.43610065,0.0,157.199250125,125.7594001,136.23935010833333,0.0,2.0,3.0,6.0,S0_baseline
90961.0,0.0,577.7862837499999,693.3435405,1502.24433775,0.0,288.893141875,231.1145135,250.37405629166665,0.0,2.0,3.0,6.0,S0_baseline
90962.0,0.0,186.477555375,223.77306645,372.95511075,0.0,93.2387776875,74.59102215,74.59102215,0.0,2.0,3.0,5.0,S0_baseline
90966.0,0.0,655.3017507500001,786.3621009000001,1703.7845519500002,0.0,327.65087537500006,262.1207003,283.9640919916667,0.0,2.0,3.0,6.0,S0_baseline
90969.0,1333.081255,5998.865647500001,5332.32502,7998.48753,1333.081255,1499.7164118750002,1333.081255,1333.081255,1.0,4.0,4.0,6.0,S0_baseline
90974.0,0.0,897.3379947000001,897.3379947000001,1944.23232185,0.0,448.66899735,299.1126649,324.0387203083333,0.0,2.0,3.0,6.0,S0_baseline
90976.0,0.0,417.3164306,625.9746459,1356.27839945,0.0,208.6582153,208.6582153,226.0463999083333,0.0,2.0,3.0,6.0,S0_baseline
90978.0,397.9299392,1790.6847263999998,1591.7197568,2387.5796352,397.9299392,447.6711816,397.9299392,397.9299392,1.0,4.0,4.0,6.0,S0_baseline
90983.0,0.0,327.0032058,545.005343,708.5069459,0.0,163.5016029,109.0010686,118.08449098333334,0.0,2.0,5.0,6.0,S0_baseline
90986.0,0.0,1725.7743288,1725.7743288,3739.1777124,0.0,862.8871644000001,575.2581096,623.1962854,0.0,2.0,3.0,6.0,S0_baseline
90991.0,0.0,347.8599293,1043.5797879,2261.08954045,0.0,347.8599293,347.8599293,376.8482567416666,0.0,1.0,3.0,6.0,S0_baseline
90992.0,0.0,2449.4046909500003,2099.4897351,4548.89442605,0.0,1224.702345475,699.8299117,758.1490710083334,0.0,2.0,3.0,6.0,S0_baseline
90995.0,0.0,468.1342974,401.2579692000001,869.3922666000001,0.0,156.04476580000002,133.7526564,144.8987111,0.0,3.0,3.0,6.0,S0_baseline
90997.0,0.0,285.074152195,244.34927331,529.4234255050001,0.0,95.02471739833334,81.44975777,88.23723758416668,0.0,3.0,3.0,6.0,S0_baseline
91000.0,3215.063002,12860.252008,17682.846511,12860.252008,3215.063002,3215.063002,3536.5693022,3215.063002,1.0,4.0,5.0,4.0,S0_baseline
91003.0,0.0,651.1038994999999,781.3246793999999,1302.207799,0.0,325.55194974999995,260.4415598,260.4415598,0.0,2.0,3.0,5.0,S0_baseline
91006.0,0.0,155.20218955,186.24262746,310.4043791,0.0,77.601094775,62.08087582,62.08087582,0.0,2.0,3.0,5.0,S0_baseline
91010.0,0.0,610.4510232,1017.418372,1424.3857208000002,0.0,203.4836744,203.4836744,203.4836744,0.0,3.0,5.0,7.0,S0_baseline
91013.0,0.0,547.7155898,1643.1467693999998,3560.1513337,0.0,547.7155898,547.7155898,593.3585556166666,0.0,1.0,3.0,6.0,S0_baseline
91016.0,0.0,652.5638312,978.8457468,2120.8324514,0.0,326.2819156,326.2819156,353.4720752333333,0.0,2.0,3.0,6.0,S0_baseline
91020.0,0.0,776.5007865,931.8009438,1708.3017303,0.0,388.25039325,310.6003146,341.66034606,0.0,2.0,3.0,5.0,S0_baseline
91022.0,0.0,112.67021675,135.2042601,225.3404335,0.0,56.335108375,45.0680867,45.0680867,0.0,2.0,3.0,5.0,S0_baseline
91023.0,92.01485139,230.03712847500003,276.04455417,460.07425695,92.01485139,115.01856423750002,92.01485139,92.01485139,1.0,2.0,3.0,5.0,S0_baseline
91025.0,0.0,195.07536224,292.61304336,390.15072448,0.0,97.53768112,97.53768112,97.53768112,0.0,2.0,3.0,4.0,S0_baseline
91028.0,0.0,95.202370725,114.24284487,190.40474145,0.0,47.6011853625,38.08094829,38.08094829,0.0,2.0,3.0,5.0,S0_baseline
91030.0,0.0,187.854180125,225.42501615,488.420868325,0.0,93.9270900625,75.14167205,97.684173665,0.0,2.0,3.0,5.0,S0_baseline
91032.0,0.0,302.00827300000003,362.4099276,785.2215098,0.0,151.00413650000002,120.8033092,130.87025163333334,0.0,2.0,3.0,6.0,S0_baseline
91040.0,0.0,1055.59485725,1266.7138287,2744.54662885,0.0,527.7974286250001,422.2379429,457.4244381416667,0.0,2.0,3.0,6.0,S0_baseline
91047.0,38.77567363,135.714857705,252.041878595,368.368899485,38.77567363,45.23828590166666,42.006979765833336,40.92987772055555,1.0,3.0,6.0,9.0,S0_baseline
91049.0,64.9870904,292.4419068,422.4160876,617.3773588,64.9870904,97.4806356,70.40268126666666,68.59748431111112,1.0,3.0,6.0,9.0,S0_baseline
91050.0,86.9169562,260.7508686,564.9602153000001,738.7941277,86.9169562,86.9169562,94.16003588333336,92.3492659625,1.0,3.0,6.0,8.0,S0_baseline
91058.0,0.0,83.18270892499999,99.81925071,133.09233428,0.0,41.59135446249999,33.27308357,33.27308357,0.0,2.0,3.0,4.0,S0_baseline
91059.0,0.0,214.9212609,257.90551308,343.87401744,0.0,107.46063045,85.96850436,85.96850436,0.0,2.0,3.0,4.0,S0_baseline
91062.0,70.31812716,164.07563004000002,375.03001152,468.7875144,70.31812716,54.69187668000001,53.575715931428576,58.5984393,1.0,3.0,7.0,8.0,S0_baseline
91068.0,0.0,1458.5450919999998,1750.2541104,3792.2172392,0.0,729.2725459999999,583.4180368,632.0362065333333,0.0,2.0,3.0,6.0,S0_baseline
91081.0,0.0,201.705383,302.55807450000003,655.5424947500001,0.0,100.8526915,100.8526915,131.10849895,0.0,2.0,3.0,5.0,S0_baseline
91087.0,0.0,319.966130295,274.25668311000004,457.09447185,0.0,106.655376765,91.41889437000002,91.41889437,0.0,3.0,3.0,5.0,S0_baseline
91091.0,207.1546713,483.3608997,1104.8249136,1381.0311419999998,207.1546713,161.1202999,157.8321305142857,172.62889274999998,1.0,3.0,7.0,8.0,S0_baseline
91092.0,0.0,1758.8972406,2638.3458609,3517.7944812,0.0,879.4486203,879.4486203,879.4486203,0.0,2.0,3.0,4.0,S0_baseline
91094.0,0.0,1053.6170206,1580.4255309,2897.44680665,0.0,526.8085103,526.8085103,579.48936133,0.0,2.0,3.0,5.0,S0_baseline
91098.0,232.4067047,1045.83017115,1278.2368758500002,1394.4402282,232.4067047,261.4575427875,255.64737517000003,232.4067047,1.0,4.0,5.0,6.0,S0_baseline
91101.0,553.3711594,2490.1702173,2213.4846376,3873.5981158,553.3711594,622.542554325,553.3711594,553.3711594,1.0,4.0,4.0,7.0,S0_baseline
91104.0,0.0,192.958671675,165.39314715,220.5241962,0.0,64.319557225,55.13104905,55.13104905,0.0,3.0,3.0,4.0,S0_baseline
91107.0,0.0,74.776490975,89.73178917,149.55298195,0.0,37.3882454875,29.91059639,29.91059639,0.0,2.0,3.0,5.0,S0_baseline
91115.0,0.0,284.3136105,341.1763326,454.9017768,0.0,142.15680525,113.7254442,113.7254442,0.0,2.0,3.0,4.0,S0_baseline
91121.0,0.0,205.561747025,246.67409643,411.12349405,0.0,102.7808735125,82.22469881,82.22469881,0.0,2.0,3.0,5.0,S0_baseline
91123.0,0.0,168.21781120000003,201.86137344,336.4356224,0.0,84.10890560000001,67.28712448,67.28712448,0.0,2.0,3.0,5.0,S0_baseline
91124.0,131.0851672,524.3406688,852.0535868,1573.0220064,131.0851672,174.7802229333333,142.00893113333333,174.7802229333333,1.0,3.0,6.0,9.0,S0_baseline
91132.0,0.0,191.9667728,230.36012736,307.14683648,0.0,95.9833864,76.78670912,76.78670912,0.0,2.0,3.0,4.0,S0_baseline
91139.0,0.0,74.54586522,111.81879783,242.274061965,0.0,37.27293261,37.27293261,40.3790103275,0.0,2.0,3.0,6.0,S0_baseline
91146.0,0.0,213.67413415,256.40896098,427.3482683,0.0,106.837067075,85.46965366,85.46965366,0.0,2.0,3.0,5.0,S0_baseline
91154.0,0.0,67.62229166,135.24458332,125.58425594,0.0,22.540763886666667,22.540763886666667,25.116851188,0.0,3.0,6.0,5.0,S0_baseline
91157.0,0.0,645.948325,775.13799,1421.086315,0.0,322.9741625,258.37933,284.217263,0.0,2.0,3.0,5.0,S0_baseline
91161.0,0.0,434.9289635,521.9147562,956.8437197,0.0,217.46448175,173.9715854,191.36874394,0.0,2.0,3.0,5.0,S0_baseline
91163.0,0.0,705.29987425,846.3598491,1551.65972335,0.0,352.649937125,282.1199497,310.33194467000004,0.0,2.0,3.0,5.0,S0_baseline
91166.0,0.0,383.473231,460.1678772,843.6411082,0.0,191.7366155,153.3892924,168.72822164,0.0,2.0,3.0,5.0,S0_baseline
91168.0,0.0,464.91015475,557.8921857,1022.80234045,0.0,232.455077375,185.9640619,204.56046809,0.0,2.0,3.0,5.0,S0_baseline
91181.0,0.0,143.40753717500002,172.08904461,372.859596655,0.0,71.70376858750001,57.36301487,62.14326610916667,0.0,2.0,3.0,6.0,S0_baseline
91183.0,0.0,147.670672875,177.20480745,383.943749475,0.0,73.8353364375,59.06826915,63.9906249125,0.0,2.0,3.0,6.0,S0_baseline
91188.0,0.0,666.235537,799.4826444,1732.2123962,0.0,333.1177685,266.4942148,288.7020660333333,0.0,2.0,3.0,6.0,S0_baseline
91198.0,0.0,178.92898467499998,214.71478161,286.28637548,0.0,89.46449233749999,71.57159387,71.57159387,0.0,2.0,3.0,4.0,S0_baseline
91201.0,0.0,113.356870625,136.02824475,294.727863625,0.0,56.6784353125,45.34274825,49.121310604166666,0.0,2.0,3.0,6.0,S0_baseline
91204.0,0.0,52.117278375,62.54073405,114.658012425,0.0,26.0586391875,20.84691135,22.931602485,0.0,2.0,3.0,5.0,S0_baseline
91210.0,0.0,133.97750465,160.77300558,294.75051023,0.0,66.988752325,53.59100186,58.950102046,0.0,2.0,3.0,5.0,S0_baseline
91213.0,0.0,709.6160897500001,851.5393077000001,1561.1553974500002,0.0,354.80804487500006,283.8464359,312.23107949000007,0.0,2.0,3.0,5.0,S0_baseline
91216.0,1339.102075,6025.9593375,5356.4083,8704.1634875,1339.102075,1506.489834375,1339.102075,1450.6939145833333,1.0,4.0,4.0,6.0,S0_baseline
91244.0,69.43594181,312.461738145,347.17970905000004,347.17970905000004,69.43594181,78.11543453625,69.43594181,69.43594181,1.0,4.0,5.0,5.0,S0_baseline
91248.0,227.92448310000003,607.7986216,1215.5972432,1671.4462094000005,227.92448310000003,202.5995405333333,173.65674902857145,185.7162454888889,1.0,3.0,7.0,9.0,S0_baseline
91252.0,30.238326465,100.79442155,201.5888431,90.714979395,30.238326465,25.1986053875,25.1986053875,22.67874484875,1.0,4.0,8.0,4.0,S0_baseline
91253.0,0.0,652.60020325,783.1202439,1435.72044715,0.0,326.300101625,261.0400813,287.14408943,0.0,2.0,3.0,5.0,S0_baseline
91256.0,0.0,216.9590131,260.35081572,477.30982882,0.0,108.47950655,86.78360524,95.461965764,0.0,2.0,3.0,5.0,S0_baseline
91258.0,0.0,259.3532455,311.2238946,570.5771401,0.0,129.67662275,103.7412982,114.11542802,0.0,2.0,3.0,5.0,S0_baseline
91259.0,67.79495316,158.18822404000002,361.57308352,451.9663544,67.79495316,52.72940801333334,51.65329764571429,56.4957943,1.0,3.0,7.0,8.0,S0_baseline
91260.0,152.22701999999998,355.19638,811.87744,1116.3314799999998,152.22701999999998,118.39879333333332,115.98249142857142,124.0368311111111,1.0,3.0,7.0,9.0,S0_baseline
91262.0,186.3039081,434.7091189,993.6208432,1242.026054,186.3039081,144.90303963333335,141.94583474285713,155.25325675,1.0,3.0,7.0,8.0,S0_baseline
91263.0,0.0,68.27884105,81.93460926,150.21345030999998,0.0,34.139420525,27.31153642,30.042690062,0.0,2.0,3.0,5.0,S0_baseline
91265.0,0.0,103.11151155,123.73381386,268.08993003,0.0,51.555755775,41.24460462,44.681655005,0.0,2.0,3.0,6.0,S0_baseline
91267.0,0.0,70.10244382500001,62.3132834,62.3132834,0.0,17.525610956250002,15.57832085,15.57832085,0.0,4.0,4.0,4.0,S0_baseline
91277.0,0.0,134.64723205,161.57667846,269.2944641,0.0,67.323616025,53.85889282,53.85889282000001,0.0,2.0,3.0,5.0,S0_baseline
91279.0,0.0,1083.3348992,1625.0023488000002,3520.8384224,0.0,541.6674496,541.6674496,586.8064037333334,0.0,2.0,3.0,6.0,S0_baseline
91280.0,17.29701648,57.6567216,86.4850824,126.84478752,17.29701648,19.2189072,12.35501177142857,18.12068393142857,1.0,3.0,7.0,7.0,S0_baseline
91283.0,0.0,501.8881012,1003.7762024,1003.7762024,0.0,167.29603373333333,143.39660034285714,143.39660034285714,0.0,3.0,7.0,7.0,S0_baseline
91291.0,0.0,674.03649475,808.8437936999999,1482.88028845,0.0,337.018247375,269.6145979,296.57605769,0.0,2.0,3.0,5.0,S0_baseline
91293.0,0.0,1016.9774225,1220.372907,2237.3503295,0.0,508.48871125,406.790969,447.4700659,0.0,2.0,3.0,5.0,S0_baseline
91295.0,0.0,130.901243475,157.08149217,209.44198956,0.0,65.4506217375,52.36049739,52.36049739,0.0,2.0,3.0,4.0,S0_baseline
91297.0,0.0,256.73816550000004,308.08579860000003,410.7810648,0.0,128.36908275000002,102.6952662,102.6952662,0.0,2.0,3.0,4.0,S0_baseline
91300.0,0.0,101.768065075,122.12167809,203.53613015,0.0,50.884032537500005,40.70722603,40.70722603,0.0,2.0,3.0,5.0,S0_baseline
91312.0,2707.259297,14889.9261335,10829.037188,16243.555782,2707.259297,3722.481533375,2707.259297,2707.259297,1.0,4.0,4.0,6.0,S0_baseline
91316.0,0.0,72.2804041,86.73648492000001,115.64864656,0.0,36.14020205,28.912161640000004,28.91216164,0.0,2.0,3.0,4.0,S0_baseline
91319.0,0.0,1020.7297541,874.9112178,1166.5482904,0.0,340.2432513666667,291.6370726,291.6370726,0.0,3.0,3.0,4.0,S0_baseline
91321.0,0.0,223.255203605,191.36160309,318.93600515,0.0,74.41840120166667,63.78720103,63.78720102999999,0.0,3.0,3.0,5.0,S0_baseline
91324.0,57.0306691,313.66868005,313.66868005,228.1226764,57.0306691,78.4171700125,62.73373601,57.0306691,1.0,4.0,5.0,4.0,S0_baseline
91327.0,0.0,121.9409867,146.32918404,195.10557872,0.0,60.97049335,48.77639468,48.77639468,0.0,2.0,3.0,4.0,S0_baseline
91331.0,170.19011424999997,408.4562742,646.7224341499999,374.41825135,170.19011424999997,102.11406854999998,92.3889191642857,74.88365027,1.0,4.0,7.0,5.0,S0_baseline
91333.0,68.99228892,275.96915568,413.95373352,252.97172604,68.99228892,68.99228892,51.74421669,50.594345208,1.0,4.0,8.0,5.0,S0_baseline
91337.0,236.99503245,552.98840905,1263.9735064,1579.966883,236.99503245,184.3294696833333,180.5676437714285,197.495860375,1.0,3.0,7.0,8.0,S0_baseline
91343.0,0.0,113.72044177499998,136.46453013,181.95270684,0.0,56.86022088749999,45.48817671,45.48817671,0.0,2.0,3.0,4.0,S0_baseline
91346.0,0.0,175.005869875,210.00704385,280.0093918,0.0,87.5029349375,70.00234795,70.00234795,0.0,2.0,3.0,4.0,S0_baseline
91351.0,2285.075849,10282.8413205,9140.303396,13710.455094,2285.075849,2570.710330125,2285.075849,2285.075849,1.0,4.0,4.0,6.0,S0_baseline
91352.0,0.0,152.1137262,182.53647144,243.38196192,0.0,76.0568631,60.84549048,60.84549048,0.0,2.0,3.0,4.0,S0_baseline
91357.0,0.0,234.1706061,702.5118183,1522.10893965,0.0,234.1706061,234.1706061,253.684823275,0.0,1.0,3.0,6.0,S0_baseline
91360.0,0.0,815.7210519,2447.1631557,5302.18683735,0.0,815.7210519,815.7210519,883.697806225,0.0,1.0,3.0,6.0,S0_baseline
91370.0,0.0,386.31121725,463.5734607,618.0979476,0.0,193.155608625,154.5244869,154.5244869,0.0,2.0,3.0,4.0,S0_baseline
91372.0,13.67818754,47.87365639,109.42550032,102.58640655,13.67818754,15.957885463333334,18.237583386666667,14.655200935714284,1.0,3.0,6.0,7.0,S0_baseline
91381.0,209.4766563,942.64495335,1152.12160965,837.9066252,209.4766563,235.6612383375,230.42432193,209.4766563,1.0,4.0,5.0,4.0,S0_baseline
91384.0,102.870924645,342.90308215000005,720.0964725150001,480.06431501,102.870924645,85.72577053750001,90.01205906437501,80.01071916833334,1.0,4.0,8.0,6.0,S0_baseline
91387.0,0.0,78.98174739999999,86.87992213999999,86.87992213999999,0.0,19.74543685,17.375984428,17.375984428,0.0,4.0,5.0,5.0,S0_baseline
91391.0,12.82165229,64.10826144999999,83.34073988499999,121.805696755,12.82165229,16.027065362499997,13.890123314166663,13.53396630611111,1.0,4.0,6.0,9.0,S0_baseline
91394.0,0.0,486.9565475,584.347857,1071.3044045,0.0,243.47827375,194.782619,214.2608809,0.0,2.0,3.0,5.0,S0_baseline
91399.0,0.0,822.552831,1233.8292465,2673.29670075,0.0,411.2764155,411.2764155,445.549450125,0.0,2.0,3.0,6.0,S0_baseline
91403.0,0.0,170.3215016,204.38580192,374.70730352,0.0,85.1607508,68.12860064,74.941460704,0.0,2.0,3.0,5.0,S0_baseline
91414.0,44.57428297,156.009990395,178.29713188,401.16854673,44.57428297,52.003330131666665,44.57428297,44.57428297,1.0,3.0,4.0,9.0,S0_baseline
91420.0,0.0,610.5779334,915.8669001,2289.66725025,0.0,305.2889667,305.2889667,327.09532146428575,0.0,2.0,3.0,7.0,S0_baseline
91424.0,0.0,292.98121875000004,351.5774625,468.76995,0.0,146.49060937500002,117.1924875,117.1924875,0.0,2.0,3.0,4.0,S0_baseline
91427.0,0.0,249.197949,373.7969235,685.29435975,0.0,124.5989745,124.5989745,137.05887195,0.0,2.0,3.0,5.0,S0_baseline
91440.0,0.0,99.72109425,119.6653131,159.5537508,0.0,49.860547125,39.8884377,39.8884377,0.0,2.0,3.0,4.0,S0_baseline
91444.0,0.0,711.0180275,853.2216330000001,1564.2396605,0.0,355.50901375,284.407211,312.84793210000004,0.0,2.0,3.0,5.0,S0_baseline
91446.0,0.0,1247.003295,1496.403954,2743.407249,0.0,623.5016475,498.801318,548.6814498,0.0,2.0,3.0,5.0,S0_baseline
91448.0,131.40945594000002,350.42521584,963.66934356,613.24412772,131.40945594000002,116.80840528,107.07437150666668,102.20735462,1.0,3.0,9.0,6.0,S0_baseline
91460.0,0.0,350.472174,420.5666088,771.0387828,0.0,175.236087,140.1888696,154.20775656,0.0,2.0,3.0,5.0,S0_baseline
91467.0,21.051242655000003,56.13664708,105.256213275,147.358698585,21.051242655000003,18.71221569333333,15.036601896428571,18.419837323125,1.0,3.0,7.0,8.0,S0_baseline
91468.0,22.995361215,76.65120404999999,114.976806075,191.628010125,22.995361215,25.55040135,16.425258010714284,23.953501265625,1.0,3.0,7.0,8.0,S0_baseline
91471.0,0.0,251.2599715,301.5119658,653.2759259,0.0,125.62998575,100.5039886,108.87932098333332,0.0,2.0,3.0,6.0,S0_baseline
91472.0,0.0,41.3702198,62.0553297,113.76810445,0.0,20.6851099,20.6851099,22.75362089,0.0,2.0,3.0,5.0,S0_baseline
91474.0,0.0,80.77106392,121.15659588,222.12042578,0.0,40.38553196,40.38553196,44.424085156,0.0,2.0,3.0,5.0,S0_baseline
91476.0,0.0,365.9563622,914.8909055,1280.8472677,0.0,182.9781811,182.9781811,182.9781811,0.0,2.0,5.0,7.0,S0_baseline
91491.0,97.99171861,342.971015135,293.97515583,391.96687444,97.99171861,114.32367171166668,97.99171861,97.99171861,1.0,3.0,3.0,4.0,S0_baseline
91495.0,0.0,1184.9765124,1777.4647686,2369.9530248,0.0,592.4882562,592.4882562,592.4882562,0.0,2.0,3.0,4.0,S0_baseline
91499.0,0.0,79.420407,95.3044884,158.840814,0.0,39.7102035,31.7681628,31.7681628,0.0,2.0,3.0,5.0,S0_baseline
91511.0,0.0,204.4074321,245.28891852,327.05189136,0.0,102.20371605,81.76297284,81.76297284,0.0,2.0,3.0,4.0,S0_baseline
91518.0,0.0,277.83451176,729.31559337,729.31559337,0.0,92.61150392,72.931559337,91.16444917125,0.0,3.0,10.0,8.0,S0_baseline
91520.0,1161.5724400499998,3871.9081335,7356.625453649999,6969.4346403,1161.5724400499998,967.977033375,919.57818170625,871.1793300375,1.0,4.0,8.0,8.0,S0_baseline
91521.0,0.0,100.02087335000002,120.02504802,160.03339736,0.0,50.01043667500001,40.00834934,40.00834934,0.0,2.0,3.0,4.0,S0_baseline
91528.0,0.0,312.95282525,375.5433903,688.49621555,0.0,156.476412625,125.1811301,137.69924311,0.0,2.0,3.0,5.0,S0_baseline
91531.0,0.0,115.1548103,138.18577236,184.24769648,0.0,57.57740515,46.06192411999999,46.06192412,0.0,2.0,3.0,4.0,S0_baseline
91541.0,0.0,364.4432905,437.3319486,801.7752391,0.0,182.22164525,145.7773162,160.35504782,0.0,2.0,3.0,5.0,S0_baseline
91543.0,0.0,842.9652661499999,561.9768441,1217.61649555,0.0,421.482633075,187.3256147,243.52329911,0.0,2.0,3.0,5.0,S0_baseline
91544.0,0.0,1212.582486,1455.0989832,2667.6814692,0.0,606.291243,485.0329944,533.53629384,0.0,2.0,3.0,5.0,S0_baseline
91555.0,0.0,726.8342640000001,872.2011168,1889.7690864,0.0,363.417132,290.7337056,314.9615144,0.0,2.0,3.0,6.0,S0_baseline
91556.0,0.0,120.691364575,144.82963749,241.38272915,0.0,60.3456822875,48.27654583,48.27654583,0.0,2.0,3.0,5.0,S0_baseline
91561.0,0.0,334.08053325,400.8966399,734.97717315,0.0,167.040266625,133.6322133,146.99543463,0.0,2.0,3.0,5.0,S0_baseline
91566.0,0.0,129.49356015,155.39227218,336.68325639,0.0,64.746780075,51.79742406,56.113876065,0.0,2.0,3.0,6.0,S0_baseline
91573.0,12.07257242,42.25400347,84.50800694,90.54429315,12.07257242,14.084667823333334,14.084667823333334,12.934899021428572,1.0,3.0,6.0,7.0,S0_baseline
91576.0,0.0,271.59601875,325.9152225,597.51124125,0.0,135.798009375,108.6384075,119.50224825,0.0,2.0,3.0,5.0,S0_baseline
91584.0,0.0,806.57481175,967.8897741,1290.5196988,0.0,403.287405875,322.6299247,322.6299247,0.0,2.0,3.0,4.0,S0_baseline
91588.0,0.0,728.3644018,1092.5466027,2367.18430585,0.0,364.1822009,364.1822009,394.5307176416666,0.0,2.0,3.0,6.0,S0_baseline
91605.0,0.0,142.03920588,130.20260539,94.69280392,0.0,35.50980147,26.040521078,23.67320098,0.0,4.0,5.0,4.0,S0_baseline
91609.0,0.0,363.47873775,436.1744853,799.65322305,0.0,181.739368875,145.3914951,159.93064461,0.0,2.0,3.0,5.0,S0_baseline
91616.0,0.0,503.7160755,503.7160755,923.47947175,0.0,251.85803775,167.9053585,184.69589435,0.0,2.0,3.0,5.0,S0_baseline
91631.0,0.0,94.58639209999998,113.50367052,189.1727842,0.0,47.29319604999999,37.83455684,37.83455684,0.0,2.0,3.0,5.0,S0_baseline
91645.0,0.0,210.15271745,252.18326094,420.3054349,0.0,105.076358725,84.06108698,84.06108698,0.0,2.0,3.0,5.0,S0_baseline
91648.0,0.0,122.27609034,142.65543873,61.13804517,0.0,30.569022585,23.775906455,20.37934839,0.0,4.0,6.0,3.0,S0_baseline
91654.0,0.0,291.71799325,350.0615919,466.7487892,0.0,145.858996625,116.6871973,116.6871973,0.0,2.0,3.0,4.0,S0_baseline
91656.0,0.0,92.86612317499998,111.43934781,148.58579708,0.0,46.43306158749999,37.14644927,37.14644927,0.0,2.0,3.0,4.0,S0_baseline
91663.0,12.86509266,45.02782431,90.05564862,96.48819495,12.86509266,15.00927477,15.00927477,13.78402785,1.0,3.0,6.0,7.0,S0_baseline
91667.0,0.0,75.881145,91.057374,151.76229,0.0,37.9405725,30.352458,30.352458,0.0,2.0,3.0,5.0,S0_baseline
91671.0,1679.9249129999998,5599.74971,8959.599536,10079.549478,1679.9249129999998,1399.9374275,1279.9427908571429,1259.94368475,1.0,4.0,7.0,8.0,S0_baseline
91679.0,0.0,478.0826365,573.6991638,860.5487456999999,0.0,239.04131825,191.2330546,215.137186425,0.0,2.0,3.0,4.0,S0_baseline
91684.0,49.89419744,224.52388848,324.31228336,199.57678976,49.89419744,56.13097212,54.052047226666666,49.89419744,1.0,4.0,6.0,4.0,S0_baseline
91691.0,0.0,150.063341375,180.07600965,240.1013462,0.0,75.0316706875,60.02533655,60.02533655,0.0,2.0,3.0,4.0,S0_baseline
91702.0,231.02704605,770.0901535,1694.1983377,1232.1442456,231.02704605,192.522538375,188.24425974444443,176.0206065142857,1.0,4.0,9.0,7.0,S0_baseline
91704.0,14.06261397,49.219148895,112.50091176,105.469604775,14.06261397,16.406382965,18.75015196,15.06708639642857,1.0,3.0,6.0,7.0,S0_baseline
91705.0,0.0,328.733018,394.4796216,525.9728288,0.0,164.366509,131.4932072,131.4932072,0.0,2.0,3.0,4.0,S0_baseline
91715.0,0.0,49.61815634999999,59.54178762,99.2363127,0.0,24.809078175,19.84726254,19.84726254,0.0,2.0,3.0,5.0,S0_baseline
91718.0,763.1670587,3434.25176415,3052.6682348,5342.1694109,763.1670587,858.5629410375,763.1670587,763.1670587,1.0,4.0,4.0,7.0,S0_baseline
91719.0,0.0,192.690531125,231.22863735,308.3048498,0.0,96.3452655625,77.07621245,77.07621245,0.0,2.0,3.0,4.0,S0_baseline
91723.0,0.0,863.0510273,739.7580234,1232.930039,0.0,287.6836757666667,246.5860078,246.5860078,0.0,3.0,3.0,5.0,S0_baseline
91728.0,0.0,115.598561275,138.71827353,231.19712255,0.0,57.7992806375,46.23942451,46.23942451,0.0,2.0,3.0,5.0,S0_baseline
91733.0,84.18791127,463.033511985,420.93955635,420.93955635,84.18791127,115.75837799625,84.18791127,84.18791127,1.0,4.0,5.0,5.0,S0_baseline
91741.0,0.0,638.289573,765.9474875999999,1021.2633168,0.0,319.1447865,255.3158292,255.3158292,0.0,2.0,3.0,4.0,S0_baseline
91742.0,1654.80172,7446.607739999999,6619.20688,8274.0086,1654.80172,1861.651935,1654.80172,1654.80172,1.0,4.0,4.0,5.0,S0_baseline
91744.0,44.46476566,311.25335962,289.02097679,177.85906264,44.46476566,77.81333990499999,48.17016279833333,44.46476566,1.0,4.0,6.0,4.0,S0_baseline
91756.0,0.0,171.88960882500004,206.26753059000004,275.02337412,0.0,85.94480441250002,68.75584353,68.75584353,0.0,2.0,3.0,4.0,S0_baseline
91759.0,0.0,257.461357,308.9536284,566.4149854,0.0,128.7306785,102.9845428,113.28299708,0.0,2.0,3.0,5.0,S0_baseline
91764.0,0.0,201.83597775,242.2031733,322.9375644,0.0,100.917988875,80.7343911,80.7343911,0.0,2.0,3.0,4.0,S0_baseline
91765.0,0.0,294.91543625,353.8985235,471.864698,0.0,147.457718125,117.9661745,117.9661745,0.0,2.0,3.0,4.0,S0_baseline
91773.0,0.0,265.76732525,318.9207903,425.2277204,0.0,132.883662625,106.3069301,106.3069301,0.0,2.0,3.0,4.0,S0_baseline
91781.0,0.0,464.35121025,557.2214523,1021.57266255,0.0,232.175605125,185.7404841,204.31453251,0.0,2.0,3.0,5.0,S0_baseline
91785.0,17.79947613,80.09764258499999,97.897118715,53.39842838999999,17.79947613,20.02441064625,19.579423743,17.79947613,1.0,4.0,5.0,3.0,S0_baseline
91790.0,0.0,96.918825925,116.30259111,155.07012148,0.0,48.4594129625,38.76753037,38.76753037,0.0,2.0,3.0,4.0,S0_baseline
91801.0,862.1842242,1724.3684484,2586.5526726,3448.7368968,862.1842242,862.1842242,862.1842241999999,862.1842242,1.0,2.0,3.0,4.0,S0_baseline
91805.0,10.7442928,37.6050248,69.8379032,80.58219600000001,10.7442928,12.535008266666669,11.639650533333333,11.511742285714288,1.0,3.0,6.0,7.0,S0_baseline
91826.0,0.0,1051.15381925,1261.3845831,2732.99993005,0.0,525.576909625,420.4615277,455.49998834166666,0.0,2.0,3.0,6.0,S0_baseline
91827.0,0.0,849.7921759999999,1019.7506112,2209.4596576,0.0,424.896088,339.9168704,368.2432762666666,0.0,2.0,3.0,6.0,S0_baseline
91830.0,974.3952418,4384.7785881,3897.5809672,5846.3714508,974.3952418,1096.194647025,974.3952418,974.3952418,1.0,4.0,4.0,6.0,S0_baseline
91833.0,43.5859002,152.5506507,523.0308024,653.788503,43.5859002,50.8502169,43.5859002,46.69917878571429,1.0,3.0,12.0,14.0,S0_baseline
91847.0,15.21120248,53.23920868,106.47841736,114.0840186,15.21120248,17.746402893333336,17.746402893333336,16.297716942857143,1.0,3.0,6.0,7.0,S0_baseline
91850.0,0.0,496.7970849999999,596.1565019999999,1291.6724209999998,0.0,248.3985425,198.718834,215.27873683333328,0.0,2.0,3.0,6.0,S0_baseline
91853.0,0.0,414.1629478,354.9968124,591.6613540000001,0.0,138.05431593333333,118.3322708,118.33227080000002,0.0,3.0,3.0,5.0,S0_baseline
91854.0,945.6865206,3152.288402,5043.6614432,5674.1191236,945.6865206,788.0721005,720.5230633142857,709.2648904499999,1.0,4.0,7.0,8.0,S0_baseline
91855.0,0.0,803.25742875,963.9089145,2088.46931475,0.0,401.628714375,321.3029715,348.07821912500003,0.0,2.0,3.0,6.0,S0_baseline
91859.0,709.1128855,3191.00798475,3900.12087025,4254.677313,709.1128855,797.7519961875,780.0241740499999,709.1128855000001,1.0,4.0,5.0,6.0,S0_baseline
91863.0,0.0,644.7798337499999,773.7358004999999,1418.51563425,0.0,322.3899168749999,257.9119335,283.70312685,0.0,2.0,3.0,5.0,S0_baseline
91869.0,329.65721802,274.71434835,879.08591472,714.25730571,54.94286967,54.94286967000001,54.94286967,59.5214421425,6.0,5.0,16.0,12.0,S0_baseline
91873.0,59.90374633,269.566858485,329.470604815,179.71123899,59.90374633,67.39171462125,65.894120963,59.90374633,1.0,4.0,5.0,3.0,S0_baseline
91884.0,0.0,631.450055,757.7400660000001,1641.7701430000002,0.0,315.7250275,252.580022,273.6283571666667,0.0,2.0,3.0,6.0,S0_baseline
91889.0,0.0,174.84099234999996,209.80919082,279.74558776,0.0,87.42049617499998,69.93639694,69.93639694,0.0,2.0,3.0,4.0,S0_baseline
91892.0,0.0,427.962453,513.5549436,941.5173966,0.0,213.9812265,171.1849812,188.30347932,0.0,2.0,3.0,5.0,S0_baseline
91894.0,0.0,474.838922,569.8067063999999,1044.6456284,0.0,237.419461,189.9355688,208.92912568000003,0.0,2.0,3.0,5.0,S0_baseline
91900.0,81.26370032,365.68665144,325.05480128,528.21405208,81.26370032,91.42166286,81.26370032,88.03567534666666,1.0,4.0,4.0,6.0,S0_baseline
91901.0,70.324501275,234.41500425,515.71300935,375.0640068,70.324501275,58.6037510625,57.30144548333333,53.5805724,1.0,4.0,9.0,7.0,S0_baseline
91906.0,1962.375896,8830.691532,7849.503584,9811.87948,1962.375896,2207.672883,1962.375896,1962.375896,1.0,4.0,4.0,5.0,S0_baseline
91915.0,1262.500446,5681.252007,9468.753345,7575.002676,1262.500446,1420.31300175,1352.6790492857144,1262.500446,1.0,4.0,7.0,6.0,S0_baseline
91921.0,0.0,102.5354543,123.04254516,205.0709086,0.0,51.26772715,41.01418172,41.01418172,0.0,2.0,3.0,5.0,S0_baseline
91928.0,209.0821985,940.86989325,1149.95209175,836.328794,209.0821985,235.2174733125,229.99041835,209.0821985,1.0,4.0,5.0,4.0,S0_baseline
91932.0,0.0,118.46699577,144.79299483,105.30399624,0.0,29.616748942500003,28.958598966,26.32599906,0.0,4.0,5.0,4.0,S0_baseline
91935.0,0.0,260.1732605,312.2079126,572.3811731000001,0.0,130.08663024999998,104.0693042,114.47623462,0.0,2.0,3.0,5.0,S0_baseline
91942.0,0.0,602.662889,723.1954668,1566.9235113999998,0.0,301.3314445,241.0651556,261.1539185666666,0.0,2.0,3.0,6.0,S0_baseline
91946.0,0.0,518.6197263,1555.8591789000002,3371.02822095,0.0,518.6197263,518.6197263,561.838036825,0.0,1.0,3.0,6.0,S0_baseline
91948.0,0.0,176.62364637500002,211.94837565,353.24729275000004,0.0,88.31182318750001,70.64945855,70.64945855,0.0,2.0,3.0,5.0,S0_baseline
91951.0,0.0,378.34192525,454.0103103,832.3522355499999,0.0,189.170962625,151.3367701,166.47044710999998,0.0,2.0,3.0,5.0,S0_baseline
91957.0,0.0,1658.8536934,2488.2805401,4561.84765685,0.0,829.4268467,829.4268467,912.36953137,0.0,2.0,3.0,5.0,S0_baseline
91965.0,0.0,568.2507765,681.9009318,909.2012424,0.0,284.12538825,227.3003106,227.3003106,0.0,2.0,3.0,4.0,S0_baseline
91975.0,1500.1220159999998,4000.325376,12501.0168,9500.772768,1500.1220159999998,1333.441792,1250.10168,1357.2532525714284,1.0,3.0,10.0,7.0,S0_baseline
91979.0,0.0,461.21508025,553.4580963,1199.15920865,0.0,230.607540125,184.4860321,199.85986810833333,0.0,2.0,3.0,6.0,S0_baseline
91982.0,478.5258947,2153.36652615,3110.41831555,1914.1035788,478.5258947,538.3416315375,518.4030525916667,478.5258947,1.0,4.0,6.0,4.0,S0_baseline
91986.0,0.0,802.4024706,1203.6037059,2607.80802945,0.0,401.2012353,401.2012353,434.634671575,0.0,2.0,3.0,6.0,S0_baseline
91998.0,0.0,277.229199,332.67503880000004,443.5667184,0.0,138.6145995,110.89167960000002,110.8916796,0.0,2.0,3.0,4.0,S0_baseline
92001.0,31.762010655,74.111358195,158.81005327499997,211.7467377,31.762010655,24.703786065,22.68715046785714,26.4683422125,1.0,3.0,7.0,8.0,S0_baseline
92008.0,0.0,243.21858805,291.86230566,389.14974088,0.0,121.609294025,97.28743522,97.28743522,0.0,2.0,3.0,4.0,S0_baseline
92009.0,0.0,866.4155472500001,1039.6986567,1906.11420395,0.0,433.2077736250001,346.5662189,381.22284079,0.0,2.0,3.0,5.0,S0_baseline
92013.0,0.0,302.358938,362.8307256,483.7743008,0.0,151.17946899999998,120.9435752,120.9435752,0.0,2.0,3.0,4.0,S0_baseline
92015.0,1583.196396,1583.196396,7520.182881000001,4749.589188,791.598198,791.598198,835.5758756666668,791.598198,2.0,2.0,9.0,6.0,S0_baseline
92023.0,0.0,950.8396758,2852.5190274,6180.4578927,0.0,950.8396758,950.8396758,1030.07631545,0.0,1.0,3.0,6.0,S0_baseline
92031.0,224.5025236,1010.2613562,1459.2664034,1122.512618,224.5025236,252.56533905,243.21106723333327,224.5025236,1.0,4.0,6.0,5.0,S0_baseline
92032.0,36.677191365,85.580113185,183.385956825,244.5146091,36.677191365,28.526704395,26.197993832142856,30.5643261375,1.0,3.0,7.0,8.0,S0_baseline
92034.0,0.0,533.97072725,640.7648727000001,854.3531636,0.0,266.985363625,213.58829090000003,213.5882909,0.0,2.0,3.0,4.0,S0_baseline
92039.0,0.0,1464.8901698,2197.3352547,4028.44796695,0.0,732.4450849,732.4450849,805.6895933899999,0.0,2.0,3.0,5.0,S0_baseline
92042.0,28.12233272,49.21408226,70.30583179999999,112.48933088,14.06116636,16.404694086666666,14.061166359999998,16.06990441142857,2.0,3.0,5.0,7.0,S0_baseline
92047.0,528.2887532999999,1760.9625109999995,3874.1175242,2817.5400176,528.2887532999999,440.24062774999993,430.4575026888888,402.5057168,1.0,4.0,9.0,7.0,S0_baseline
92048.0,0.0,458.84372765,393.2946237,524.3928316,0.0,152.94790921666666,131.0982079,131.0982079,0.0,3.0,3.0,4.0,S0_baseline
92050.0,0.0,44.17798677500001,53.013584130000005,88.35597355000002,0.0,22.088993387500004,17.67119471,17.67119471,0.0,2.0,3.0,5.0,S0_baseline
92054.0,77.4306152,193.57653800000003,232.2918456,503.2989988000001,77.4306152,96.788269,77.4306152,100.65979976,1.0,2.0,3.0,5.0,S0_baseline
92055.0,1429.562808,6433.032636,5718.251232,8577.376848,1429.562808,1608.258159,1429.562808,1429.562808,1.0,4.0,4.0,6.0,S0_baseline
92061.0,0.0,536.5404800000001,643.8485760000001,858.464768,0.0,268.27024000000006,214.61619200000004,214.616192,0.0,2.0,3.0,4.0,S0_baseline
92067.0,0.0,452.27952575,542.7354309,995.01495665,0.0,226.139762875,180.9118103,199.00299133,0.0,2.0,3.0,5.0,S0_baseline
92073.0,3074.116696,3074.116696,13064.995958,10759.408436,1537.058348,1537.058348,1633.12449475,1537.058348,2.0,2.0,8.0,7.0,S0_baseline
92093.0,0.0,46.41665515,55.69998618,92.8333103,0.0,23.208327575,18.56666206,18.56666206,0.0,2.0,3.0,5.0,S0_baseline
92102.0,1540.81254,4622.437620000001,8217.66688,6163.2501600000005,1540.81254,1155.6094050000002,1173.9524114285716,1027.20836,1.0,4.0,7.0,6.0,S0_baseline
92103.0,0.0,825.0227472500001,990.0272967,1815.05004395,0.0,412.511373625,330.0090989,363.01000879,0.0,2.0,3.0,5.0,S0_baseline
92104.0,25.10141574,58.56997006,125.5070787,192.44418734,25.10141574,19.52332335333333,17.929582671428573,24.0555234175,1.0,3.0,7.0,8.0,S0_baseline
92113.0,0.0,703.39687525,844.0762503000001,1125.4350004,0.0,351.698437625,281.3587501,281.3587501,0.0,2.0,3.0,4.0,S0_baseline
92148.0,0.0,666.5862072500001,799.9034487000001,1066.5379316,0.0,333.2931036250001,266.6344829,266.6344829,0.0,2.0,3.0,4.0,S0_baseline
92155.0,81.18839503,284.159382605,527.724567695,649.50716024,81.18839503,94.71979420166667,87.95409461583334,92.78673717714284,1.0,3.0,6.0,7.0,S0_baseline
92164.0,99.87214516,349.55250806000004,299.61643548,399.48858064,99.87214516,116.51750268666667,99.87214516,99.87214516,1.0,3.0,3.0,4.0,S0_baseline
92174.0,27.118327185,54.23665437,135.591635925,171.749405505,27.118327185,18.07888479,19.370233703571422,21.468675688125,1.0,3.0,7.0,8.0,S0_baseline
92175.0,0.0,724.87368425,869.8484211,1884.67157905,0.0,362.436842125,289.9494737,314.11192984166667,0.0,2.0,3.0,6.0,S0_baseline
92203.0,835.925098,3761.662941,3343.700392,3343.700392,835.925098,940.41573525,835.925098,835.925098,1.0,4.0,4.0,4.0,S0_baseline
92207.0,32.6443596,76.1701724,163.22179799999998,217.629064,32.6443596,25.390057466666665,23.31739971428571,27.203633,1.0,3.0,7.0,8.0,S0_baseline
92218.0,0.0,614.5055307499999,737.4066369,1597.71437995,0.0,307.252765375,245.8022123,266.28572999166664,0.0,2.0,3.0,6.0,S0_baseline
92223.0,0.0,83.6510898,100.38130776,167.30217960000002,0.0,41.8255449,33.46043592,33.46043592,0.0,2.0,3.0,5.0,S0_baseline
92228.0,1992.553308,8966.489886,11955.319848,9962.76654,1992.553308,2241.6224715,1992.553308,1992.553308,1.0,4.0,6.0,5.0,S0_baseline
92229.0,0.0,2360.089974,4720.179948,6490.2474285,0.0,1180.044987,1180.044987,1298.0494857,0.0,2.0,4.0,5.0,S0_baseline
92238.0,0.0,118.16402412,137.85802814000002,59.08201206,0.0,29.54100603,22.976338023333337,19.69400402,0.0,4.0,6.0,3.0,S0_baseline
92240.0,0.0,156.232692525,187.47923103,312.46538505,0.0,78.1163462625,62.49307701,62.49307701,0.0,2.0,3.0,5.0,S0_baseline
92251.0,10.0803143,40.3212572,65.52204295,75.60235725,10.0803143,13.440419066666664,10.920340491666666,10.80033675,1.0,3.0,6.0,7.0,S0_baseline
92270.0,1335.930094,6011.685423,5343.720376,8015.580564,1335.930094,1502.92135575,1335.930094,1335.930094,1.0,4.0,4.0,6.0,S0_baseline
92277.0,141.1883963,635.34778335,564.7535852,564.7535852,141.1883963,158.8369458375,141.1883963,141.1883963,1.0,4.0,4.0,4.0,S0_baseline
92278.0,0.0,115.7070899,138.84850788,231.4141798,0.0,57.85354495,46.28283596,46.28283596,0.0,2.0,3.0,5.0,S0_baseline
92280.0,2795.694364,12580.624638,11182.777456,13978.47182,2795.694364,3145.1561595000003,2795.694364,2795.694364,1.0,4.0,4.0,5.0,S0_baseline
92283.0,0.0,224.852824175,269.82338901,359.76451868,0.0,112.42641208749998,89.94112967,89.94112967,0.0,2.0,3.0,4.0,S0_baseline
92294.0,0.0,145.737395375,174.88487444999998,378.917227975,0.0,72.8686976875,58.29495814999999,63.152871329166665,0.0,2.0,3.0,6.0,S0_baseline
92300.0,0.0,615.079876,738.0958512,1353.1757272,0.0,307.539938,246.0319504,270.63514544,0.0,2.0,3.0,5.0,S0_baseline
92309.0,0.0,230.7937624,276.95251488,461.5875248,0.0,115.3968812,92.31750496,92.31750496,0.0,2.0,3.0,5.0,S0_baseline
92310.0,0.0,70.490516895,62.65823724,62.65823724,0.0,17.62262922375,15.66455931,15.66455931,0.0,4.0,4.0,4.0,S0_baseline
92313.0,44.993439225,104.984691525,224.967196125,299.9562615,44.993439225,34.994897175,32.138170875,37.4945326875,1.0,3.0,7.0,8.0,S0_baseline
92340.0,0.0,220.973984425,265.16878131,441.94796885000005,0.0,110.4869922125,88.38959376999999,88.38959377,0.0,2.0,3.0,5.0,S0_baseline
92360.0,91.32349185,182.6469837,273.97047555,547.9409511,91.32349185,91.32349185,91.32349185,91.32349185,1.0,2.0,3.0,6.0,S0_baseline
92376.0,41.82138039,97.58322091,209.10690195,278.8092026,41.82138039,32.52774030333333,29.87241456428572,34.851150325,1.0,3.0,7.0,8.0,S0_baseline
92385.0,12.16302898,42.57060143,79.05968837,91.22271735,12.16302898,14.190200476666666,13.176614728333334,13.031816764285711,1.0,3.0,6.0,7.0,S0_baseline
92398.0,3179.90105,14309.554725,12719.6042,12719.6042,3179.90105,3577.38868125,3179.90105,3179.90105,1.0,4.0,4.0,4.0,S0_baseline
92407.0,0.0,934.4027495,1121.2832994,1495.0443992,0.0,467.20137475,373.7610998,373.7610998,0.0,2.0,3.0,4.0,S0_baseline
92413.0,1993.865781,8972.3960145,14953.9933575,11963.194686,1993.865781,2243.099003625,2136.284765357143,1993.865781,1.0,4.0,7.0,6.0,S0_baseline
92425.0,0.0,1923.91274925,2308.6952991,4232.60804835,0.0,961.956374625,769.5650996999999,846.52160967,0.0,2.0,3.0,5.0,S0_baseline
92434.0,0.0,321.11371747,366.98710568,275.24032926,0.0,107.03790582333332,91.74677642,91.74677642,0.0,3.0,4.0,3.0,S0_baseline
92436.0,0.0,73.96382427,147.92764854,116.22886671,0.0,24.65460809,24.65460809,23.245773342,0.0,3.0,6.0,5.0,S0_baseline
92439.0,0.0,338.85607325,406.62728790000006,881.02579045,0.0,169.428036625,135.5424293,146.83763174166668,0.0,2.0,3.0,6.0,S0_baseline
92442.0,0.0,157.660291625,189.19234995,315.32058325,0.0,78.8301458125,63.06411665,63.06411665,0.0,2.0,3.0,5.0,S0_baseline
92454.0,1976.430952,8893.939284,11858.585712,11858.585712,1976.430952,2223.484821,1976.430952,1976.430952,1.0,4.0,6.0,6.0,S0_baseline
92467.0,24.217703745,56.507975405,121.088518725,161.4513583,24.217703745,18.83599180166667,17.298359817857143,20.1814197875,1.0,3.0,7.0,8.0,S0_baseline
92477.0,642.6961763,1606.7404407500003,2570.7847052,2570.7847052,642.6961763,803.3702203750001,642.6961763,642.6961763,1.0,2.0,4.0,4.0,S0_baseline
92481.0,10.84881746,43.39526984,70.51731348999999,81.36613095,10.84881746,14.465089946666666,11.752885581666666,11.623732992857144,1.0,3.0,6.0,7.0,S0_baseline
92488.0,10.33176529,51.65882645,67.156474385,77.488239675,10.33176529,12.9147066125,11.192745730833332,11.069748525,1.0,4.0,6.0,7.0,S0_baseline
92525.0,101.8915339,305.6746017,713.2407373,611.3492034,101.8915339,101.8915339,101.8915339,101.8915339,1.0,3.0,7.0,6.0,S0_baseline
92587.0,329.8201312,989.4603936,1484.1905904,2638.5610496,164.9100656,164.9100656,247.3650984,188.4686464,2.0,6.0,6.0,14.0,S0_baseline
92595.0,110.6036033,663.6216198,995.4324297,1548.4504462,110.6036033,110.6036033,165.90540495000002,119.1115727846154,1.0,6.0,6.0,13.0,S0_baseline
92609.0,151.2146484,907.2878904,1512.146484,1814.5757808,151.2146484,151.2146484,216.02092628571427,164.9614346181818,1.0,6.0,7.0,11.0,S0_baseline
92626.0,444.6430458,2667.8582748,2667.8582748,5335.7165496,444.6430458,444.6430458,444.6430458,485.0651408727272,1.0,6.0,6.0,11.0,S0_baseline
92661.0,1620.6157284,3241.2314568,4861.847185199999,7562.8733992,540.2052428,540.2052428,810.3078641999999,630.2394499333333,3.0,6.0,6.0,12.0,S0_baseline
92700.0,1024.5622324,2561.405581,4610.5300458,6659.6545106,512.2811162,512.2811162,768.4216743000001,554.9712092166667,2.0,5.0,6.0,12.0,S0_baseline
92747.0,626.65237,1879.95711,4386.56659,6266.5237,626.65237,626.65237,626.65237,626.65237,1.0,3.0,7.0,10.0,S0_baseline
92776.0,37.88580246,113.65740738,340.97222214,303.08641968,37.88580246,37.88580246,37.88580246,37.88580246,1.0,3.0,9.0,8.0,S0_baseline
92843.0,676.3569036,1014.5353554,1014.5353554,2198.1599367,169.0892259,169.0892259,169.0892259,169.0892259,4.0,6.0,6.0,13.0,S0_baseline
92844.0,1756.6896268,2635.0344402,2635.0344402,5709.2412871,439.1724067,439.1724067,439.1724067,439.1724067,4.0,6.0,6.0,13.0,S0_baseline
92852.0,5416.773852,8125.160778,8125.160778,17604.515019000002,1354.193463,1354.193463,1354.193463,1354.193463,4.0,6.0,6.0,13.0,S0_baseline
92876.0,434.8451424,978.4015704,978.4015704,1739.3805696,108.7112856,122.3001963,163.0669284,124.24146925714284,4.0,8.0,6.0,14.0,S0_baseline
92896.0,511.6928918,1535.0786754,1535.0786754,2558.464459,255.8464459,255.8464459,255.8464459,284.27382877777774,2.0,6.0,6.0,9.0,S0_baseline
93060.0,273.7964844,1095.1859376,1642.7789064,3285.5578128,273.7964844,273.7964844,273.7964844,273.7964844,1.0,4.0,6.0,12.0,S0_baseline
93109.0,1867.9829404,3268.9701457,3735.9658808,5603.9488212,466.9957351,466.9957351,533.7094115428571,466.9957351,4.0,7.0,7.0,12.0,S0_baseline
93117.0,975.9636452,1219.9545565,1951.9272904,2439.909113,243.9909113,243.9909113,278.84675577142855,243.9909113,4.0,5.0,7.0,10.0,S0_baseline
93123.0,4549.605908,5687.007385000001,9099.211816,11374.014770000002,1137.401477,1137.401477,1299.8874022857144,1137.401477,4.0,5.0,7.0,10.0,S0_baseline
93160.0,272.4653544,817.3960632000001,817.3960632000001,1498.5594492,136.2326772,136.2326772,136.2326772,149.85594492,2.0,6.0,6.0,10.0,S0_baseline
93188.0,2128.040526,4256.081052,3192.060789,8512.162104,532.0101315,532.0101315,532.0101315,608.0115788571429,4.0,8.0,6.0,14.0,S0_baseline
93243.0,1803.2851272,2028.6957681,2028.6957681,3606.5702544,257.61216102857145,253.5869710125,338.11596135,277.42848110769233,7.0,8.0,6.0,13.0,S0_baseline
93313.0,1088.414501,5442.072505,8707.316008,13060.974012,1088.414501,1360.51812625,1741.4632016,1451.2193346666666,1.0,4.0,5.0,9.0,S0_baseline
93323.0,596.7572384,1193.5144768,2983.786192,3282.1648112000003,298.3786192,397.8381589333333,426.2551702857143,410.2706014,2.0,3.0,7.0,8.0,S0_baseline
93339.0,1581.2179650000005,2108.29062,4743.653895,5797.799205,527.072655,702.76354,790.6089825,579.7799205,3.0,3.0,6.0,10.0,S0_baseline
93346.0,231.5081958,231.5081958,694.5245874,1157.540979,115.7540979,115.7540979,115.7540979,115.7540979,2.0,2.0,6.0,10.0,S0_baseline
93348.0,1067.1529344,1067.1529344,2401.0941024000003,2934.6705696,266.7882336,355.7176448,400.1823504000001,293.46705696,4.0,3.0,6.0,10.0,S0_baseline
93404.0,873.0842448000001,1164.1123264,2328.2246528,3201.3088976,291.0280816,291.0280816,291.0280816,291.0280816,3.0,4.0,8.0,11.0,S0_baseline
93415.0,441.9938613,441.9938613,1031.3190097,1620.6441581,147.3312871,147.3312871,147.3312871,147.3312871,3.0,3.0,7.0,11.0,S0_baseline
93441.0,340.0701666,680.1403332,1530.3157497,1870.3859163,170.0350833,226.7134444,255.05262495,187.03859163,2.0,3.0,6.0,10.0,S0_baseline
93443.0,1541.3176082,1541.3176082,4623.9528246,7706.588041,770.6588041,770.6588041,770.6588041,770.6588041,2.0,2.0,6.0,10.0,S0_baseline
93445.0,135.61130886,135.61130886,406.83392658,542.44523544,67.80565443,67.80565443,67.80565443,67.80565443,2.0,2.0,6.0,8.0,S0_baseline
93458.0,141.36436017,141.36436017,424.09308051,518.33598729,47.12145339,70.682180085,70.682180085,51.833598729,3.0,2.0,6.0,10.0,S0_baseline
93460.0,107.43702663,71.62468442,214.87405326,358.1234221,35.81234221,35.81234221,35.81234221,35.81234221,3.0,2.0,6.0,10.0,S0_baseline
93470.0,429.2248146,286.1498764,858.4496291999999,1144.5995056,143.0749382,143.0749382,143.0749382,143.0749382,3.0,2.0,6.0,8.0,S0_baseline
93478.0,1410.2443924,1410.2443924,4230.7331772,5640.9775696,705.1221962,705.1221962,705.1221962,705.1221962,2.0,2.0,6.0,8.0,S0_baseline
93487.0,408.3020814,272.2013876,816.6041627999999,1361.006938,204.1510407,136.1006938,136.1006938,136.1006938,2.0,2.0,6.0,10.0,S0_baseline
93496.0,318.3377505,212.225167,636.6755009999999,955.0132515,106.1125835,106.1125835,106.1125835,106.1125835,3.0,2.0,6.0,9.0,S0_baseline
93497.0,403.3241826,268.8827884,806.6483652,1075.5311536,134.4413942,134.4413942,134.4413942,134.4413942,3.0,2.0,6.0,8.0,S0_baseline
93516.0,236.0101106,472.0202212,944.0404424,826.0353871,118.0050553,157.34007373333333,188.80808848,137.67256451666665,2.0,3.0,5.0,6.0,S0_baseline
93539.0,0.0,343.9344837,458.5793116,802.5137953,0.0,114.6448279,114.6448279,114.6448279,0.0,3.0,4.0,7.0,S0_baseline
93577.0,105.1818799,420.7275196,631.0912794,841.4550392,105.1818799,140.24250653333334,210.3637598,120.20786274285716,1.0,3.0,3.0,7.0,S0_baseline
93603.0,0.0,299.0071448,448.5107172,747.5178619999999,0.0,149.5035724,149.5035724,149.5035724,0.0,2.0,3.0,5.0,S0_baseline
93662.0,633.7710606,1056.285101,1267.5421212,2112.570202,211.25702020000003,211.2570202,211.25702020000003,211.2570202,3.0,5.0,6.0,10.0,S0_baseline
93687.0,724.6085538,1449.2171076,1449.2171076,2898.4342152,241.5361846,241.5361846,241.5361846,263.4940195636364,3.0,6.0,6.0,11.0,S0_baseline
93696.0,1643.1262977,3286.2525954,3286.2525954,4381.6701272,547.7087659,547.7087659,547.7087659,547.7087659,3.0,6.0,6.0,8.0,S0_baseline
93824.0,1266.1551411,2954.3619959,2110.2585685,4642.5688507,422.0517137,422.0517137,422.0517137,422.0517137,3.0,7.0,5.0,11.0,S0_baseline
93825.0,1507.595031,3015.190062,2512.658385,5527.848447,502.531677,502.531677,502.53167700000006,502.531677,3.0,6.0,5.0,11.0,S0_baseline
93861.0,5108.519997,8514.199995,8514.199995,18731.239989,1702.839999,1702.8399990000005,1702.8399990000005,1702.839999,3.0,5.0,5.0,11.0,S0_baseline
93881.0,2764.5911673,5529.1823346,4607.6519455,10136.8342801,921.5303891,921.5303891,921.5303891,921.5303891,3.0,6.0,5.0,11.0,S0_baseline
93997.0,2198.8418286,5130.6309334,4397.6836572,6596.525485800001,732.9472762,732.9472761999999,732.9472762,732.9472762,3.0,7.0,6.0,9.0,S0_baseline
94012.0,829.8473992,1452.2329486,1452.2329486,2697.0040474,207.4618498,207.4618498,207.4618498,207.4618498,4.0,7.0,7.0,13.0,S0_baseline
94015.0,409.7774772,717.1105851,717.1105851,1331.7768009,102.4443693,102.4443693,102.4443693,102.4443693,4.0,7.0,7.0,13.0,S0_baseline
94018.0,468.0466868,819.0817019,936.0933736,1287.1283887,117.0116717,117.0116717,133.7276248,128.71283886999998,4.0,7.0,7.0,10.0,S0_baseline
94024.0,1636.8935424,2864.5636992,2455.3403136,4092.233856,409.2233856,409.2233856,409.2233856,409.2233856,4.0,7.0,6.0,10.0,S0_baseline
94032.0,932.9647032,1865.9294064,1399.4470548,2565.6529338,233.2411758,233.2411758,233.2411758,233.2411758,4.0,8.0,6.0,11.0,S0_baseline
94034.0,829.7028984,1451.9800722,1244.5543476,2074.257246,207.4257246,207.4257246,207.4257246,207.4257246,4.0,7.0,6.0,10.0,S0_baseline
94041.0,859.8830908,1719.7661816,1289.8246362,1719.7661816,214.9707727,214.9707727,214.9707727,214.9707727,4.0,8.0,6.0,8.0,S0_baseline
94045.0,1473.980852,2947.961704,2210.971278,3316.456917,368.495213,368.495213,368.495213,368.495213,4.0,8.0,6.0,9.0,S0_baseline
94051.0,460.0732348,920.1464696,575.0915435000001,805.1281609,115.0183087,115.0183087,115.0183087,115.0183087,4.0,8.0,5.0,7.0,S0_baseline
94058.0,937.0345424,1874.0690848,1405.5518136,1874.0690848,234.2586356,234.2586356,234.2586356,234.2586356,4.0,8.0,6.0,8.0,S0_baseline
94292.0,188.67459624,566.02378872,471.6864906,754.69838496,94.33729812,94.33729812,94.33729812,94.33729812,2.0,6.0,5.0,8.0,S0_baseline
94332.0,232.150758,1044.678411,1044.678411,1276.829169,116.075379,130.58480137499998,174.11306849999997,141.86990766666668,2.0,8.0,6.0,9.0,S0_baseline
94333.0,791.106204,1423.9911672,1423.9911672,1582.212408,197.776551,177.9988959,237.3318612,197.776551,4.0,8.0,6.0,8.0,S0_baseline
94400.0,105.0640851,315.1922553,630.3845106,630.3845106,105.0640851,105.0640851,105.0640851,105.0640851,1.0,3.0,6.0,6.0,S0_baseline
94477.0,566.133441,1981.4670435,2547.6004845,3113.7339255,283.0667205,330.24450725,424.60008075,345.9704361666666,2.0,6.0,6.0,9.0,S0_baseline
94670.0,2808.2799225,6552.6531525,9360.933075,11233.11969,936.0933075,1092.10885875,1337.2761535714287,1021.1926990909092,3.0,6.0,7.0,11.0,S0_baseline
94695.0,2083.9176008,3125.8764012,4688.8146018,5730.7734022,520.9794002,520.9794002,520.9794002,520.9794002,4.0,6.0,9.0,11.0,S0_baseline
94696.0,1140.6430088,1425.803761,2281.2860176,3421.9290264,285.1607522,285.1607522,285.1607522,285.1607522,4.0,5.0,8.0,12.0,S0_baseline
94721.0,583.866882,1167.733764,1167.733764,1556.978352,194.622294,194.622294,194.622294,194.622294,3.0,6.0,6.0,8.0,S0_baseline
94781.0,4438.161417,6213.4259838,7988.6905506,11539.2196842,887.6322834,1035.5709973,1331.4484251,961.60164035,5.0,6.0,6.0,12.0,S0_baseline
94891.0,118.7318191,356.1954573,474.9272764,949.8545528,118.7318191,118.7318191,118.7318191,118.7318191,1.0,3.0,4.0,8.0,S0_baseline
94892.0,191.60382732,383.20765464,670.61339562,1245.42487758,95.80191366,127.73588488,167.653348905,113.22044341636364,2.0,3.0,4.0,11.0,S0_baseline
94893.0,225.00494643,300.00659524,525.01154167,975.02143453,75.00164881,100.00219841333336,131.2528854175,88.63831223000001,3.0,3.0,4.0,11.0,S0_baseline
94897.0,206.4284418,412.8568836,722.4995463,1341.7848717,103.2142209,137.6189612,180.624886575,121.98044288181818,2.0,3.0,4.0,11.0,S0_baseline
94898.0,227.31396192,303.08528256,530.39924448,833.48452704,75.77132064,101.02842752,132.59981112,92.60939189333334,3.0,3.0,4.0,9.0,S0_baseline
94902.0,1202.001346,1202.001346,1682.8018844,2644.4029612,240.4002692,300.5003365,420.7004711,293.8225512444444,5.0,4.0,4.0,9.0,S0_baseline
94903.0,249.13207645,149.47924587,199.30566116,448.43773761,49.82641529,49.82641529,49.82641529,49.82641529,5.0,3.0,4.0,9.0,S0_baseline
94915.0,254.4994158,254.4994158,636.2485395,1399.7467869,127.2497079,127.2497079,127.2497079,127.2497079,2.0,2.0,5.0,11.0,S0_baseline
94956.0,256.4037346,512.8074692,1025.6149384,1410.2205403,128.2018673,170.93582306666667,205.12298768,156.69117114444444,2.0,3.0,5.0,9.0,S0_baseline
94962.0,1495.6146034,3739.0365085,5982.4584136,8973.6876204,747.8073017,934.759127125,1196.49168272,897.36876204,2.0,4.0,5.0,10.0,S0_baseline
94963.0,1487.5941476,3718.985369,5950.3765904,8925.5648856,743.7970738,929.74634225,1190.07531808,892.55648856,2.0,4.0,5.0,10.0,S0_baseline
94989.0,267.0503596,267.0503596,667.6258989999999,1201.7266181999998,133.5251798,133.5251798,133.5251798,133.5251798,2.0,2.0,5.0,9.0,S0_baseline
94999.0,210.84505545,140.5633703,351.40842575,632.53516635,105.422527725,70.28168515,70.28168515,70.28168515,2.0,2.0,5.0,9.0,S0_baseline
95007.0,420.418806,280.279204,700.69801,1261.256418,210.209403,140.139602,140.139602,140.139602,2.0,2.0,5.0,9.0,S0_baseline
95013.0,121.5963891,243.1927782,607.9819454999999,1215.963891,121.5963891,121.5963891,121.59638909999998,121.59638909999998,1.0,2.0,5.0,10.0,S0_baseline
95017.0,115.3114439,230.6228878,576.5572195,1037.8029951,115.3114439,115.3114439,115.3114439,115.3114439,1.0,2.0,5.0,9.0,S0_baseline
95027.0,247.2885324,618.221331,865.5098634000001,1360.0869282,123.6442662,154.55533275,216.37746585,151.1207698,2.0,4.0,4.0,9.0,S0_baseline
95040.0,152.8362928,611.3451712,1069.8540496,1375.5266352,152.8362928,203.7817237333333,267.4635124,196.5038050285714,1.0,3.0,4.0,7.0,S0_baseline
95043.0,67.2638838,201.7916514,201.7916514,336.31941900000004,67.2638838,67.2638838,67.2638838,67.2638838,1.0,3.0,3.0,5.0,S0_baseline
95050.0,363.348742,726.697484,1271.720597,1816.74371,181.674371,242.23249466666667,317.93014925,227.09296375,2.0,3.0,4.0,8.0,S0_baseline
95060.0,111.5197642,446.0790568,780.6383493999999,1003.6778778,111.5197642,148.69301893333332,195.15958735,143.38255397142856,1.0,3.0,4.0,7.0,S0_baseline
95087.0,280.5752804,561.1505608,982.0134814,1402.876402,140.2876402,187.0501869333333,245.50337035,175.35955024999998,2.0,3.0,4.0,8.0,S0_baseline
95114.0,110.8506309,443.4025236,775.9544163,997.6556781,110.8506309,147.8008412,193.988604075,142.5222397285714,1.0,3.0,4.0,7.0,S0_baseline
95147.0,322.470057,322.470057,644.940114,1182.390209,107.490019,107.490019,107.490019,107.49001900000002,3.0,3.0,6.0,11.0,S0_baseline
95152.0,401.14422389999993,401.14422389999993,802.2884477999999,1470.8621543,133.7147413,133.7147413,133.7147413,133.7147413,3.0,3.0,6.0,11.0,S0_baseline
95165.0,133.7749062,802.6494372,1337.749062,1739.0737806,133.7749062,160.52988743999998,191.1070088571429,158.0976164181818,1.0,5.0,7.0,11.0,S0_baseline
95194.0,120.9259036,241.8518072,725.5554216,1451.1108432,120.9259036,120.9259036,120.9259036,120.9259036,1.0,2.0,6.0,12.0,S0_baseline
95256.0,124.18816284,124.18816284,372.56448852,683.03489562,62.09408142,62.09408142,62.09408142,62.09408142,2.0,2.0,6.0,11.0,S0_baseline
95317.0,0.0,173.73815446,781.82169507,955.55984953,0.0,86.86907723,97.72771188375,86.86907723,0.0,2.0,8.0,11.0,S0_baseline
95339.0,0.0,288.119836,864.359508,1152.479344,0.0,144.059918,144.059918,144.059918,0.0,2.0,6.0,8.0,S0_baseline
95357.0,584.3428184,1168.6856368,2629.5426828000004,2629.5426828000004,292.1714092,389.5618789333334,438.25711380000007,328.69283535000005,2.0,3.0,6.0,8.0,S0_baseline
95364.0,211.0749062,422.1498124,844.2996248,949.8370779,105.5374531,140.71660413333333,168.85992496,118.7296347375,2.0,3.0,5.0,8.0,S0_baseline
95377.0,515.1567794,1030.3135588,2318.2055073,2318.2055073,257.5783897,343.4378529333333,386.36758455,289.7756884125,2.0,3.0,6.0,8.0,S0_baseline
95390.0,2035.626462,2714.168616,6106.879386,6106.879386,678.542154,904.722872,1017.813231,763.35992325,3.0,3.0,6.0,8.0,S0_baseline
95405.0,0.0,119.5058374,298.7645935,478.0233496,0.0,59.7529187,59.7529187,59.7529187,0.0,2.0,5.0,8.0,S0_baseline
95433.0,3358.881351,5598.135585,10076.644053,10076.644053,1119.627117,1399.53389625,1679.4406755,1259.580506625,3.0,4.0,6.0,8.0,S0_baseline
95491.0,1103.46830565,1397.72652049,514.95187597,1618.42018162,78.81916468928571,82.21920708764706,73.56455371,77.06762769619047,14.0,17.0,7.0,21.0,S0_baseline
95521.0,458.3066823,611.0755764,1527.688941,1374.9200469000002,152.7688941,203.6918588,218.2412772857143,171.86500586250003,3.0,3.0,7.0,8.0,S0_baseline
95530.0,0.0,439.959819,1319.879457,1759.839276,0.0,219.9799095,219.9799095,219.9799095,0.0,2.0,6.0,8.0,S0_baseline
95589.0,95.94067059,383.76268236,575.64402354,575.64402354,95.94067059,127.92089412,143.911005885,115.128804708,1.0,3.0,4.0,5.0,S0_baseline
95691.0,0.0,103.3738446,723.6169122,516.869223,0.0,103.3738446,103.3738446,103.3738446,0.0,1.0,7.0,5.0,S0_baseline
95747.0,0.0,76.04825368,190.1206342,152.09650736,0.0,38.02412684,38.02412684,38.02412684,0.0,2.0,5.0,4.0,S0_baseline
95786.0,0.0,86.77085033,347.08340132,260.31255099,0.0,86.77085033,86.77085033,86.77085032999999,0.0,1.0,4.0,3.0,S0_baseline
95819.0,606.98932238,433.5638017,346.85104136,346.85104136,86.71276034,86.71276034,86.71276034,86.71276034,7.0,5.0,4.0,4.0,S0_baseline
95891.0,0.0,158.8208458,635.2833832,1111.7459206,0.0,158.8208458,158.8208458,158.8208458,0.0,1.0,4.0,7.0,S0_baseline
95892.0,0.0,238.2327565,952.931026,1667.6292955,0.0,238.2327565,238.2327565,238.2327565,0.0,1.0,4.0,7.0,S0_baseline
95894.0,0.0,192.7196317,770.8785268,1349.0374219,0.0,192.7196317,192.7196317,192.7196317,0.0,1.0,4.0,7.0,S0_baseline
95898.0,0.0,184.7285466,738.9141864,1293.0998261999998,0.0,184.7285466,184.7285466,184.7285466,0.0,1.0,4.0,7.0,S0_baseline
95901.0,0.0,181.1260278,724.5041112,1267.8821946,0.0,181.1260278,181.1260278,181.1260278,0.0,1.0,4.0,7.0,S0_baseline
95903.0,0.0,112.7796782,451.1187128,789.4577474,0.0,112.7796782,112.7796782,112.7796782,0.0,1.0,4.0,7.0,S0_baseline
95923.0,0.0,40.01149588,200.0574794,320.09196704,0.0,40.01149588,40.01149588,40.01149588,0.0,1.0,5.0,8.0,S0_baseline
95925.0,0.0,29.19300659,145.96503295,204.35104613,0.0,29.19300659,29.19300659,29.19300659,0.0,1.0,5.0,7.0,S0_baseline
95933.0,0.0,193.3171961,966.5859805,1159.9031765999998,0.0,193.3171961,193.3171961,193.3171961,0.0,1.0,5.0,6.0,S0_baseline
95943.0,0.0,183.3399267,916.6996335,916.6996335,0.0,183.3399267,183.3399267,183.3399267,0.0,1.0,5.0,5.0,S0_baseline
95964.0,0.0,206.0813574,824.3254296,1030.406787,0.0,206.0813574,206.0813574,206.0813574,0.0,1.0,4.0,5.0,S0_baseline
95981.0,0.0,408.864342,2453.186052,2044.32171,0.0,408.864342,408.864342,408.864342,0.0,1.0,6.0,5.0,S0_baseline
95987.0,0.0,119.2531451,715.5188706,596.2657255,0.0,119.2531451,119.2531451,119.2531451,0.0,1.0,6.0,5.0,S0_baseline
96007.0,0.0,224.9367155,1124.6835775,899.746862,0.0,224.9367155,224.9367155,224.9367155,0.0,1.0,5.0,4.0,S0_baseline
96026.0,39.45509593,78.91019186,157.82038372,197.27547965,39.45509593,39.45509593,39.45509593,39.45509593,1.0,2.0,4.0,5.0,S0_baseline
96044.0,0.0,80.00140353,480.00842118,640.01122824,0.0,80.00140353,80.00140353,80.00140353,0.0,1.0,6.0,8.0,S0_baseline
96058.0,0.0,399.4961224,1597.9844896,2796.4728568,0.0,399.4961224,399.4961224,399.4961224,0.0,1.0,4.0,7.0,S0_baseline
96071.0,0.0,231.0749256,924.2997024,1386.4495536,0.0,231.0749256,231.0749256,231.0749256,0.0,1.0,4.0,6.0,S0_baseline
96085.0,0.0,159.9713433,639.8853732,639.8853732,0.0,159.9713433,159.9713433,159.9713433,0.0,1.0,4.0,4.0,S0_baseline
96111.0,0.0,523.0742013,1046.1484026,1569.2226039,0.0,261.53710065,261.53710065,224.1746577,0.0,2.0,4.0,7.0,S0_baseline
96162.0,436.7582468,1310.2747404,2620.5494808,3930.8242212,436.7582468,655.1373702,655.1373702,561.5463173142857,1.0,2.0,4.0,7.0,S0_baseline
96210.0,0.0,173.1026065,692.410426,692.410426,0.0,173.1026065,173.1026065,173.1026065,0.0,1.0,4.0,4.0,S0_baseline
96230.0,0.0,228.3061403,684.9184209,684.9184209,0.0,228.3061403,228.3061403,228.3061403,0.0,1.0,3.0,3.0,S0_baseline
96268.0,0.0,420.978276,420.978276,420.978276,0.0,140.326092,140.326092,140.326092,0.0,3.0,3.0,3.0,S0_baseline
96272.0,0.0,701.1917394,701.1917394,701.1917394,0.0,233.7305798,233.7305798,233.7305798,0.0,3.0,3.0,3.0,S0_baseline
96276.0,0.0,664.5629709,664.5629709,664.5629709,0.0,221.5209903,221.5209903,221.5209903,0.0,3.0,3.0,3.0,S0_baseline
96287.0,0.0,906.1600575,1208.21341,2416.42682,0.0,453.08002875,402.7378033333334,345.20383142857145,0.0,2.0,3.0,7.0,S0_baseline
96360.0,412.8404088,619.2606132,619.2606132,1444.9414308,412.8404088,206.4202044,206.4202044,206.4202044,1.0,3.0,3.0,7.0,S0_baseline
96385.0,0.0,259.4742363,778.4227088999999,1556.8454177999995,0.0,259.4742363,259.4742363,259.4742363,0.0,1.0,3.0,6.0,S0_baseline
96410.0,0.0,889.4350158,1778.8700316,2371.8267088,0.0,444.7175079,355.77400632,338.83238697142855,0.0,2.0,5.0,7.0,S0_baseline
96434.0,0.0,1889.9010711,3149.8351185,5039.7361896,0.0,944.95053555,787.458779625,719.9623128000001,0.0,2.0,4.0,7.0,S0_baseline
96452.0,0.0,448.0291746,1792.1166984,2240.145873,0.0,448.0291746,448.0291746,448.0291746,0.0,1.0,4.0,5.0,S0_baseline
96456.0,0.0,330.9914244,661.9828488,992.9742732,0.0,165.4957122,165.4957122,165.4957122,0.0,2.0,4.0,6.0,S0_baseline
96457.0,0.0,233.8500085,935.400034,1169.2500425,0.0,233.8500085,233.8500085,233.8500085,0.0,1.0,4.0,5.0,S0_baseline
96458.0,0.0,410.2833851,1641.1335404,2051.4169255,0.0,410.2833851,410.2833851,410.2833850999999,0.0,1.0,4.0,5.0,S0_baseline
96475.0,0.0,246.9799814,987.9199256,987.9199256,0.0,246.9799814,246.9799814,246.9799814,0.0,1.0,4.0,4.0,S0_baseline
96503.0,0.0,100.0594061,400.2376244,400.2376244,0.0,100.0594061,100.0594061,100.0594061,0.0,1.0,4.0,4.0,S0_baseline
96521.0,0.0,171.8888024,687.5552096,515.6664072,0.0,171.8888024,171.8888024,171.8888024,0.0,1.0,4.0,3.0,S0_baseline
96612.0,0.0,619.3439091,825.7918788,1651.5837576,0.0,309.67195455,275.2639596,235.9405368,0.0,2.0,3.0,7.0,S0_baseline
96636.0,0.0,36.72808513,146.91234052,220.36851078,0.0,36.72808513,36.72808513,36.72808513,0.0,1.0,4.0,6.0,S0_baseline
96638.0,0.0,38.2642616,114.7927848,229.5855696,0.0,38.2642616,38.2642616,38.2642616,0.0,1.0,3.0,6.0,S0_baseline
96652.0,0.0,86.96132266,347.84529064,521.7679359599999,0.0,86.96132266,86.96132266,86.96132266,0.0,1.0,4.0,6.0,S0_baseline
96656.0,0.0,131.1500177,524.6000708,786.9001062,0.0,131.1500177,131.1500177,131.1500177,0.0,1.0,4.0,6.0,S0_baseline
96662.0,0.0,297.4627092,1189.8508368,1784.7762552,0.0,297.4627092,297.4627092,297.4627092,0.0,1.0,4.0,6.0,S0_baseline
96685.0,0.0,96.90507956,387.62031824,678.33555692,0.0,96.90507956,96.90507956,96.90507956,0.0,1.0,4.0,7.0,S0_baseline
96703.0,0.0,119.9463439,479.7853756,599.7317195,0.0,119.9463439,119.9463439,119.94634390000002,0.0,1.0,4.0,5.0,S0_baseline
96712.0,0.0,91.41030473,365.64121892,457.05152365,0.0,91.41030473,91.41030473,91.41030473,0.0,1.0,4.0,5.0,S0_baseline
96719.0,0.0,65.72692513,262.90770052,328.63462565,0.0,65.72692513,65.72692513,65.72692513,0.0,1.0,4.0,5.0,S0_baseline
96722.0,0.0,78.51323124,314.05292496,392.5661562,0.0,78.51323124,78.51323124,78.51323124,0.0,1.0,4.0,5.0,S0_baseline
96723.0,0.0,84.22623247,336.90492988,421.13116235,0.0,84.22623247,84.22623247,84.22623247,0.0,1.0,4.0,5.0,S0_baseline
96754.0,0.0,126.3362464,379.0087392,505.3449856,0.0,126.3362464,126.3362464,126.3362464,0.0,1.0,3.0,4.0,S0_baseline
96766.0,0.0,135.7194311,407.1582933,950.0360177,0.0,135.7194311,135.7194311,135.7194311,0.0,1.0,3.0,7.0,S0_baseline
96831.0,200.963996,301.44599400000004,301.44599400000004,602.8919880000001,100.481998,150.72299700000002,150.72299700000002,120.57839760000002,2.0,2.0,2.0,5.0,S0_baseline
96848.0,33.17279017,99.51837051,99.51837051,199.03674102,33.17279017,49.759185255,49.759185255,39.807348204,1.0,2.0,2.0,5.0,S0_baseline
96850.0,33.86280918,101.58842754,101.58842754,203.17685508,33.86280918,50.79421377,50.79421377,40.635371016,1.0,2.0,2.0,5.0,S0_baseline
96881.0,230.9391372,461.8782744,577.347843,692.8174116,115.4695686,153.9594248,144.33696075,138.56348232,2.0,3.0,4.0,5.0,S0_baseline
96933.0,69.58750408,104.38125612,104.38125612,104.38125612,34.79375204,52.19062806,52.19062806,52.19062806,2.0,2.0,2.0,2.0,S0_baseline
96939.0,0.0,61.69280674,92.53921011,123.38561348,0.0,30.84640337,46.269605055,41.128537826666665,0.0,2.0,2.0,3.0,S0_baseline
96944.0,0.0,409.5055784,819.0111568,1023.763946,0.0,204.7527892,273.00371893333335,255.9409865,0.0,2.0,3.0,4.0,S0_baseline
96952.0,0.0,251.5425536,377.3138304,628.8563839999999,0.0,125.7712768,188.6569152,157.21409599999998,0.0,2.0,2.0,4.0,S0_baseline
97036.0,0.0,153.19358574,204.25811432,204.25811432,0.0,30.638717148,40.851622864,34.04301905333333,0.0,5.0,5.0,6.0,S0_baseline
98364.0,27.24754244,108.99016976,163.48525464,190.73279708,27.24754244,36.33005658666666,54.49508488,38.146559416,1.0,3.0,3.0,5.0,S0_baseline
98634.0,30.03123574,45.04685361,90.09370722,90.09370722,15.01561787,22.523426805,30.03123574,22.523426805,2.0,2.0,3.0,4.0,S0_baseline
98714.0,14.01760027,42.05280081,84.10560162,112.14080216,14.01760027,21.026400405,28.03520054,18.690133693333333,1.0,2.0,3.0,6.0,S0_baseline
98753.0,147.30011235,147.30011235,294.6002247,343.70026215,49.10003745,73.650056175,98.2000749,68.74005243,3.0,2.0,3.0,5.0,S0_baseline
98777.0,31.47640866,15.73820433,62.95281732,94.42922598,15.73820433,15.73820433,15.73820433,15.73820433,2.0,1.0,4.0,6.0,S0_baseline
99768.0,48.87786634,97.75573268,146.63359902,195.51146536,24.43893317,48.87786634,48.87786634,32.58524422666667,2.0,2.0,3.0,6.0,S0_baseline
99809.0,17.52542317,52.57626951,122.67796219,105.15253902,17.52542317,26.288134755,30.6694905475,26.288134755,1.0,2.0,4.0,4.0,S0_baseline
99833.0,0.0,18.09802797,72.39211188,54.29408391,0.0,18.09802797,18.09802797,18.09802797,0.0,1.0,4.0,3.0,S0_baseline
100348.0,0.0,638.670079,766.4040947999999,1021.8721264,0.0,212.8900263333333,255.4680316,170.31202106666666,0.0,3.0,3.0,6.0,S0_baseline
100465.0,0.0,56.55571914,84.83357871,169.66715742,0.0,28.27785957,28.27785957,28.27785957,0.0,2.0,3.0,6.0,S0_baseline
100671.0,0.0,1046.854091,1046.854091,2093.708182,0.0,209.3708182,209.3708182,209.3708182,0.0,5.0,5.0,10.0,S0_baseline
100734.0,0.0,453.29028282,679.93542423,755.4838047,0.0,113.322570705,113.322570705,94.4354755875,0.0,4.0,6.0,8.0,S0_baseline
100799.0,0.0,170.58281750999998,219.32076537,243.6897393,0.0,34.116563502,36.553460895,30.4612174125,0.0,5.0,6.0,8.0,S0_baseline
100809.0,0.0,116.34558714,271.47303666,271.47303666,0.0,38.78186238,45.24550611,38.78186238,0.0,3.0,6.0,7.0,S0_baseline
100814.0,0.0,54.64929654,109.29859308,163.94788962,0.0,27.32464827,27.32464827,27.32464827,0.0,2.0,4.0,6.0,S0_baseline
102160.0,506.0155841,2530.0779205,4554.1402569,5060.155841,506.0155841,843.3593068333333,910.82805138,632.519480125,1.0,3.0,5.0,8.0,S0_baseline
102162.0,0.0,943.2684592,1886.5369184,2122.3540332,0.0,314.42281973333337,377.30738368,303.19343331428576,0.0,3.0,5.0,7.0,S0_baseline
102344.0,0.0,17.29112474,69.16449896,69.16449896,0.0,17.29112474,17.29112474,17.29112474,0.0,1.0,4.0,4.0,S0_baseline
102365.0,0.0,76.0816926,266.2859241,228.2450778,0.0,76.0816926,66.571481025,57.06126945,0.0,1.0,4.0,4.0,S0_baseline
102525.0,0.0,606.9545736,303.4772868,1213.9091472,0.0,303.4772868,303.4772868,404.6363824,0.0,2.0,1.0,3.0,S0_baseline
102535.0,0.0,417.7727142,208.8863571,1044.4317855,0.0,208.8863571,208.8863571,261.107946375,0.0,2.0,1.0,4.0,S0_baseline
102545.0,0.0,455.1254594,227.5627297,1137.8136485,0.0,227.5627297,227.5627297,284.453412125,0.0,2.0,1.0,4.0,S0_baseline
102553.0,0.0,208.4210393,0.0,625.2631179,0.0,208.4210393,0.0,312.63155895,0.0,1.0,0.0,2.0,S0_baseline
102681.0,0.0,76.99192764,153.98385528,153.98385528,0.0,38.49596382,38.49596382,38.49596382,0.0,2.0,4.0,4.0,S0_baseline
102698.0,0.0,226.33058736,226.33058736,282.91323420000003,0.0,56.58264684,56.58264684,56.58264684000001,0.0,4.0,4.0,5.0,S0_baseline
102699.0,0.0,155.60682141,155.60682141,259.34470235,0.0,51.868940470000005,51.868940470000005,51.86894047,0.0,3.0,3.0,5.0,S0_baseline
102726.0,0.0,1031.508874,773.6316555000001,2063.017748,0.0,343.8362913333333,386.81582775,343.8362913333333,0.0,3.0,2.0,6.0,S0_baseline
102736.0,0.0,231.08354046,154.05569364,462.16708092,0.0,77.02784682,77.02784682,77.02784682,0.0,3.0,2.0,6.0,S0_baseline
102779.0,0.0,126.23356755,84.1557117,252.4671351,0.0,42.07785585,42.07785585,42.07785585,0.0,3.0,2.0,6.0,S0_baseline
102813.0,0.0,168.22777888,168.22777888,378.51250248,0.0,56.07592629333333,56.07592629333333,54.07321464,0.0,3.0,3.0,7.0,S0_baseline
102864.0,0.0,136.46733336,90.97822224,272.93466672,0.0,45.48911112,45.48911112,45.48911112,0.0,3.0,2.0,6.0,S0_baseline
102865.0,0.0,214.21703757,214.21703757,499.83975433,0.0,71.40567919,71.40567919,83.30662572166666,0.0,3.0,3.0,6.0,S0_baseline
102885.0,0.0,112.42255923,74.94837282,187.37093205,0.0,37.47418641,37.47418641,37.47418641,0.0,3.0,2.0,5.0,S0_baseline
102897.0,0.0,69.39209892,46.26139928,115.6534982,0.0,23.13069964,23.13069964,23.13069964,0.0,3.0,2.0,5.0,S0_baseline
102991.0,0.0,76.9745916,76.9745916,211.6801269,0.0,25.6581972,25.6581972,26.4600158625,0.0,3.0,3.0,8.0,S0_baseline
103029.0,0.0,65.49273422,65.49273422,130.98546844,0.0,32.74636711,32.74636711,32.74636711,0.0,2.0,2.0,4.0,S0_baseline
103114.0,0.0,139.208632,104.406474,348.02158,0.0,46.40287733333333,52.203237,49.717368571428565,0.0,3.0,2.0,7.0,S0_baseline
103118.0,0.0,54.48284666,54.48284666,136.20711665,0.0,27.24142333,27.24142333,27.24142333,0.0,2.0,2.0,5.0,S0_baseline
103119.0,0.0,51.886209,51.886209,129.7155225,0.0,25.9431045,25.9431045,25.9431045,0.0,2.0,2.0,5.0,S0_baseline
103127.0,0.0,70.18078503,70.18078503,210.54235509,0.0,35.090392515,35.090392515,30.07747929857143,0.0,2.0,2.0,7.0,S0_baseline
103141.0,0.0,145.92636908,109.44477681,328.33433043,0.0,48.64212302666667,54.722388405,46.90490434714286,0.0,3.0,2.0,7.0,S0_baseline
103195.0,0.0,12.95221367,38.85664101,25.90442734,0.0,12.95221367,12.95221367,12.95221367,0.0,1.0,3.0,2.0,S0_baseline
103293.0,0.0,13.76089393,41.28268179,27.52178786,0.0,13.76089393,13.76089393,13.76089393,0.0,1.0,3.0,2.0,S0_baseline
104380.0,0.0,16.56594454,49.69783362,33.13188908,0.0,16.56594454,16.56594454,16.56594454,0.0,1.0,3.0,2.0,S0_baseline
104507.0,0.0,32.07599094,48.11398641,32.07599094,0.0,16.03799547,16.03799547,16.03799547,0.0,2.0,3.0,2.0,S0_baseline
104798.0,0.0,18.5725732,55.7177196,37.1451464,0.0,18.5725732,18.5725732,18.5725732,0.0,1.0,3.0,2.0,S0_baseline
105497.0,0.0,21.79948094,65.39844282,43.59896188,0.0,21.79948094,21.79948094,21.79948094,0.0,1.0,3.0,2.0,S0_baseline
105509.0,0.0,19.42003573,58.26010719,38.84007146,0.0,19.42003573,19.42003573,19.42003573,0.0,1.0,3.0,2.0,S0_baseline
105524.0,0.0,19.25303263,57.75909789,38.50606526,0.0,19.25303263,19.25303263,19.25303263,0.0,1.0,3.0,2.0,S0_baseline
105672.0,0.0,25.63467652,76.90402956,51.26935304,0.0,25.63467652,25.63467652,25.63467652,0.0,1.0,3.0,2.0,S0_baseline
105690.0,0.0,37.63758345,112.91275035,75.2751669,0.0,37.63758345,37.63758345,37.63758345,0.0,1.0,3.0,2.0,S0_baseline
105693.0,0.0,49.11466459,147.34399377,98.22932918,0.0,49.11466459,49.11466459,49.11466459,0.0,1.0,3.0,2.0,S0_baseline
105778.0,0.0,10.31017188,30.930515640000003,20.62034376,0.0,10.31017188,10.31017188,10.31017188,0.0,1.0,3.0,2.0,S0_baseline
105931.0,0.0,12.83896834,38.51690502,25.67793668,0.0,12.83896834,12.83896834,12.83896834,0.0,1.0,3.0,2.0,S0_baseline
106035.0,0.0,32.07640658,96.22921974,96.22921974,0.0,32.07640658,32.07640658,32.07640658,0.0,1.0,3.0,3.0,S0_baseline
106114.0,0.0,12.42989797,37.28969391,24.85979594,0.0,12.42989797,12.42989797,12.42989797,0.0,1.0,3.0,2.0,S0_baseline
106262.0,0.0,22.39085286,67.17255858,44.78170572,0.0,22.39085286,22.39085286,22.39085286,0.0,1.0,3.0,2.0,S0_baseline
106332.0,0.0,37.76243158,113.28729474,75.52486316,0.0,37.76243158,37.76243158,37.76243158,0.0,1.0,3.0,2.0,S0_baseline
106438.0,0.0,12.42274758,37.26824274,37.26824274,0.0,12.42274758,12.42274758,12.42274758,0.0,1.0,3.0,3.0,S0_baseline
106808.0,0.0,27.48542488,82.45627464,54.97084976,0.0,27.48542488,27.48542488,27.48542488,0.0,1.0,3.0,2.0,S0_baseline
106810.0,0.0,31.8836779,95.6510337,63.7673558,0.0,31.8836779,31.8836779,31.8836779,0.0,1.0,3.0,2.0,S0_baseline
106812.0,0.0,37.02330599,111.06991797,74.04661198,0.0,37.02330599,37.02330599,37.02330599,0.0,1.0,3.0,2.0,S0_baseline
106885.0,0.0,27.23253313,81.69759939,54.46506626,0.0,27.23253313,27.23253313,27.23253313,0.0,1.0,3.0,2.0,S0_baseline
107134.0,0.0,14.96308745,44.88926235,29.9261749,0.0,14.96308745,14.963087449999998,14.96308745,0.0,1.0,3.0,2.0,S0_baseline
107148.0,0.0,18.26996307,54.80988921,36.53992614,0.0,18.26996307,18.26996307,18.26996307,0.0,1.0,3.0,2.0,S0_baseline
107149.0,0.0,15.57780767,46.73342301,31.15561534,0.0,15.57780767,15.57780767,15.57780767,0.0,1.0,3.0,2.0,S0_baseline
107236.0,0.0,26.64994373,79.94983119,53.29988746,0.0,26.64994373,26.64994373,26.64994373,0.0,1.0,3.0,2.0,S0_baseline
107237.0,0.0,26.18793983,78.56381949,52.37587966,0.0,26.18793983,26.18793983,26.18793983,0.0,1.0,3.0,2.0,S0_baseline
107359.0,0.0,19.48840647,58.46521941,38.97681294,0.0,19.48840647,19.48840647,19.48840647,0.0,1.0,3.0,2.0,S0_baseline
107360.0,0.0,16.99029637,50.97088911,33.98059274,0.0,16.99029637,16.99029637,16.99029637,0.0,1.0,3.0,2.0,S0_baseline
107363.0,0.0,15.6083671,46.8251013,31.2167342,0.0,15.6083671,15.6083671,15.6083671,0.0,1.0,3.0,2.0,S0_baseline
107366.0,0.0,24.93264306,74.79792918,49.86528612,0.0,24.93264306,24.93264306,24.93264306,0.0,1.0,3.0,2.0,S0_baseline
107525.0,0.0,15.59895662,46.79686986,31.19791324,0.0,15.59895662,15.59895662,15.59895662,0.0,1.0,3.0,2.0,S0_baseline
107541.0,0.0,15.04778206,45.14334618,30.09556412,0.0,15.04778206,15.047782059999998,15.04778206,0.0,1.0,3.0,2.0,S0_baseline
107707.0,0.0,14.2595387,57.0381548,42.7786161,0.0,14.2595387,14.2595387,14.2595387,0.0,1.0,4.0,3.0,S0_baseline
107894.0,0.0,29.01473612,87.04420836,58.02947224,0.0,29.01473612,29.01473612,29.01473612,0.0,1.0,3.0,2.0,S0_baseline
107913.0,0.0,40.65775127,121.97325381,121.97325381,0.0,40.65775127,40.65775127,40.65775127,0.0,1.0,3.0,3.0,S0_baseline
108203.0,314.6741619,314.6741619,314.6741619,944.0224857,157.33708095,104.8913873,104.8913873,104.8913873,2.0,3.0,3.0,9.0,S0_baseline
108501.0,0.0,248.1733016,372.2599524,1116.7798572,0.0,124.0866508,124.0866508,124.0866508,0.0,2.0,3.0,9.0,S0_baseline
108502.0,0.0,96.48869322,144.73303983,337.71042627,0.0,48.24434661,48.24434661,48.24434661,0.0,2.0,3.0,7.0,S0_baseline
108579.0,0.0,17.46039119,52.38117357,34.92078238,0.0,17.46039119,17.46039119,17.46039119,0.0,1.0,3.0,2.0,S0_baseline
108622.0,279.6317528,559.2635056,699.079382,1118.5270112,139.8158764,139.8158764,139.8158764,139.8158764,2.0,4.0,5.0,8.0,S0_baseline
108636.0,0.0,41.799493,167.197972,125.398479,0.0,41.799493,41.799493,41.799493,0.0,1.0,4.0,3.0,S0_baseline
108659.0,0.0,712.3519188,890.4398985,890.4398985,0.0,237.4506396,296.8132995,222.609974625,0.0,3.0,3.0,4.0,S0_baseline
108687.0,152.67344826,76.33672413,687.0305171699999,1068.71413782,76.33672413,76.33672413,114.505086195,89.05951148499999,2.0,1.0,6.0,12.0,S0_baseline
108694.0,223.0575828,111.5287914,669.1727484,1226.8167054,111.5287914,111.5287914,133.83454968,111.5287914,2.0,1.0,5.0,11.0,S0_baseline
108697.0,127.0820911,63.54104555,317.70522775,762.4925466,63.54104555,63.54104555,63.54104555,69.31750423636363,2.0,1.0,5.0,11.0,S0_baseline
108708.0,209.226604,104.613302,836.906416,1464.586228,104.613302,104.613302,139.48440266666668,122.04885233333334,2.0,1.0,6.0,12.0,S0_baseline
108787.0,4245.676179,5094.8114148,9340.4875938,15284.4342444,849.1352358,1018.96228296,934.04875938,1018.96228296,5.0,5.0,10.0,15.0,S0_baseline
108797.0,917.2241966,2293.0604915,3210.2846881,8255.0177694,458.6120983,573.265122875,535.0474480166666,515.9386105875,2.0,4.0,6.0,16.0,S0_baseline
108800.0,102.73580842,308.20742526,308.20742526,924.62227578,51.36790421,77.051856315,51.36790421,57.78889223625,2.0,4.0,6.0,16.0,S0_baseline
108813.0,496.8401754,993.6803508,993.6803508,3974.7214032,248.4200877,248.4200877,248.4200877,248.4200877,2.0,4.0,4.0,16.0,S0_baseline
108832.0,2323.4618346,5421.4109474,4646.9236692,13166.2837294,774.4872781999999,1084.28218948,774.4872781999999,877.7522486266666,3.0,5.0,6.0,15.0,S0_baseline
108839.0,211.15057071,281.53409428,422.30114142,1196.51990069,70.38352357,70.38352357,70.38352357,79.76799337933333,3.0,4.0,6.0,15.0,S0_baseline
108850.0,67.4712638,134.9425276,607.2413742,1214.4827484,67.4712638,67.4712638,86.74876774285714,80.96551656,1.0,2.0,7.0,15.0,S0_baseline
108893.0,505.9170722,1264.7926805,1264.7926805,4300.2951137,252.9585361,316.198170125,252.9585361,268.76844460625,2.0,4.0,5.0,16.0,S0_baseline
108897.0,289.75544121,386.34058828,482.92573535,1545.36235312,96.58514707,96.58514707,96.58514707,103.02415687466667,3.0,4.0,5.0,15.0,S0_baseline
108907.0,194.58785078,194.58785078,389.17570156,1362.11495546,97.29392539,97.29392539,97.29392539,97.29392539,2.0,2.0,4.0,14.0,S0_baseline
109052.0,59.1789485,177.5368455,295.8947425,710.147382,59.1789485,59.1789485,59.1789485,59.1789485,1.0,3.0,5.0,12.0,S0_baseline
109056.0,116.8153916,233.6307832,584.076958,1518.6000908,116.8153916,116.8153916,116.8153916,116.8153916,1.0,2.0,5.0,13.0,S0_baseline
109123.0,40.20927866,120.62783598,201.0463933,402.0927866,40.20927866,40.20927866,40.20927866,40.20927866,1.0,3.0,5.0,10.0,S0_baseline
109127.0,51.92832214,103.85664428,415.42657712,623.13986568,51.92832214,51.92832214,59.346653874285714,62.313986568,1.0,2.0,7.0,10.0,S0_baseline
109133.0,320.0197028,480.0295542,960.0591084,2320.1428453,160.0098514,240.0147771,160.0098514,232.01428453,2.0,2.0,6.0,10.0,S0_baseline
109154.0,50.5988102,101.1976204,303.5928612,505.988102,50.5988102,50.5988102,50.5988102,50.5988102,1.0,2.0,6.0,10.0,S0_baseline
109157.0,122.97895962,122.97895962,368.93687886,737.87375772,61.48947981,61.48947981,61.48947981,61.48947981,2.0,2.0,6.0,12.0,S0_baseline
109164.0,54.46984335,108.9396867,435.7587468,599.16827685,54.46984335,54.46984335,54.46984335,59.916827685,1.0,2.0,8.0,10.0,S0_baseline
109173.0,32.72861582,65.45723164,261.82892656,392.74338984,32.72861582,32.72861582,37.40413236571429,39.274338984,1.0,2.0,7.0,10.0,S0_baseline
109181.0,97.01725866,194.03451732,679.1208106199999,1067.18984526,97.01725866,97.01725866,113.18680177,118.57664947333332,1.0,2.0,6.0,9.0,S0_baseline
109183.0,125.8023842,251.6047684,754.8143052,1258.023842,125.8023842,125.8023842,150.96286104,139.78042688888888,1.0,2.0,5.0,9.0,S0_baseline
109185.0,48.84142115,195.3656846,293.0485269,634.93847495,48.84142115,65.12189486666666,58.60970538,63.493847495,1.0,3.0,5.0,10.0,S0_baseline
109198.0,41.85962065,251.1577239,293.01734455,544.1750684499999,41.85962065,62.789430975,41.85962065,54.41750684499999,1.0,4.0,7.0,10.0,S0_baseline
109220.0,95.56600004,191.13200008,238.9150001,573.39600024,47.78300002,95.56600004,47.78300002,47.78300002,2.0,2.0,5.0,12.0,S0_baseline
109228.0,83.24776412,124.87164618,208.1194103,457.86270266,41.62388206,62.43582309,41.62388206,41.62388206,2.0,2.0,5.0,11.0,S0_baseline
109230.0,147.47722424,147.47722424,368.6930606,811.12473332,73.73861212,73.73861212,73.73861212,73.73861212,2.0,2.0,5.0,11.0,S0_baseline
109234.0,52.03009238,104.06018476,364.21064666,598.34606237,52.03009238,52.03009238,60.701774443333335,66.48289581888889,1.0,2.0,6.0,9.0,S0_baseline
109256.0,141.5570346,283.1140692,990.8992422,1557.1273806000002,141.5570346,141.5570346,165.14987370000003,173.01415340000003,1.0,2.0,6.0,9.0,S0_baseline
109262.0,53.74979719,107.49959438,322.49878314,483.74817471,53.74979719,53.74979719,53.74979719,53.74979719,1.0,2.0,6.0,9.0,S0_baseline
109294.0,97.71439627,390.85758508,488.57198135,879.4295664299999,97.71439627,195.42879254,97.71439627,97.71439627,1.0,2.0,5.0,9.0,S0_baseline
109303.0,81.93760473,163.87520946,327.75041892,819.3760473,81.93760473,81.93760473,81.93760473,91.04178303333332,1.0,2.0,4.0,9.0,S0_baseline
109310.0,108.6472123,217.2944246,434.5888492,1086.472123,108.6472123,108.6472123,108.6472123,120.71912477777778,1.0,2.0,4.0,9.0,S0_baseline
109314.0,97.94073783,391.76295132,489.70368915,979.4073783,97.94073783,195.88147566,97.94073783,108.82304203333334,1.0,2.0,5.0,9.0,S0_baseline
109321.0,24.40098575,97.603943,122.00492875,329.413307625,24.40098575,24.40098575,24.40098575,29.946664329545456,1.0,4.0,5.0,11.0,S0_baseline
109354.0,42.95076384,85.90152768,300.65534688,472.45840224,42.95076384,42.95076384,50.10922448,52.49537802666666,1.0,2.0,6.0,9.0,S0_baseline
109429.0,99.78863632,299.36590896,399.15454528,1347.14659032,99.78863632,149.68295447999998,99.78863632,122.46787184727272,1.0,2.0,4.0,11.0,S0_baseline
109442.0,70.36683915,140.7336783,351.83419575000005,738.851811075,70.36683915,70.36683915,70.36683915,73.8851811075,1.0,2.0,5.0,10.0,S0_baseline
109451.0,92.07155871,276.21467613000004,460.35779355,1335.037601295,92.07155871,92.07155871000002,92.07155871,102.6952000996154,1.0,3.0,5.0,13.0,S0_baseline
109559.0,340.4017798,680.8035596,1361.6071192,3744.4195778,340.4017798,340.4017798,340.4017798,340.4017798,1.0,2.0,4.0,11.0,S0_baseline
109633.0,420.787239,420.787239,1051.9680975,2314.3298145,210.3936195,210.3936195,210.39361950000003,210.3936195,2.0,2.0,5.0,11.0,S0_baseline
109665.0,254.1185492,381.1778238,762.3556476,1651.7705698,127.0592746,190.5889119,127.0592746,137.64754748333334,2.0,2.0,6.0,12.0,S0_baseline
109668.0,124.75438568,124.75438568,374.26315704,873.28069976,62.37719284,62.37719284,62.37719284,67.17543844307691,2.0,2.0,6.0,13.0,S0_baseline
109677.0,92.10055086,92.10055086,230.25137715,598.65358059,46.05027543,46.05027543,46.05027543,46.050275430000006,2.0,2.0,5.0,13.0,S0_baseline
109682.0,129.37660072,129.37660072,323.4415018,840.94790468,64.68830036,64.68830036,64.68830036,64.68830036,2.0,2.0,5.0,13.0,S0_baseline
109694.0,225.9520782,225.9520782,527.2215158,903.8083128,75.3173594,112.9760391,75.3173594,82.16439207272728,3.0,2.0,7.0,11.0,S0_baseline
109705.0,133.83524068,133.83524068,535.34096272,736.09382374,66.91762034,66.91762034,66.91762034,66.91762034,2.0,2.0,8.0,11.0,S0_baseline
109716.0,319.1028867,212.7352578,957.3086601,1170.0439179,106.3676289,106.3676289,119.6635825125,130.00487976666668,3.0,2.0,8.0,9.0,S0_baseline
109717.0,1343.9312331,895.9541554,3135.8395439,4479.770777,447.97707770000005,447.9770777,447.9770777,497.75230855555554,3.0,2.0,7.0,9.0,S0_baseline
109720.0,333.8990258,333.8990258,1335.5961032,1669.495129,166.9495129,166.9495129,166.9495129,185.49945877777776,2.0,2.0,8.0,9.0,S0_baseline
109723.0,223.6360158,223.6360158,894.5440632,1118.180079,111.8180079,111.8180079,111.8180079,124.242231,2.0,2.0,8.0,9.0,S0_baseline
109729.0,302.8298762,302.8298762,1211.3195048,1514.149381,151.4149381,151.4149381,151.4149381,168.2388201111111,2.0,2.0,8.0,9.0,S0_baseline
109743.0,295.610696,295.610696,1330.2481320000002,1404.150806,147.805348,147.805348,166.28101650000002,156.01675622222223,2.0,2.0,8.0,9.0,S0_baseline
109751.0,141.13989308,141.13989308,635.1295188600001,705.6994654,70.56994654,70.56994654,79.39118985750001,78.41105171111111,2.0,2.0,8.0,9.0,S0_baseline
109799.0,707.0289108,707.0289108,3181.6300986,3535.144554,353.5144554,353.5144554,397.703762325,392.7938393333333,2.0,2.0,8.0,9.0,S0_baseline
109802.0,463.4227168,810.9897544,2317.113584,2317.113584,231.7113584,405.4948772,257.45706488888885,257.45706488888885,2.0,2.0,9.0,9.0,S0_baseline
109819.0,622.3700868,622.3700868,2645.0728689,3111.850434,311.1850434,311.1850434,330.6341086125,345.7611593333333,2.0,2.0,8.0,9.0,S0_baseline
109822.0,613.4088328,613.4088328,2913.6919558,3067.044164,306.7044164,306.7044164,364.211494475,340.78268488888887,2.0,2.0,8.0,9.0,S0_baseline
109830.0,447.7586086,447.7586086,1902.97408655,2238.793043,223.8793043,223.8793043,271.8534409357143,248.7547825555556,2.0,2.0,7.0,9.0,S0_baseline
109833.0,518.6396382,518.6396382,2204.21846235,3241.4977387500003,259.3198191,259.3198191,314.88835176428574,360.1664154166667,2.0,2.0,7.0,9.0,S0_baseline
109837.0,2040.649586,2040.649586,8672.7607405,10203.24793,1020.324793,1020.324793,1084.0950925625,1133.6942144444445,2.0,2.0,8.0,9.0,S0_baseline
109843.0,792.5134458,792.5134458,3368.18214465,3962.567229,396.2567229,396.2567229,421.02276808125,440.2852476666666,2.0,2.0,8.0,9.0,S0_baseline
109846.0,834.5106488,834.5106488,3546.6702574,5215.691555,417.2553244,417.2553244,506.6671796285714,579.5212838888889,2.0,2.0,7.0,9.0,S0_baseline
109849.0,473.9121354,473.9121354,1895.6485416,2369.560677,236.9560677,236.9560677,236.9560677,263.28451966666665,2.0,2.0,8.0,9.0,S0_baseline
109857.0,98.43863518,98.43863518,467.58351710500006,566.0221522850001,49.21931759,49.21931759,51.953724122777786,62.891350253888895,2.0,2.0,9.0,9.0,S0_baseline
109863.0,478.0332342,478.0332342,2031.64124535,2509.67447955,239.0166171,239.0166171,253.95515566875,278.85271995,2.0,2.0,8.0,9.0,S0_baseline
109867.0,2357.151992,2357.151992,8839.31997,12375.047958,1178.575996,1178.575996,1262.759995714286,1375.0053286666669,2.0,2.0,7.0,9.0,S0_baseline
109873.0,981.1737758,981.1737758,3679.40165925,5151.16232295,490.5868879,490.5868879,525.6288084642857,572.3513692166666,2.0,2.0,7.0,9.0,S0_baseline
109875.0,217.723637,217.723637,816.46363875,1143.04909425,108.8618185,108.8618185,116.63766267857144,127.00545491666668,2.0,2.0,7.0,9.0,S0_baseline
109883.0,191.91963666,191.91963666,719.698637475,1103.537910795,95.95981833,95.95981833,102.81409106785716,122.61532342166667,2.0,2.0,7.0,9.0,S0_baseline
109886.0,543.2857332000001,362.1904888,1539.3095774,1810.952444,271.64286660000005,181.0952444,219.9013682,201.21693822222224,2.0,2.0,7.0,9.0,S0_baseline
109888.0,243.97707351,162.65138234,609.942683775,813.2569117,121.988536755,81.32569117,87.13466911071428,90.3618790777778,2.0,2.0,7.0,9.0,S0_baseline
109916.0,747.0713509,640.3468722,1814.3161379,2454.6630101,249.02378363333327,213.4489574,226.7895172375,272.7403344555556,3.0,3.0,8.0,9.0,S0_baseline
109926.0,2389.8608524,2048.4521592,5803.9477844,7510.9912504,796.6202841333334,682.8173864,725.49347305,751.09912504,3.0,3.0,8.0,10.0,S0_baseline
109928.0,1573.7548137499998,1348.9326975,3821.97597625,4496.442325,524.5849379166666,449.6442325,477.74699703125,499.6047027777778,3.0,3.0,8.0,9.0,S0_baseline
109952.0,2185.53407065,1873.3149177,4683.28729425,6556.60221195,728.5113568833334,624.4383059,669.0410420357142,728.5113568833334,3.0,3.0,7.0,9.0,S0_baseline
109966.0,2276.34175485,1517.5611699,4299.75664805,5817.31781795,758.78058495,505.8537233,614.2509497214286,646.3686464388888,3.0,3.0,7.0,9.0,S0_baseline
109983.0,707.94349955,606.8087138999999,1517.0217847499998,2123.83049865,235.98116651666663,202.2695713,216.71739782142853,235.98116651666663,3.0,3.0,7.0,9.0,S0_baseline
109989.0,1481.4630005,846.550286,3597.8387155,4444.3890015,493.8210001666666,423.275143,513.9769593571428,493.8210001666666,3.0,2.0,7.0,9.0,S0_baseline
110018.0,532.8968389500001,456.7687191,1141.92179775,1598.69051685,177.63227965000002,152.2562397,163.13168539285715,177.63227965,3.0,3.0,7.0,9.0,S0_baseline
110023.0,1788.28054195,1532.8118931,3832.02973275,4853.90432815,596.0935139833333,510.9372977,547.4328189642857,606.73804101875,3.0,3.0,7.0,8.0,S0_baseline
110031.0,1887.52751845,1617.8807301000002,3505.4082485500003,5123.28897865,629.1758394833333,539.2935767,584.2347080916667,640.41112233125,3.0,3.0,6.0,8.0,S0_baseline
110049.0,512.04905815,658.3487890499999,1389.8474435499998,2121.34609805,170.68301938333332,219.44959635,173.73093044374997,192.8496452772727,3.0,3.0,8.0,11.0,S0_baseline
110051.0,1191.3176305,1429.5811566,4050.4799437,5003.5340481,595.65881525,476.5270522,506.3099929625,555.9482275666667,2.0,3.0,8.0,9.0,S0_baseline
110101.0,436.686336,436.686336,1091.71584,1528.402176,145.562112,145.562112,155.95940571428574,169.822464,3.0,3.0,7.0,9.0,S0_baseline
110102.0,384.4766193,384.4766193,961.19154825,1345.66816755,128.1588731,128.1588731,137.31307832142858,149.51868528333333,3.0,3.0,7.0,9.0,S0_baseline
110105.0,1521.0319628,1303.7416824,3693.9347668,3911.2250472,507.0106542666667,434.5805608,527.7049666857143,488.9031309,3.0,3.0,7.0,8.0,S0_baseline
110108.0,1721.2140008,1475.3262863999998,4180.0911448,4671.866573599999,573.7380002666666,491.77542879999993,522.5113931,583.9833216999999,3.0,3.0,8.0,8.0,S0_baseline
110116.0,2135.96573645,1220.5518494,4577.06943525,6102.759247,711.9885788166666,610.2759247,653.8670621785715,678.0843607777778,3.0,2.0,7.0,9.0,S0_baseline
110121.0,2591.89762755,1481.0843586,5554.06634475,7405.421793,863.96587585,740.5421793,793.4380492500001,822.8246436666667,3.0,2.0,7.0,9.0,S0_baseline
110136.0,1903.690386,1903.690386,8090.6841405,9518.45193,951.845193,951.845193,1155.8120200714286,1057.60577,2.0,2.0,7.0,9.0,S0_baseline
110143.0,1351.3427436,1351.3427436,6081.0423462,6756.713718,675.6713718,675.6713718,760.130293275,750.7459686666666,2.0,2.0,8.0,9.0,S0_baseline
110150.0,1483.3670206,1483.3670206,5191.784572099999,7416.835102999999,741.6835103,741.6835103,741.6835103,824.0927892222221,2.0,2.0,7.0,9.0,S0_baseline
110153.0,1012.6527836,1012.6527836,3544.2847426,5063.263918000001,506.3263918,506.3263918,506.3263918,562.5848797777778,2.0,2.0,7.0,9.0,S0_baseline
110165.0,405.0190809,347.1592122,867.8980305,1041.4776366,135.0063603,173.5796061,123.98543292857144,130.184704575,3.0,2.0,7.0,8.0,S0_baseline
110174.0,587.1373417,335.5070524,1090.3979203,1677.535262,195.7124472333333,167.7535262,181.7329867166667,186.3928068888889,3.0,2.0,6.0,9.0,S0_baseline
110189.0,522.72461815,298.6997818,1120.12418175,1344.1490181,174.24153938333333,149.3498909,160.01774025,168.0186272625,3.0,2.0,7.0,8.0,S0_baseline
110190.0,299.81974505,171.3255686,642.4708822499999,942.2906273,99.93991501666666,85.6627843,91.78155460714284,94.22906273,3.0,2.0,7.0,10.0,S0_baseline
110203.0,377.7898131,269.8498665,701.6096529,1079.399466,125.9299377,134.92493325,116.93494215,119.933274,3.0,2.0,6.0,9.0,S0_baseline
110206.0,284.699672985,162.68552742,610.070727825,813.4276371,94.899890995,81.34276371,87.15296111785713,90.38084856666666,3.0,2.0,7.0,9.0,S0_baseline
110213.0,1311.00160225,1573.2019227,3408.60416585,5768.4070499,655.500801125,524.4006409,568.1006943083333,640.9341166555555,2.0,3.0,6.0,9.0,S0_baseline
110214.0,327.88326165,234.20232975,702.60698925,1030.4902509,109.29442055,117.101164875,100.37242703571428,114.49891676666668,3.0,2.0,7.0,9.0,S0_baseline
110215.0,294.6511568,210.46511200000003,547.2092912,757.6744032,98.21705226666668,105.23255600000002,91.20154853333334,94.7093004,3.0,2.0,6.0,8.0,S0_baseline
110240.0,659.7003890000001,791.6404668,1979.1011670000005,2902.6817116,329.85019450000004,263.8801556,282.7287381428572,322.5201901777778,2.0,3.0,7.0,9.0,S0_baseline
110244.0,388.88909815,222.2223418,833.3337817500001,1222.2228799,129.62969938333333,111.1111709,119.04768310714287,122.22228799,3.0,2.0,7.0,10.0,S0_baseline
110292.0,941.19967165,537.8283838,2016.85643925,2420.2277271,313.7332238833333,268.9141919,288.1223484642857,302.5284658875,3.0,2.0,7.0,8.0,S0_baseline
110300.0,157.135661,314.271322,1257.085288,1571.35661,157.135661,157.135661,179.58361257142855,174.59517888888888,1.0,2.0,7.0,9.0,S0_baseline
110309.0,139.92867,139.92867,454.7681775,769.6076850000001,69.964335,69.964335,75.79469625,76.9607685,2.0,2.0,6.0,10.0,S0_baseline
110331.0,100.38820178,100.38820178,401.55280712,552.13510979,50.19410089,50.19410089,66.92546785333333,55.213510979,2.0,2.0,6.0,10.0,S0_baseline
110335.0,858.51817835,735.8727243,1839.68181075,2575.55453505,429.259089175,367.93636215,262.81168725,286.17272611666664,2.0,2.0,7.0,9.0,S0_baseline
110337.0,649.9843297499999,779.9811957,1689.95925735,3119.9247828,324.992164875,259.9937319,281.659876225,311.99247828,2.0,3.0,6.0,10.0,S0_baseline
110387.0,846.492107,677.1936856,2200.8794782,3555.2668494,423.2460535,338.5968428,366.81324636666665,395.0296499333333,2.0,2.0,6.0,9.0,S0_baseline
110397.0,216.6859582,433.3719164,1733.4876656,2275.2025611,216.6859582,216.6859582,247.64109508571428,252.80028456666665,1.0,2.0,7.0,9.0,S0_baseline
110428.0,325.8132089,651.6264178,2606.5056712,3258.132089,325.8132089,325.8132089,372.3579530285714,362.0146765555556,1.0,2.0,7.0,9.0,S0_baseline
110447.0,327.3048319,654.6096638,2945.7434871,3273.048319,327.3048319,327.3048319,420.8204981571429,363.6720354444444,1.0,2.0,7.0,9.0,S0_baseline
110450.0,108.2526439,216.5052878,866.0211512,1082.526439,108.2526439,108.2526439,123.7173073142857,120.28071544444444,1.0,2.0,7.0,9.0,S0_baseline
110458.0,457.2815123,914.5630246,3658.2520984,4572.815122999999,457.2815123,457.2815123,522.6074426285714,508.0905692222221,1.0,2.0,7.0,9.0,S0_baseline
110466.0,245.2905812,490.5811624,1717.0340683999998,2820.8416838,245.2905812,245.2905812,286.1723447333333,313.4268537555556,1.0,2.0,6.0,9.0,S0_baseline
110469.0,175.1592465,350.318493,1401.273972,1751.592465,175.1592465,175.1592465,200.181996,194.621385,1.0,2.0,7.0,9.0,S0_baseline
110477.0,112.1341725,224.268345,897.07338,1121.341725,112.1341725,112.1341725,128.15334,124.593525,1.0,2.0,7.0,9.0,S0_baseline
110488.0,302.2694898,604.5389796,2418.1559184,3022.694898,302.2694898,302.2694898,345.45084548571424,335.85498866666666,1.0,2.0,7.0,9.0,S0_baseline
110500.0,188.2067938,376.4135876,1317.4475566,1882.067938,188.2067938,188.2067938,219.57459276666668,209.1186597777778,1.0,2.0,6.0,9.0,S0_baseline
110514.0,508.3795526,1016.7591052,3558.6568682,5083.795526,508.3795526,508.3795526,593.1094780333334,564.8661695555555,1.0,2.0,6.0,9.0,S0_baseline
110519.0,252.8710268,505.7420536,2149.4037278,2908.0168082,252.8710268,252.8710268,307.0576754,323.1129786888889,1.0,2.0,7.0,9.0,S0_baseline
110554.0,169.18570907,120.84693505,459.21835319,483.3877402,56.395236356666665,60.423467525,57.40229414875,53.70974891111111,3.0,2.0,8.0,9.0,S0_baseline
110558.0,935.79335535,668.42382525,2272.64100585,2941.0648311000004,311.93111845000004,334.211912625,284.08012573125,294.10648311000006,3.0,2.0,8.0,10.0,S0_baseline
110562.0,467.59028925,333.99306375000003,1001.97919125,1469.5694805,155.86342975,166.99653187500002,143.1398844642857,146.95694805,3.0,2.0,7.0,10.0,S0_baseline
110564.0,300.81325449,214.86661035000003,558.65318691,945.41308554,100.27108483,107.43330517500002,93.108864485,105.04589839333336,3.0,2.0,6.0,9.0,S0_baseline
110566.0,1206.4993843000002,861.7852745,2930.0699333,3791.8552078,402.1664614333334,430.89263725,366.2587416625,379.1855207800001,3.0,2.0,8.0,10.0,S0_baseline
110570.0,314.06346797000003,224.33104855,852.45798449,987.05661362,104.68782265666668,112.165524275,94.71755383222222,98.705661362,3.0,2.0,9.0,10.0,S0_baseline
110576.0,355.60360675,355.60360675,863.6087592499999,1320.8133965,118.53453558333332,118.53453558333332,107.95109490625,120.07394513636363,3.0,3.0,8.0,11.0,S0_baseline
110577.0,151.130330995,107.950236425,367.030803845,474.98104027,50.37677699833333,53.97511821250001,45.878850480625005,47.498104027,3.0,2.0,8.0,10.0,S0_baseline
110579.0,286.51611653,204.65436895,613.96310685,1064.20271854,95.50537217666664,102.327184475,87.70901526428572,96.74570168545456,3.0,2.0,7.0,11.0,S0_baseline
110582.0,243.166890715,243.166890715,521.071908675,1007.405690105,81.05563023833334,81.05563023833334,74.43884409642858,91.58233546409092,3.0,3.0,7.0,11.0,S0_baseline
110584.0,203.522207735,203.522207735,494.268218785,843.163432045,67.84073591166667,67.84073591166667,61.783527348125,76.651221095,3.0,3.0,8.0,11.0,S0_baseline
110612.0,203.138348315,145.098820225,493.335988765,638.43480899,67.71278277166665,72.5494101125,61.666998595625,63.843480899,3.0,2.0,8.0,10.0,S0_baseline
110625.0,156.194980775,218.672973085,593.540926945,749.73590772,78.0974903875,109.3364865425,84.79156099214286,74.973590772,2.0,2.0,7.0,10.0,S0_baseline
110636.0,128.274465475,179.58425166499998,487.442968805,615.7174342799999,64.1372327375,89.79212583249999,69.63470982928571,61.57174342799999,2.0,2.0,7.0,10.0,S0_baseline
110650.0,244.883210375,244.883210375,832.602915275,1224.416051875,122.4416051875,122.4416051875,118.94327361071429,122.4416051875,2.0,2.0,7.0,10.0,S0_baseline
110653.0,176.48685532500002,176.48685532500002,600.055308105,741.244792365,88.24342766250001,88.24342766250001,85.72218687214286,74.1244792365,2.0,2.0,7.0,10.0,S0_baseline
110654.0,220.95136677500005,220.95136677500005,662.854100325,1060.5665605200002,110.4756833875,110.4756833875,94.69344290357142,106.05665605200002,2.0,2.0,7.0,10.0,S0_baseline
110656.0,167.186652875,200.62398345,568.434619775,802.4959337999999,83.5933264375,66.87466115,81.20494568214285,80.24959338,2.0,3.0,7.0,10.0,S0_baseline
110691.0,112.7166894,157.80336516,383.23674396,473.41009548,56.3583447,78.90168258,54.74810628,47.341009548,2.0,2.0,7.0,10.0,S0_baseline
110711.0,1204.26333265,1204.26333265,2580.56428425,4645.01571165,401.4211108833333,401.4211108833333,368.6520406071428,387.0846426375,3.0,3.0,7.0,12.0,S0_baseline
110712.0,1043.84027615,1043.84027615,2535.0406706500003,4026.24106515,347.9467587166667,347.9467587166667,362.1486672357143,335.5200887625,3.0,3.0,7.0,12.0,S0_baseline
110715.0,218.462756295,218.462756295,468.134477775,780.224129625,72.820918765,72.820918765,66.87635396785714,70.92946632954546,3.0,3.0,7.0,11.0,S0_baseline
110734.0,285.67076072500004,204.050543375,530.531412775,938.632499525,95.22358690833336,102.0252716875,88.42190212916667,93.8632499525,3.0,2.0,6.0,10.0,S0_baseline
110744.0,246.31342764,175.9381626,457.43922276,809.31554796,82.10447588000001,87.9690813,76.23987046,80.931554796,3.0,2.0,6.0,10.0,S0_baseline
110746.0,680.02340525,680.02340525,1457.1930112500002,2234.3626172500003,226.67446841666663,226.67446841666663,208.17043017857145,223.43626172500004,3.0,3.0,7.0,10.0,S0_baseline
110751.0,525.5641531,375.4029665000001,976.0477129,1726.8536459000002,175.18805103333332,187.70148325,162.67461881666668,172.68536459,3.0,2.0,6.0,10.0,S0_baseline
110784.0,167.02543956,208.78179945,542.83267857,1043.90899725,83.51271978,104.390899725,90.472113095,94.9008179318182,2.0,2.0,6.0,11.0,S0_baseline
110810.0,157.7878269,197.234783625,512.810437425,867.83304795,78.89391345,98.6173918125,85.4684062375,86.783304795,2.0,2.0,6.0,10.0,S0_baseline
110813.0,606.1678389,336.75991050000005,875.5757673,1549.0955883,151.541959725,168.37995525000002,145.92929455,154.90955883,4.0,2.0,6.0,10.0,S0_baseline
110817.0,251.867524685,179.90537477499998,467.753974415,899.5268738749999,83.95584156166666,89.95268738749999,77.95899573583333,81.77517035227271,3.0,2.0,6.0,11.0,S0_baseline
110823.0,668.92442295,477.80315925,1242.28821405,2197.89453255,222.97480765,238.901579625,207.048035675,219.789453255,3.0,2.0,6.0,10.0,S0_baseline
110832.0,1050.6298607,750.4499005,1951.1697413,3752.2495025,350.2099535666666,375.22495025,325.1949568833333,341.1135911363636,3.0,2.0,6.0,11.0,S0_baseline
110841.0,207.6122246,363.32139305,674.73972995,1297.5764037499998,103.8061123,181.660696525,112.45662165833332,117.96149124999998,2.0,2.0,6.0,11.0,S0_baseline
110843.0,320.9618703,267.46822525,695.4173856499999,1337.34112625,106.9872901,133.734112625,115.90289760833332,121.57646602272726,3.0,2.0,6.0,11.0,S0_baseline
110844.0,195.210709435,139.43622102499998,362.534174665,557.7448840999999,65.07023647833333,69.71811051249999,60.42236244416666,61.97165378888888,3.0,2.0,6.0,9.0,S0_baseline
110847.0,186.572323175,133.265945125,346.491457325,533.0637805,62.19077439166667,66.6329725625,57.748576220833336,59.22930894444445,3.0,2.0,6.0,9.0,S0_baseline
110854.0,337.2212214,590.13713745,1095.96896955,2107.63263375,168.6106107,295.068568725,182.661494925,191.60296670454545,2.0,2.0,6.0,11.0,S0_baseline
110856.0,206.529933365,147.521380975,383.555590535,590.0855239,68.84331112166666,73.7606904875,63.925931755833325,65.56505821111111,3.0,2.0,6.0,9.0,S0_baseline
110866.0,173.72239310999998,124.08742365,322.62730149000004,496.3496946,57.90746436999999,62.043711825,53.771216915,55.14996606666667,3.0,2.0,6.0,9.0,S0_baseline
110871.0,596.1497454500001,596.1497454500001,1107.13524155,1873.6134857,198.7165818166667,298.07487272500003,184.5225402583333,187.36134857,3.0,2.0,6.0,10.0,S0_baseline
110874.0,263.65254282,307.59463329,571.2471761099999,1098.55226175,87.88418094000001,153.797316645,95.207862685,99.8683874318182,3.0,2.0,6.0,11.0,S0_baseline
110893.0,411.0688432,411.0688432,1335.9737404,2569.18027,205.5344216,205.5344216,222.66229006666663,233.5618427272727,2.0,2.0,6.0,11.0,S0_baseline
110908.0,353.1184314,353.1184314,655.7913726,1109.8007844,117.7061438,176.5592157,109.2985621,110.98007844,3.0,2.0,6.0,10.0,S0_baseline
110915.0,138.68635958,138.68635958,450.730668635,866.7897473749999,69.34317979,69.34317979,75.12177810583333,78.79906794318181,2.0,2.0,6.0,11.0,S0_baseline
110916.0,88.93298088,88.93298088,289.03218786,555.8311305,44.46649044,44.46649044,48.17203131,50.53010277272727,2.0,2.0,6.0,11.0,S0_baseline
110918.0,232.156156155,165.82582582499998,431.147147145,663.3033032999999,77.38538538499999,82.91291291249999,71.8578578575,73.70036703333332,3.0,2.0,6.0,9.0,S0_baseline
110919.0,41.42492879,82.84985758,331.39943032,517.811609875,41.42492879,41.42492879,55.23323838666667,47.0737827159091,1.0,2.0,6.0,11.0,S0_baseline
110935.0,55.17401529,110.34803058,358.631099385,689.675191125,55.17401529,55.17401529,59.7718498975,62.69774464772727,1.0,2.0,6.0,11.0,S0_baseline
110954.0,71.06088165,142.1217633,461.895730725,781.6696981499999,71.06088165,71.06088165,76.98262178750001,78.16696981499999,1.0,2.0,6.0,10.0,S0_baseline
110975.0,51.7379273,103.4758546,362.16549110000005,620.8551276000001,51.7379273,51.7379273,60.36091518333334,56.44137523636364,1.0,2.0,6.0,11.0,S0_baseline
110981.0,112.43934644,112.43934644,393.53771254,618.4164054199999,56.21967322,56.21967322,65.58961875666667,61.84164054199999,2.0,2.0,6.0,10.0,S0_baseline
110988.0,32.08511358,64.17022716,208.55323827,352.93624938,32.08511358,32.08511358,34.758873044999994,35.293624938,1.0,2.0,6.0,10.0,S0_baseline
110996.0,386.6911665,773.382333,2706.8381655000003,4640.293998,386.6911665,386.6911665,451.1396942500001,421.8449089090909,1.0,2.0,6.0,11.0,S0_baseline
110997.0,331.9753651,663.9507302,2323.8275557,3983.7043812,331.9753651,331.9753651,387.3045926166666,362.15494374545455,1.0,2.0,6.0,11.0,S0_baseline
111008.0,107.8628244,215.7256488,755.0397707999999,1294.3538927999998,107.8628244,107.8628244,125.83996179999998,117.66853570909088,1.0,2.0,6.0,11.0,S0_baseline
111017.0,37.93722344,75.87444688,265.56056407999995,455.24668128,37.93722344,37.93722344,44.26009401333332,41.38606193454545,1.0,2.0,6.0,11.0,S0_baseline
111021.0,37.14705258,111.44115774,334.32347322,464.33815725,37.14705258,55.72057887,47.76049617428571,46.433815725,1.0,2.0,7.0,10.0,S0_baseline
111026.0,131.12971376,131.12971376,458.95399816,786.77828256,65.56485688,65.56485688,76.49233302666666,71.52529841454545,2.0,2.0,6.0,11.0,S0_baseline
111074.0,69.90162325,209.70486975,629.1146092500001,803.868667375,69.90162325,104.852434875,89.87351560714286,80.3868667375,1.0,2.0,7.0,10.0,S0_baseline
111094.0,37.43769139,74.87538278,299.50153112,393.095759595,37.43769139,37.43769139,42.78593301714285,43.677306621666666,1.0,2.0,7.0,9.0,S0_baseline
111140.0,271.4040435,542.808087,1899.8283045,2985.4444785,271.4040435,271.4040435,316.63805075,298.54444785,1.0,2.0,6.0,10.0,S0_baseline
111142.0,68.72651603,137.45303206,618.53864427,721.628418315,68.72651603,68.72651603,77.31733053375,80.18093536833334,1.0,2.0,8.0,9.0,S0_baseline
111175.0,295.6854128,295.6854128,1034.8989448,1774.1124768,147.8427064,147.8427064,172.48315746666665,161.28295243636364,2.0,2.0,6.0,11.0,S0_baseline
111197.0,73.23056317,146.46112634,585.84450536,768.920913285,73.23056317,73.23056317,83.69207219428571,85.43565703166666,1.0,2.0,7.0,9.0,S0_baseline
111201.0,71.28034981,213.84104943,570.24279848,891.0043726250001,71.28034981,106.920524715,81.46325692571429,81.00039751136364,1.0,2.0,7.0,11.0,S0_baseline
111205.0,80.68352145,161.3670429,645.4681716,1008.544018125,80.68352145,80.68352145,92.2097388,91.68581982954544,1.0,2.0,7.0,11.0,S0_baseline
111214.0,248.9989922,248.9989922,871.4964727,1493.9939532,124.4994961,124.4994961,145.24941211666666,135.8176321090909,2.0,2.0,6.0,11.0,S0_baseline
111221.0,38.71393202,77.42786404,348.42538818,406.49628621,38.71393202,38.71393202,43.5531735225,45.16625402333333,1.0,2.0,8.0,9.0,S0_baseline
111236.0,66.81488823,133.62977646,601.3339940699999,701.556326415,66.81488823,66.81488823,75.16674925874999,77.950702935,1.0,2.0,8.0,9.0,S0_baseline
111240.0,37.77384013,75.54768026,302.19072104,472.173001625,37.77384013,37.77384013,43.17010300571429,42.92481832954546,1.0,2.0,7.0,11.0,S0_baseline
111243.0,69.41438276,138.82876552,555.31506208,728.8510189799999,69.41438276,69.41438276,79.3307231542857,80.98344655333332,1.0,2.0,7.0,9.0,S0_baseline
111255.0,139.288197,278.576394,975.017379,1532.170167,139.288197,139.288197,162.5028965,153.2170167,1.0,2.0,6.0,10.0,S0_baseline
111256.0,199.6973876,399.3947752,1397.8817132,2396.3686512000004,199.6973876,199.6973876,232.98028553333336,217.8516955636364,1.0,2.0,6.0,11.0,S0_baseline
111260.0,49.02500762,98.05001524,441.22506858,612.81259525,49.02500762,49.02500762,55.1531335725,55.710235931818175,1.0,2.0,8.0,11.0,S0_baseline
111291.0,199.94006682,199.94006682,699.7902338700001,1199.64040092,99.97003341,99.97003341,116.631705645,109.05821826545456,2.0,2.0,6.0,11.0,S0_baseline
111323.0,146.9827681,293.9655362,1028.8793767,1763.7932171999998,146.9827681,146.9827681,171.47989611666665,160.34483792727272,1.0,2.0,6.0,11.0,S0_baseline
111363.0,59.94445565,119.8889113,599.4445565,629.416784325,59.94445565,59.94445565,66.60495072222221,69.93519825833333,1.0,2.0,9.0,9.0,S0_baseline
111371.0,41.77772931,83.55545862,417.7772931,438.666157755,41.77772931,41.77772931,46.419699233333326,48.740684195,1.0,2.0,9.0,9.0,S0_baseline
111373.0,77.9025577,155.8051154,779.025577,817.97685585,77.9025577,77.9025577,86.55839744444444,90.88631731666666,1.0,2.0,9.0,9.0,S0_baseline
111378.0,427.6539202,427.6539202,1817.52916085,2352.0965611,213.8269601,213.8269601,259.64702297857144,235.20965611000003,2.0,2.0,7.0,10.0,S0_baseline
111380.0,96.29486906,192.58973812,770.35895248,1011.09612513,96.29486906,96.29486906,110.05127892571429,112.34401390333332,1.0,2.0,7.0,9.0,S0_baseline
111386.0,86.94650185,173.8930037,869.4650185,912.938269425,86.94650185,86.94650185,96.6072242777778,101.43758549166668,1.0,2.0,9.0,9.0,S0_baseline
111393.0,181.7453838,363.4907676,1635.7084542000002,2271.8172975,181.7453838,181.7453838,204.46355677500003,206.5288452272728,1.0,2.0,8.0,11.0,S0_baseline
111408.0,104.4069384,208.8138768,730.8485688000001,1148.4763224,104.4069384,104.4069384,121.8080948,114.84763224,1.0,2.0,6.0,10.0,S0_baseline
111411.0,138.3107505,276.621501,1106.486004,1728.8843812500002,138.3107505,138.3107505,158.06942914285716,157.17130738636365,1.0,2.0,7.0,11.0,S0_baseline
111427.0,136.4541643,272.9083286,955.1791501,1500.9958073,136.4541643,136.4541643,159.19652501666667,150.09958073,1.0,2.0,6.0,10.0,S0_baseline
111434.0,261.009925,522.01985,2218.5843625,3262.6240625,261.009925,261.009925,316.94062321428567,326.26240625,1.0,2.0,7.0,10.0,S0_baseline
111439.0,302.7881811,605.5763622,2573.69953935,3482.06408265,302.7881811,302.7881811,367.6713627642857,348.206408265,1.0,2.0,7.0,10.0,S0_baseline
111445.0,74.61509074,149.23018148,522.30563518,820.76599814,74.61509074,74.61509074,87.05093919666666,82.07659981399999,1.0,2.0,6.0,10.0,S0_baseline
111458.0,33.3004497,66.6008994,266.4035976,349.65472185,33.3004497,33.3004497,38.0576568,38.85052465,1.0,2.0,7.0,9.0,S0_baseline
111460.0,74.47782851,148.95565702,521.34479957,819.2561136099999,74.47782851,74.47782851,86.89079992833332,81.925611361,1.0,2.0,6.0,10.0,S0_baseline
111462.0,177.8434801,355.6869602,1511.66958085,2045.20002115,177.8434801,177.8434801,215.9527972642857,204.520002115,1.0,2.0,7.0,10.0,S0_baseline
111479.0,142.3969657,284.7939314,1495.16813985,1637.5651055500002,142.3969657,142.3969657,166.12979331666668,163.75651055500003,1.0,2.0,9.0,10.0,S0_baseline
111485.0,129.0493272,258.0986544,1032.3946176,1613.11659,129.0493272,129.0493272,147.48494537142855,146.64696272727272,1.0,2.0,7.0,11.0,S0_baseline
111488.0,95.92375538,191.84751076,767.39004304,1199.04694225,95.92375538,95.92375538,109.62714900571429,109.00426747727272,1.0,2.0,7.0,11.0,S0_baseline
111490.0,170.9063392,341.8126784,1709.0633919999998,2136.32924,170.9063392,170.9063392,213.632924,194.21174909090908,1.0,2.0,8.0,11.0,S0_baseline
111497.0,148.631377,297.262754,1486.3137699999995,1857.8922125,148.631377,148.631377,165.14597444444442,168.89929204545453,1.0,2.0,9.0,11.0,S0_baseline
111519.0,168.1449355,336.289871,1597.37688725,1933.66675825,168.1449355,168.1449355,199.67211090625,193.366675825,1.0,2.0,8.0,10.0,S0_baseline
111546.0,249.6110986,436.81942255,1060.84716905,1996.8887888,124.8055493,145.60647418333335,151.54959557857143,153.60682990769232,2.0,3.0,7.0,13.0,S0_baseline
111554.0,300.8150108,376.0187635,977.6487851,2105.7050756,150.4075054,188.00938175,162.94146418333332,175.47542296666666,2.0,2.0,6.0,12.0,S0_baseline
111563.0,164.90299026,206.128737825,535.934718345,906.96644643,82.45149513,103.0643689125,89.3224530575,90.69664464299998,2.0,2.0,6.0,10.0,S0_baseline
111568.0,158.54929528,356.73591438,594.5598573,990.9330955,79.27464764,178.36795719,84.93712247142857,99.09330955,2.0,2.0,7.0,10.0,S0_baseline
111576.0,227.1245464,227.1245464,851.7170490000001,1419.5284150000002,113.5622732,113.5622732,121.67386414285716,129.04803772727274,2.0,2.0,7.0,11.0,S0_baseline
111577.0,320.2058104,320.2058104,1200.771789,1841.1834098,160.1029052,160.1029052,171.53882700000003,184.11834098000003,2.0,2.0,7.0,10.0,S0_baseline
111584.0,218.0353258,381.56182015,708.61480885,1199.1942919,109.0176629,190.780910075,118.10246814166668,119.91942919,2.0,2.0,6.0,10.0,S0_baseline
111588.0,164.03485478,164.03485478,533.113278035,902.19170129,82.01742739,82.01742739,88.85221300583333,90.219170129,2.0,2.0,6.0,10.0,S0_baseline
111592.0,180.84796032,180.84796032,678.1798512,1130.299752,90.42398016,90.42398016,96.88283588571429,102.7545229090909,2.0,2.0,7.0,11.0,S0_baseline
111599.0,104.4827001,104.4827001,339.56877532500005,574.65485055,52.24135005,52.24135005,56.594795887500005,57.465485055,2.0,2.0,6.0,10.0,S0_baseline
111601.0,367.431137,367.431137,1194.15119525,2020.8712535,183.7155685,183.7155685,199.02519920833333,202.08712535,2.0,2.0,6.0,10.0,S0_baseline
111606.0,53.20389773,106.40779546,399.029232975,665.048721625,53.20389773,53.20389773,57.00417613928572,60.458974693181815,1.0,2.0,7.0,11.0,S0_baseline
111609.0,141.2294452,282.4588904,917.9913938,1553.5238971999995,141.2294452,141.2294452,152.99856563333333,155.35238971999996,1.0,2.0,6.0,10.0,S0_baseline
111614.0,194.1779907,388.3559814,1262.15693955,2135.9578977,194.1779907,194.1779907,210.359489925,213.59578977,1.0,2.0,6.0,10.0,S0_baseline
111622.0,123.8521503,247.7043006,928.89112725,1424.29972845,123.8521503,123.8521503,132.6987324642857,142.429972845,1.0,2.0,7.0,10.0,S0_baseline
111627.0,74.87941174,149.75882348,561.59558805,935.99264675,74.87941174,74.87941174,80.22794114999999,85.09024061363635,1.0,2.0,7.0,11.0,S0_baseline
111630.0,115.1827952,230.3655904,863.8709640000001,1439.78494,115.1827952,115.1827952,123.41013771428572,130.88954,1.0,2.0,7.0,11.0,S0_baseline
111634.0,101.807076,203.614152,763.5530699999999,1272.58845,101.807076,101.807076,109.07901,115.68985909090908,1.0,2.0,7.0,11.0,S0_baseline
111635.0,93.88133509,187.76267018,704.110013175,1173.516688625,93.88133509,93.88133509,100.5871447392857,106.68333532954544,1.0,2.0,7.0,11.0,S0_baseline
111639.0,58.38158525,116.7631705,437.861889375,729.769815625,58.38158525,58.38158525,62.55169848214286,66.34271051136363,1.0,2.0,7.0,11.0,S0_baseline
111649.0,84.37060716,168.74121432,632.7795537000001,1054.6325895,84.37060716,84.37060716,90.3970791,95.87568995454544,1.0,2.0,7.0,11.0,S0_baseline
111650.0,345.59869043000003,345.59869043000003,1036.79607129,1333.02352023,115.19956347666668,115.19956347666668,129.59950891125,111.0852933525,3.0,3.0,8.0,12.0,S0_baseline
111651.0,250.5646674,313.20583425,939.61750275,1816.59383865,125.2823337,156.602917125,134.23107182142857,139.73798758846152,2.0,2.0,7.0,13.0,S0_baseline
111657.0,306.9964238,383.74552975,1458.23301305,2225.72407255,153.4982119,191.872764875,182.27912663125,171.2095440423077,2.0,2.0,8.0,13.0,S0_baseline
111677.0,244.4452858,305.55660725,1161.11510755,1894.45096495,122.2226429,152.778303625,145.13938844375,145.72699730384616,2.0,2.0,8.0,13.0,S0_baseline
111678.0,402.9791534,503.72394175,2720.10928545,3123.08843885,201.4895767,251.861970875,272.010928545,240.2375722192308,2.0,2.0,10.0,13.0,S0_baseline
111688.0,329.814639,742.08293775,2061.34149375,2308.702473,164.9073195,247.36097925,187.39468125,177.5924979230769,2.0,3.0,11.0,13.0,S0_baseline
111693.0,283.59902943,425.398544145,1087.129612815,1465.261652055,141.799514715,141.799514715,120.79217920166668,112.71243477346154,2.0,3.0,9.0,13.0,S0_baseline
111695.0,165.36453108,289.38792939,785.48152263,1157.55171756,82.68226554,96.46264313,87.27572473666666,89.04243981230769,2.0,3.0,9.0,13.0,S0_baseline
111718.0,122.928344,122.928344,460.98129,768.30215,61.464172,61.464172,65.85447,69.84564999999999,2.0,2.0,7.0,11.0,S0_baseline
111761.0,87.42262294,174.84524588,655.6696720499999,1092.78278675,87.42262294,87.42262294,93.66709600714285,99.34388970454546,1.0,2.0,7.0,11.0,S0_baseline
111768.0,131.2515026,262.5030052,984.3862695,1640.6437825000005,131.2515026,131.2515026,140.62660992857144,149.1494347727273,1.0,2.0,7.0,11.0,S0_baseline
111782.0,116.796164,350.38849200000004,1109.563558,1401.5539680000002,116.796164,175.19424600000002,123.2848397777778,127.4139970909091,1.0,2.0,9.0,11.0,S0_baseline
111789.0,102.7676627,308.3029881,873.52513295,1233.2119524,102.7676627,154.15149405,109.19064161875,112.1101774909091,1.0,2.0,8.0,11.0,S0_baseline
111797.0,73.42793085,146.8558617,697.565343075,807.70723935,73.42793085,73.42793085,77.50726034166667,80.770723935,1.0,2.0,9.0,10.0,S0_baseline
111803.0,69.7112701,139.4225402,801.6796061499999,836.5352412,69.7112701,69.7112701,80.167960615,76.04865829090909,1.0,2.0,10.0,11.0,S0_baseline
111813.0,149.84528994,262.229257395,711.7651272149999,1048.91702958,74.92264497,87.409752465,79.085014135,80.68592535230769,2.0,3.0,9.0,13.0,S0_baseline
111817.0,106.21081877999998,123.91262190999998,477.94868451,495.65048764,53.10540938999999,61.95631095499999,43.44988041,41.30420730333333,2.0,2.0,11.0,12.0,S0_baseline
111818.0,209.7462744,367.0559802,1206.0410778,1573.097058,104.8731372,122.3519934,120.60410778,121.007466,2.0,3.0,10.0,13.0,S0_baseline
111819.0,471.6872079,550.30174255,2279.82150485,2358.4360395,235.84360395,275.150871275,207.25650044090904,181.41815688461537,2.0,2.0,11.0,13.0,S0_baseline
111828.0,160.27662716,200.34578395,921.59060617,1202.0747037,80.13831358,100.172891975,102.39895624111112,100.172891975,2.0,2.0,9.0,12.0,S0_baseline
111837.0,188.25110826,282.37666239,784.37961775,878.50517188,94.12555413,94.12555413,71.30723797727272,73.20876432333334,2.0,3.0,11.0,12.0,S0_baseline
111841.0,248.04725745,372.070886175,1033.530239375,1240.23628725,124.023628725,124.023628725,103.3530239375,95.40279132692308,2.0,3.0,10.0,13.0,S0_baseline
111868.0,250.8257804,313.53222550000004,1442.2482373,1442.2482373,125.4128902,156.76611275000002,131.1134761181818,131.1134761181818,2.0,2.0,11.0,11.0,S0_baseline
111966.0,223.3766108,223.3766108,1284.4155121,1116.883054,111.6883054,111.6883054,142.71283467777778,124.09811711111112,2.0,2.0,9.0,9.0,S0_baseline
112032.0,182.09248944,182.09248944,1047.0318142800002,910.4624472,91.04624472,91.04624472,104.70318142800002,91.04624472,2.0,2.0,10.0,10.0,S0_baseline
112168.0,71.02518118,71.02518118,284.10072472,301.857020015,35.51259059,35.51259059,35.51259059,37.732127501875,2.0,2.0,8.0,8.0,S0_baseline
112232.0,64.29551068,64.29551068,401.84694175,305.40367573000003,32.14775534,32.14775534,33.487245145833334,33.93374174777778,2.0,2.0,12.0,9.0,S0_baseline
112261.0,80.5387118,120.8080677,583.90566055,342.28952515000003,40.2693559,60.404033850000005,44.91582004230769,48.898503592857146,2.0,2.0,13.0,7.0,S0_baseline
113201.0,103.00874324,103.00874324,566.54808782,463.53934458,51.50437162,51.50437162,51.50437162,51.50437162,2.0,2.0,11.0,9.0,S0_baseline
113202.0,102.55562674,102.55562674,564.05594707,461.50032033,51.27781337,51.27781337,51.27781337,51.27781337,2.0,2.0,11.0,9.0,S0_baseline
113203.0,132.23016406,132.23016406,727.26590233,628.093279285,66.11508203,66.11508203,66.11508203,69.78814214277777,2.0,2.0,11.0,9.0,S0_baseline
113215.0,86.94709536,57.96473024,318.80601632,260.84128608000003,43.47354768,28.98236512,31.880601632,32.605160760000004,2.0,2.0,10.0,8.0,S0_baseline
113217.0,722.4221076,1083.6331614,3973.3215918,3250.8994842,361.2110538,541.8165807,361.2110538,361.2110538,2.0,2.0,11.0,9.0,S0_baseline
113226.0,205.2192778,205.2192778,1231.3156668,1026.0963889999998,102.6096389,102.6096389,111.93778789090908,128.26204862499998,2.0,2.0,11.0,8.0,S0_baseline
113247.0,41.22841329,164.91365316,412.2841329,453.51254619,41.22841329,82.45682658,45.8093481,50.39028291,1.0,2.0,9.0,9.0,S0_baseline
113271.0,81.51235805,163.0247161,652.0988644,733.61122245,81.51235805,81.51235805,93.15698062857145,91.70140280625,1.0,2.0,7.0,8.0,S0_baseline
113297.0,111.6051908,223.2103816,781.2363356000001,1004.4467172,111.6051908,111.6051908,111.60519080000002,125.55583965,1.0,2.0,7.0,8.0,S0_baseline
113330.0,47.45394204,142.36182612,427.08547836,427.08547836,47.45394204,47.45394204,53.385684795,47.45394204,1.0,3.0,8.0,9.0,S0_baseline
113344.0,46.43043811,139.29131432999998,371.44350488,417.87394299,46.43043811,69.64565716499999,46.43043811,46.43043811,1.0,2.0,8.0,9.0,S0_baseline
113368.0,41.78630171,83.57260342,480.542469665,417.8630171,41.78630171,41.78630171,48.0542469665,46.42922412222222,1.0,2.0,10.0,9.0,S0_baseline
113369.0,32.51415989,65.02831978,292.62743901,292.62743901,32.51415989,32.51415989,32.51415989,32.51415989,1.0,2.0,9.0,9.0,S0_baseline
113373.0,56.01624208,168.04872624,448.12993664,560.1624208,56.01624208,84.02436312,56.01624208,62.240268977777774,1.0,2.0,8.0,9.0,S0_baseline
113384.0,147.67279906,221.50919859,959.87319389,886.0367943599999,73.83639953,110.754599295,87.26119944454545,88.603679436,2.0,2.0,11.0,10.0,S0_baseline
113390.0,633.0177362,1899.0532086,7596.212834399999,8862.2483068,633.0177362,949.5266043,759.62128344,805.6589369818182,1.0,2.0,10.0,11.0,S0_baseline
113400.0,69.42722564,138.85445128,555.41780512,833.12670768,69.42722564,69.42722564,69.42722564,69.42722564,1.0,2.0,8.0,12.0,S0_baseline
113433.0,52.53253922,105.06507844,630.39047064,735.45554908,52.53253922,52.53253922,63.039047064,61.28796242333333,1.0,2.0,10.0,12.0,S0_baseline
113593.0,27.51029196,27.51029196,330.12350352,660.24700704,27.51029196,27.51029196,30.01122759272727,31.440333668571427,1.0,1.0,11.0,21.0,S0_baseline
113600.0,23.52012927,23.52012927,258.72142197,352.80193905000004,23.52012927,23.52012927,25.872142197,25.20013850357143,1.0,1.0,10.0,14.0,S0_baseline
113617.0,40.94215692,163.76862768,491.30588304,614.1323538,40.94215692,40.94215692,40.94215692,43.8665967,1.0,4.0,12.0,14.0,S0_baseline
113621.0,163.61182648,981.67095888,1227.0886986,1717.9241780399998,81.80591324,89.24281444363636,87.64919275714286,85.89620890199998,2.0,11.0,14.0,20.0,S0_baseline
113623.0,58.9211751,382.98763815,471.3694008,677.59351365,29.46058755,34.81705801363636,33.66924291428571,32.26635779285714,2.0,11.0,14.0,21.0,S0_baseline
113659.0,359.47514427,849.6685228199999,1013.06631567,686.2707299699999,32.67955857,33.986740912799995,34.93332123,32.67955857,11.0,25.0,29.0,21.0,S0_baseline
113675.0,329.3796002,658.7592004,1317.5184008,1646.898001,164.6898001,164.6898001,164.6898001,164.6898001,2.0,4.0,8.0,10.0,S0_baseline
113679.0,152.6768554,534.3689939,687.0458493,839.7227047,76.3384277,76.3384277,76.3384277,76.3384277,2.0,7.0,9.0,11.0,S0_baseline
113682.0,653.374461,1742.331896,2831.289331,3702.455279,217.791487,290.3886493333333,235.94077758333333,264.46109135714283,3.0,6.0,12.0,14.0,S0_baseline
113684.0,1286.6499876,2573.2999752,4288.833292,4717.7166212,428.8833292,514.65999504,428.8833292000001,428.8833292,3.0,5.0,10.0,11.0,S0_baseline
113697.0,376.104375,626.840625,1817.8378125,1629.785625,125.368125,156.71015625,151.486484375,148.16232954545455,3.0,4.0,12.0,11.0,S0_baseline
113873.0,113.43323548,255.22477983,425.37463305,439.553787485,28.35830887,36.46068283285714,30.383902360714284,36.62948229041667,4.0,7.0,14.0,12.0,S0_baseline
113913.0,117.66059082,176.49088623,823.6241357399999,823.6241357399999,58.83029541,88.245443115,68.63534464499999,74.87492143090908,2.0,2.0,12.0,11.0,S0_baseline
114085.0,13.733173632,18.310898176,45.77724544,50.35496998399999,4.577724544,6.103632725333333,4.577724544,5.035496998399999,3.0,3.0,10.0,10.0,S0_baseline
114386.0,153.6075606,768.0378029999999,1536.075606,3225.7587726,153.6075606,192.00945075,170.67506733333332,189.7505160352941,1.0,4.0,9.0,17.0,S0_baseline
114681.0,24.38139055,146.2883433,292.5766866,536.3905920999999,24.38139055,29.25766866,29.25766866,29.799477338888885,1.0,5.0,10.0,18.0,S0_baseline
116028.0,86.45966906,86.45966906,389.06851077,713.292269745,43.22983453,86.45966906,48.63356384625,59.44102247875,2.0,1.0,8.0,12.0,S0_baseline
116794.0,76.92042832,0.0,576.9032124,692.28385488,76.92042832,0.0,82.41474462857143,98.89769355428572,1.0,0.0,7.0,7.0,S0_baseline
117445.0,39.29626965,78.5925393,392.9626965,451.907100975,39.29626965,39.29626965,43.66252183333333,45.1907100975,1.0,2.0,9.0,10.0,S0_baseline
117730.0,157.61150504,78.80575252,866.86327772,1182.0862878,78.80575252,78.80575252,96.3181419688889,107.4623898,2.0,1.0,9.0,11.0,S0_baseline
117837.0,120.90297738,60.45148869,544.06339821,574.289142555,60.45148869,60.45148869,68.00792477625,71.786142819375,2.0,1.0,8.0,8.0,S0_baseline
117872.0,127.82273152,127.82273152,511.29092608,607.1579747200001,63.91136576,63.91136576,73.04156086857144,75.89474684000001,2.0,2.0,7.0,8.0,S0_baseline
117916.0,52.22543874,52.22543874,496.14166803,548.36710677,52.22543874,52.22543874,62.01770850375,60.92967853,1.0,1.0,8.0,9.0,S0_baseline
118119.0,60.08255622,30.04127811,360.49533732,345.474698265,30.04127811,30.04127811,36.049533732,38.386077585,2.0,1.0,10.0,9.0,S0_baseline
118140.0,131.52758208,0.0,789.16549248,657.6379104,65.76379104,0.0,78.916549248,73.07087893333333,2.0,0.0,10.0,9.0,S0_baseline
118151.0,266.40114,133.20057,2131.20912,1598.40684,133.20057,133.20057,163.93916307692308,177.60076,2.0,1.0,13.0,9.0,S0_baseline
118157.0,239.2962582,119.6481291,1555.4256783,1316.1294201,119.6481291,119.6481291,141.4023343909091,146.23660223333334,2.0,1.0,11.0,9.0,S0_baseline
118162.0,236.765412,118.382706,1598.166531,1124.635707,118.382706,118.382706,159.8166531,124.959523,2.0,1.0,10.0,9.0,S0_baseline
118175.0,432.231174,216.115587,2593.387044,1836.9824895,216.115587,216.115587,259.3387044,229.6228111875,2.0,1.0,10.0,8.0,S0_baseline
118189.0,209.8508768,104.9254384,1259.1052608,944.3289456,104.9254384,104.9254384,125.91052608,118.0411182,2.0,1.0,10.0,8.0,S0_baseline
118199.0,239.8739248,119.9369624,1559.1805112,1019.4641804,119.9369624,119.9369624,141.74368283636363,127.43302255,2.0,1.0,11.0,8.0,S0_baseline
118200.0,696.1833712,348.0916856,4177.1002272000005,2958.7793276,348.0916856,348.0916856,417.71002272,369.84741595,2.0,1.0,10.0,8.0,S0_baseline
118220.0,309.4515072,309.4515072,1856.7090432,1160.4431519999998,154.7257536,309.4515072,185.67090432,165.7775931428571,2.0,1.0,10.0,7.0,S0_baseline
118238.0,658.1066334,329.0533167,3619.5864837,2138.84655855,329.0533167,329.0533167,402.17627596666665,356.474426425,2.0,1.0,9.0,6.0,S0_baseline
118240.0,172.06620246,86.03310123,1032.39721476,774.29791107,86.03310123,86.03310123,103.239721476,96.78723888375,2.0,1.0,10.0,8.0,S0_baseline
118247.0,133.96518846,66.98259423,904.265022105,435.386862495,66.98259423,66.98259423,82.20591110045456,72.5644770825,2.0,1.0,11.0,6.0,S0_baseline
118260.0,390.1845398,195.0922699,2048.46883395,1658.2842941499998,195.0922699,195.0922699,227.60764821666663,207.28553676875,2.0,1.0,9.0,8.0,S0_baseline
118265.0,115.35507386,57.67753693,778.646748555,576.7753693,57.67753693,57.67753693,77.8646748555,72.0969211625,2.0,1.0,10.0,8.0,S0_baseline
118267.0,455.553174,227.776587,3074.9839245,1480.5478155,227.776587,227.776587,279.5439931363636,246.75796925,2.0,1.0,11.0,6.0,S0_baseline
118268.0,83.31100938,41.65550469,479.038303935,270.760780485,41.65550469,41.65550469,47.9038303935,45.1267967475,2.0,1.0,10.0,6.0,S0_baseline
118277.0,291.6603684,145.8301842,1749.9622104,1385.3867498999998,145.8301842,145.8301842,194.4402456,153.9318611,2.0,1.0,9.0,9.0,S0_baseline
118278.0,316.2935494,158.1467747,1897.7612964,1502.39435965,158.1467747,158.1467747,189.77612964,166.93270662777778,2.0,1.0,10.0,9.0,S0_baseline
118280.0,539.6242318,269.8121159,3102.83933285,2293.40298515,269.8121159,269.8121159,310.283933285,286.67537314375,2.0,1.0,10.0,8.0,S0_baseline
118288.0,316.57338,316.57338,1662.010245,1187.150175,158.28669,316.57338,184.667805,169.59288214285715,2.0,1.0,9.0,7.0,S0_baseline
118301.0,369.0821584,184.5410792,1937.6813316,1291.7875544,184.5410792,184.5410792,215.29792573333336,215.29792573333336,2.0,1.0,9.0,6.0,S0_baseline
118306.0,476.3549094,238.1774547,3215.39563845,1905.4196376,238.1774547,238.1774547,292.3086944045454,317.5699396,2.0,1.0,11.0,6.0,S0_baseline
118307.0,500.0059826,250.0029913,3375.04038255,1750.0209391,250.0029913,250.0029913,306.8218529590909,291.6701565166666,2.0,1.0,11.0,6.0,S0_baseline
118332.0,284.0450044,284.0450044,2982.4725462,2130.337533,284.0450044,284.0450044,331.38583846666666,304.3339332857143,1.0,1.0,9.0,7.0,S0_baseline
118340.0,260.6291761,260.6291761,2736.60634905,1954.71882075,260.6291761,260.6291761,304.06737211666666,279.2455458214285,1.0,1.0,9.0,7.0,S0_baseline
118350.0,889.18043,889.18043,4223.6070425,3334.4266125,444.590215,889.18043,527.9508803125,476.3466589285714,2.0,1.0,8.0,7.0,S0_baseline
118375.0,469.8839496,469.8839496,4933.7814708,3524.129622,469.8839496,469.8839496,548.1979412,503.4470888571428,1.0,1.0,9.0,7.0,S0_baseline
118424.0,686.998839,343.4994195,3606.74390475,3263.2444852500003,343.4994195,343.4994195,400.74932275,407.90556065625,2.0,1.0,9.0,8.0,S0_baseline
118443.0,148.8663009,148.8663009,1414.22985855,967.63095585,148.8663009,148.8663009,176.77873231875,161.27182597499998,1.0,1.0,8.0,6.0,S0_baseline
118447.0,148.4673337,148.4673337,1558.90700385,816.57033535,148.4673337,148.4673337,173.21188931666669,163.31406707000002,1.0,1.0,9.0,5.0,S0_baseline
118451.0,350.5898777,350.5898777,3330.60383815,2278.83420505,350.5898777,350.5898777,416.32547976875,379.8057008416667,1.0,1.0,8.0,6.0,S0_baseline
118467.0,492.6084076,246.3042038,2586.1941399,2216.7378342,246.3042038,246.3042038,287.35490443333333,277.092229275,2.0,1.0,9.0,8.0,S0_baseline
118487.0,411.6784406,205.8392203,2161.31181315,1852.5529827,205.8392203,205.8392203,240.14575701666664,231.5691228375,2.0,1.0,9.0,8.0,S0_baseline
118488.0,487.1468191,487.1468191,5115.04160055,2679.30750505,487.1468191,487.1468191,568.3379556166667,535.86150101,1.0,1.0,9.0,5.0,S0_baseline
118498.0,325.4139022,162.7069511,1708.42298655,1464.3625599,162.7069511,162.7069511,189.8247762833333,183.0453199875,2.0,1.0,9.0,8.0,S0_baseline
118534.0,620.7111357,620.7111357,5896.75578915,3413.91124635,620.7111357,620.7111357,737.09447364375,682.78224927,1.0,1.0,8.0,5.0,S0_baseline
118545.0,138.09105314,69.04552657,621.40973913,483.31868599000006,69.04552657,69.04552657,77.67621739125,80.55311433166668,2.0,1.0,8.0,6.0,S0_baseline
118546.0,564.2616237,564.2616237,5360.48542515,3103.43893035,564.2616237,564.2616237,670.06067814375,620.6877860699999,1.0,1.0,8.0,5.0,S0_baseline
118549.0,273.1857831,273.1857831,2868.45072255,2048.89337325,273.1857831,273.1857831,318.71674695,292.6990533214285,1.0,1.0,9.0,7.0,S0_baseline
118552.0,803.6583839,803.6583839,7634.75464705,4420.12111145,803.6583839,803.6583839,954.34433088125,884.02422229,1.0,1.0,8.0,5.0,S0_baseline
118584.0,446.6045858,446.6045858,4242.7435651,2456.3252219,446.6045858,446.6045858,530.3429456375,491.26504438,1.0,1.0,8.0,5.0,S0_baseline
118585.0,432.2556588,432.2556588,4106.4287586,2377.4061234,432.2556588,432.2556588,513.303594825,475.48122468,1.0,1.0,8.0,5.0,S0_baseline
118618.0,92.96237087,92.96237087,976.104894135,836.6613378300001,92.96237087,92.96237087,108.45609934833334,104.58266722875,1.0,1.0,9.0,8.0,S0_baseline
118626.0,164.1650692,82.0825346,861.8666133,861.8666133,82.0825346,82.0825346,95.76295703333334,107.7333266625,2.0,1.0,9.0,8.0,S0_baseline
118628.0,686.7530948,343.3765474,3605.4537477,3090.3889266,343.3765474,343.3765474,400.6059719666666,386.298615825,2.0,1.0,9.0,8.0,S0_baseline
118635.0,776.8073317,776.8073317,7379.669651149999,4272.44032435,776.8073317,776.8073317,922.45870639375,854.48806487,1.0,1.0,8.0,5.0,S0_baseline
118645.0,380.6663693,380.6663693,3616.33050835,2093.66503115,380.6663693,380.6663693,452.04131354375,418.73300623,1.0,1.0,8.0,5.0,S0_baseline
118655.0,285.129733,285.129733,3136.427063,1568.2135315,285.129733,285.129733,348.4918958888889,313.6427063,1.0,1.0,9.0,5.0,S0_baseline
118658.0,300.8057335,300.8057335,2406.445868,1654.43153425,300.8057335,300.8057335,343.7779811428572,330.88630685,1.0,1.0,7.0,5.0,S0_baseline
118662.0,206.4334276,103.2167138,1083.7754949,928.9504242,103.2167138,103.2167138,120.41949943333331,116.118803025,2.0,1.0,9.0,8.0,S0_baseline
118679.0,257.8957084,257.8957084,2836.8527924,1418.4263962,257.8957084,257.8957084,315.2058658222222,283.68527924,1.0,1.0,9.0,5.0,S0_baseline
118683.0,410.2933791,410.2933791,3897.78710145,2256.61358505,410.2933791,410.2933791,487.22338768125,451.32271701,1.0,1.0,8.0,5.0,S0_baseline
118684.0,345.7026841,345.7026841,3802.7295251,2247.06744665,345.7026841,345.7026841,422.5255027888889,374.5112411083333,1.0,1.0,9.0,6.0,S0_baseline
118705.0,194.4776482,194.4776482,1555.8211856,1069.6270651,194.4776482,194.4776482,222.2601693714286,213.92541302,1.0,1.0,7.0,5.0,S0_baseline
118730.0,200.521401,200.521401,1904.9533095,1102.8677055,200.521401,200.521401,238.1191636875,220.5735411,1.0,1.0,8.0,5.0,S0_baseline
118736.0,165.1734802,165.1734802,1816.9082822,1073.6276213,165.1734802,165.1734802,201.87869802222224,178.93793688333335,1.0,1.0,9.0,6.0,S0_baseline
118743.0,319.6620116,319.6620116,3036.7891102000003,1758.1410638000002,319.6620116,319.6620116,379.598638775,351.62821276000005,1.0,1.0,8.0,5.0,S0_baseline
118756.0,211.0614433,211.0614433,2005.08371135,1160.83793815,211.0614433,211.0614433,250.63546391875,232.16758763,1.0,1.0,8.0,5.0,S0_baseline
118790.0,287.8215572,287.8215572,2734.3047934,1583.0185646,287.8215572,287.8215572,341.788099175,316.60371292,1.0,1.0,8.0,5.0,S0_baseline
118791.0,172.4048849,172.4048849,1637.84640655,1551.6439641000002,172.4048849,172.4048849,204.73080081875,193.9554955125,1.0,1.0,8.0,8.0,S0_baseline
118815.0,149.95530234,74.97765117,787.265337285,787.265337285,74.97765117,74.97765117,87.473926365,87.473926365,2.0,1.0,9.0,9.0,S0_baseline
118823.0,187.577719,187.577719,2063.354909,1031.6774545,187.577719,187.577719,229.2616565555556,206.3354909,1.0,1.0,9.0,5.0,S0_baseline
118825.0,460.463372,460.463372,5065.097092,2532.548546,460.463372,460.463372,633.1371365,506.5097092,1.0,1.0,8.0,5.0,S0_baseline
118836.0,176.3366197,176.3366197,1675.19788715,1587.0295773,176.3366197,176.3366197,209.39973589375,198.3786971625,1.0,1.0,8.0,8.0,S0_baseline
118837.0,236.7270428,236.7270428,2722.3609922,1538.7257782,236.7270428,236.7270428,302.4845546888889,256.45429636666665,1.0,1.0,9.0,6.0,S0_baseline
118848.0,218.655505,109.3277525,1038.61364875,983.9497725,218.655505,109.3277525,129.82670609375,122.9937215625,1.0,1.0,8.0,8.0,S0_baseline
118853.0,142.61686666,71.30843333,820.046983295,748.738549965,71.30843333,71.30843333,82.0046983295,83.19317221833333,2.0,1.0,10.0,9.0,S0_baseline
118883.0,111.7702467,111.7702467,1061.81734365,1005.9322203,111.7702467,111.7702467,132.72716795625,125.7415275375,1.0,1.0,8.0,8.0,S0_baseline
118892.0,288.6329738,288.6329738,2886.3297380000004,1587.4813559,288.6329738,288.6329738,360.7912172500001,317.49627118,1.0,1.0,8.0,5.0,S0_baseline
118893.0,151.6887942,151.6887942,1365.1991478,1592.7323391,151.6887942,151.6887942,170.649893475,176.9702599,1.0,1.0,8.0,9.0,S0_baseline
118902.0,894.5693072,447.2846536,4472.846536,2460.0655948000003,447.2846536,447.2846536,559.105817,492.01311896,2.0,1.0,8.0,5.0,S0_baseline
118915.0,183.0762884,183.0762884,1739.2247398,1647.6865956,183.0762884,183.0762884,217.403092475,205.96082445,1.0,1.0,8.0,8.0,S0_baseline
118918.0,259.851386,259.851386,2598.51386,1429.182623,259.851386,259.851386,324.8142325,285.8365246,1.0,1.0,8.0,5.0,S0_baseline
118919.0,186.9005898,186.9005898,1869.005898,1027.9532439,186.9005898,186.9005898,233.62573725,205.59064878,1.0,1.0,8.0,5.0,S0_baseline
118920.0,188.487484,188.487484,1884.87484,1036.681162,188.487484,188.487484,235.609355,207.3362324,1.0,1.0,8.0,5.0,S0_baseline
118922.0,139.2429461,139.2429461,1322.80798795,1253.1865149,139.2429461,139.2429461,165.35099849375,156.6483143625,1.0,1.0,8.0,8.0,S0_baseline
118924.0,682.8815598,341.4407799,3414.407799,1877.92428945,341.4407799,341.4407799,426.800974875,375.58485789,2.0,1.0,8.0,5.0,S0_baseline
118928.0,472.3209606,236.1604803,2597.7652833,1298.88264165,236.1604803,236.1604803,288.6405870333333,259.77652833,2.0,1.0,9.0,5.0,S0_baseline
118929.0,558.7258526,279.3629263,2793.6292630000003,1536.49609465,279.3629263,279.3629263,349.20365787500003,307.29921893,2.0,1.0,8.0,5.0,S0_baseline
118933.0,162.399056,162.399056,1705.190088,1461.591504,162.399056,162.399056,189.46556533333333,182.698938,1.0,1.0,9.0,8.0,S0_baseline
121362.0,26.19682487,0.0,170.279361655,261.9682487,26.19682487,0.0,34.055872331,37.42403552857143,1.0,0.0,5.0,7.0,S0_baseline
121398.0,26.786085,0.0,120.5373825,281.2538925,26.786085,0.0,30.134345625,35.1567365625,1.0,0.0,4.0,8.0,S0_baseline
121706.0,54.87879801,0.0,576.227379105,658.54557612,54.87879801,0.0,72.028422388125,73.17173068,1.0,0.0,8.0,9.0,S0_baseline
121794.0,66.10665029,0.0,594.9598526100001,628.013177755,66.10665029,0.0,84.99426465857144,78.501647219375,1.0,0.0,7.0,8.0,S0_baseline
121804.0,67.41697435,0.0,707.878230675,775.2952050250001,67.41697435,0.0,88.484778834375,86.14391166944445,1.0,0.0,8.0,9.0,S0_baseline
121812.0,96.94993018,0.0,872.5493716199999,1017.97426689,96.94993018,0.0,124.64991023142856,127.24678336124998,1.0,0.0,7.0,8.0,S0_baseline
121827.0,0.0,0.0,668.45710593,519.91108239,0.0,0.0,95.49387227571428,86.65184706500001,0.0,0.0,7.0,6.0,S0_baseline
121834.0,0.0,0.0,686.8274266000001,377.75508463,0.0,0.0,98.11820380000002,75.551016926,0.0,0.0,7.0,5.0,S0_baseline
121843.0,0.0,0.0,684.35479476,532.27595148,0.0,0.0,97.76497068,88.71265858,0.0,0.0,7.0,6.0,S0_baseline
121861.0,137.7064012,0.0,1514.7704132,1032.798009,137.7064012,0.0,189.34630165,172.13300149999998,1.0,0.0,8.0,6.0,S0_baseline
121866.0,210.6820812,0.0,2738.8670556,2106.820812,210.6820812,0.0,342.35838195,351.136802,1.0,0.0,8.0,6.0,S0_baseline
121870.0,109.862325,0.0,1043.6920875,659.17395,109.862325,0.0,149.09886964285715,131.83479,1.0,0.0,7.0,5.0,S0_baseline
121875.0,254.2637277,0.0,2796.9010047,2161.24168545,254.2637277,0.0,349.6126255875,360.206947575,1.0,0.0,8.0,6.0,S0_baseline
121878.0,199.1502144,0.0,1891.9270368,1493.626608,199.1502144,0.0,270.2752909714286,248.937768,1.0,0.0,7.0,6.0,S0_baseline
121887.0,209.8896433,0.0,2203.84125465,1784.06196805,209.8896433,0.0,314.83446495,254.86599543571427,1.0,0.0,7.0,7.0,S0_baseline
121921.0,137.4119403,0.0,1374.119403,1168.00149255,137.4119403,0.0,196.3027718571429,194.666915425,1.0,0.0,7.0,6.0,S0_baseline
121928.0,168.4631543,0.0,1516.1683887000002,1095.01050295,168.4631543,0.0,216.5954841,219.00210059,1.0,0.0,7.0,5.0,S0_baseline
121931.0,153.8600315,0.0,1384.7402834999998,1153.95023625,153.8600315,0.0,197.8200405,192.325039375,1.0,0.0,7.0,6.0,S0_baseline
121933.0,174.6150855,0.0,1571.5357695,1047.690513,174.6150855,0.0,224.50510992857144,209.5381026,1.0,0.0,7.0,5.0,S0_baseline
121935.0,157.8305453,0.0,1420.4749077,1104.8138171,157.8305453,0.0,202.9249868142857,184.13563618333333,1.0,0.0,7.0,6.0,S0_baseline
121946.0,56.13700849,0.0,617.50709339,336.82205094,56.13700849,0.0,77.18838667375,67.364410188,1.0,0.0,8.0,5.0,S0_baseline
121985.0,108.6373066,0.0,1032.0544127,380.2305731,108.6373066,0.0,147.43634467142857,126.74352436666668,1.0,0.0,7.0,3.0,S0_baseline
121986.0,96.1783272,0.0,913.6941084,336.6241452,96.1783272,0.0,130.52772977142857,112.2080484,1.0,0.0,7.0,3.0,S0_baseline
121992.0,144.8573247,0.0,1593.4305717,724.2866234999999,144.8573247,0.0,199.1788214625,181.071655875,1.0,0.0,8.0,4.0,S0_baseline
122001.0,209.2215535,0.0,1987.60475825,1046.1077675,209.2215535,0.0,283.94353689285714,348.70258916666666,1.0,0.0,7.0,3.0,S0_baseline
122006.0,154.7835567,0.0,1470.44378865,541.74244845,154.7835567,0.0,210.06339837857143,180.58081615,1.0,0.0,7.0,3.0,S0_baseline
122009.0,133.6824612,0.0,1269.9833814,668.412306,133.6824612,0.0,181.4261973428572,167.1030765,1.0,0.0,7.0,4.0,S0_baseline
122011.0,136.0123295,0.0,1292.11713025,680.0616474999999,136.0123295,0.0,184.5881614642857,170.01541187499998,1.0,0.0,7.0,4.0,S0_baseline
122013.0,181.4420383,0.0,1995.8624213,907.2101915,181.4420383,0.0,249.4828026625,226.802547875,1.0,0.0,8.0,4.0,S0_baseline
122037.0,118.7475288,0.0,1068.7277592,712.4851728,118.7475288,0.0,152.67539417142856,142.49703456,1.0,0.0,7.0,5.0,S0_baseline
122044.0,152.7885734,0.0,1604.2800206999998,916.7314404,152.7885734,0.0,229.1828601,183.34628808,1.0,0.0,7.0,5.0,S0_baseline
122047.0,245.6156002,0.0,2578.9638021,1842.1170015,245.6156002,0.0,368.4234003,368.4234003,1.0,0.0,7.0,5.0,S0_baseline
122054.0,235.0526138,0.0,2585.5787518,2468.0524449,235.0526138,0.0,323.197343975,411.34207415,1.0,0.0,8.0,6.0,S0_baseline
122060.0,224.3936472,0.0,2019.5428248,1682.952354,224.3936472,0.0,288.5061178285714,336.5904708,1.0,0.0,7.0,5.0,S0_baseline
122061.0,222.8933962,0.0,1671.7004715000005,1448.8070753000002,222.8933962,0.0,278.61674525000006,289.76141506000005,1.0,0.0,6.0,5.0,S0_baseline
122065.0,115.363343,0.0,1038.270087,692.180058,115.363343,0.0,148.32429814285717,138.4360116,1.0,0.0,7.0,5.0,S0_baseline
122066.0,156.948096,0.0,1412.532864,941.688576,156.948096,0.0,201.7904091428572,188.3377152,1.0,0.0,7.0,5.0,S0_baseline
122085.0,161.0621228,0.0,1449.5591052,966.3727368,161.0621228,0.0,207.07987217142852,193.27454736,1.0,0.0,7.0,5.0,S0_baseline
122091.0,258.7923733,0.0,1940.94279975,1940.94279975,258.7923733,0.0,323.490466625,323.490466625,1.0,0.0,6.0,6.0,S0_baseline
122097.0,127.410916,0.0,1146.6982440000002,891.8764120000001,127.410916,0.0,163.81403485714287,148.64606866666668,1.0,0.0,7.0,6.0,S0_baseline
122101.0,118.5630237,0.0,1067.0672133,711.3781422,118.5630237,0.0,152.43817332857142,142.27562844,1.0,0.0,7.0,5.0,S0_baseline
122107.0,181.6373135,0.0,1725.55447825,2361.2850755,181.6373135,0.0,246.50778260714287,295.1606344375,1.0,0.0,7.0,8.0,S0_baseline
122108.0,301.8892304,0.0,2566.0584584,3320.7815344,301.8892304,0.0,366.57977977142855,415.0976918,1.0,0.0,7.0,8.0,S0_baseline
122110.0,342.449881,0.0,2568.3741075,3082.048929,342.449881,0.0,428.06235125,440.29270414285713,1.0,0.0,6.0,7.0,S0_baseline
122115.0,103.4166767,0.0,775.62507525,775.62507525,103.4166767,0.0,129.270845875,129.270845875,1.0,0.0,6.0,6.0,S0_baseline
122123.0,143.7954833,0.0,1078.46612475,1078.46612475,143.7954833,0.0,179.744354125,179.744354125,1.0,0.0,6.0,6.0,S0_baseline
122134.0,332.3402498,0.0,2492.5518735,2991.0622482,332.3402498,0.0,415.42531224999993,427.29460688571424,1.0,0.0,6.0,7.0,S0_baseline
122135.0,161.9225859,0.0,1700.18715195,2104.9936167,161.9225859,0.0,242.88387885,263.1242020875,1.0,0.0,7.0,8.0,S0_baseline
122136.0,202.5678587,0.0,2126.96251635,2430.8143044,202.5678587,0.0,303.85178805,303.85178805,1.0,0.0,7.0,8.0,S0_baseline
122137.0,169.3883321,0.0,1778.5774870500002,2032.6599852,169.3883321,0.0,254.08249815,254.08249815,1.0,0.0,7.0,8.0,S0_baseline
122142.0,337.4352649,0.0,3374.352649,3374.352649,337.4352649,0.0,482.0503784285714,482.0503784285714,1.0,0.0,7.0,7.0,S0_baseline
122146.0,242.8554323,0.0,2185.6988907,2064.27117455,242.8554323,0.0,312.24269867142857,294.89588207857145,1.0,0.0,7.0,7.0,S0_baseline
122161.0,247.2858133,0.0,2225.5723197,2101.92941305,247.2858133,0.0,317.93890281428577,300.27563043571433,1.0,0.0,7.0,7.0,S0_baseline
122162.0,162.0043133,0.0,1620.043133,1377.03666305,162.0043133,0.0,231.43473328571432,196.7195232928572,1.0,0.0,7.0,7.0,S0_baseline
122175.0,202.3263822,0.0,1820.9374398,1719.7742487,202.3263822,0.0,260.1339199714285,245.68203552857145,1.0,0.0,7.0,7.0,S0_baseline
122196.0,161.0641926,0.0,1127.4493482,1127.4493482,161.0641926,0.0,187.9082247,225.48986964,1.0,0.0,6.0,5.0,S0_baseline
122209.0,189.8323233,0.0,1328.8262631000002,1044.07777815,189.8323233,0.0,221.47104385000003,208.81555563,1.0,0.0,6.0,5.0,S0_baseline
122213.0,282.4814008,282.4814008,1977.3698056,1836.1291052,282.4814008,282.4814008,329.56163426666666,306.02151753333334,1.0,1.0,6.0,6.0,S0_baseline
122214.0,232.6131135,0.0,1628.2917945,1279.37212425,232.6131135,0.0,271.38196575,255.87442485000005,1.0,0.0,6.0,5.0,S0_baseline
122219.0,358.1846629,0.0,3044.56963465,2865.4773032,358.1846629,0.0,434.9385192357143,409.35390045714286,1.0,0.0,7.0,7.0,S0_baseline
122226.0,173.9537703,0.0,1217.6763921000002,1217.6763921000002,173.9537703,0.0,202.94606535000003,202.94606535000003,1.0,0.0,6.0,6.0,S0_baseline
122227.0,172.2736797,0.0,1205.9157579,1033.6420782,172.2736797,0.0,200.98595965,206.72841564,1.0,0.0,6.0,5.0,S0_baseline
122233.0,159.9492835,0.0,1119.6449845000002,1439.5435515,159.9492835,0.0,223.92899690000004,239.92392525,1.0,0.0,5.0,6.0,S0_baseline
122238.0,293.7182992,0.0,2643.4646928,2643.4646928,293.7182992,0.0,377.6378132571428,440.5774488,1.0,0.0,7.0,6.0,S0_baseline
122242.0,148.1757763,0.0,1037.2304341,889.0546578,148.1757763,0.0,172.87173901666665,177.81093156,1.0,0.0,6.0,5.0,S0_baseline
122250.0,332.3178478,0.0,2326.2249346,2326.2249346,332.3178478,0.0,387.7041557666666,465.24498692,1.0,0.0,6.0,5.0,S0_baseline
122253.0,211.892691,0.0,1483.248837,1483.248837,211.892691,0.0,247.2081395,296.64976740000003,1.0,0.0,6.0,5.0,S0_baseline
122256.0,237.2708613,0.0,1660.8960291,1304.98973715,237.2708613,0.0,276.81600485,260.99794743,1.0,0.0,6.0,5.0,S0_baseline
122266.0,0.0,0.0,1713.3636772,1346.2143178,0.0,0.0,285.56061286666665,269.24286356000005,0.0,0.0,6.0,5.0,S0_baseline
122269.0,0.0,0.0,1607.0844279,1262.70919335,0.0,0.0,267.84740465,252.54183867,0.0,0.0,6.0,5.0,S0_baseline
122273.0,388.4878514,194.2439257,1359.7074799000002,1359.7074799000002,194.2439257,194.2439257,226.6179133166667,271.94149598,2.0,1.0,6.0,5.0,S0_baseline
122275.0,68.01450503,0.0,476.10153521,476.10153521,68.01450503,0.0,79.35025586833332,95.220307042,1.0,0.0,6.0,5.0,S0_baseline
122276.0,132.01238854,0.0,462.04335989,363.034068485,66.00619427,0.0,77.00722664833333,72.60681369699999,2.0,0.0,6.0,5.0,S0_baseline
122277.0,296.7327903,0.0,2077.1295321,2077.1295321,296.7327903,0.0,346.18825535,415.42590641999993,1.0,0.0,6.0,5.0,S0_baseline
122278.0,80.04041546,0.0,280.14145411000004,220.111142515,40.02020773,0.0,46.69024235166668,44.022228503,2.0,0.0,6.0,5.0,S0_baseline
122279.0,132.5100719,0.0,463.7852516500001,364.40269772500005,66.25503595,0.0,77.29754194166668,72.880539545,2.0,0.0,6.0,5.0,S0_baseline
122289.0,60.54449478,30.27224739,211.90573173,166.497360645,30.27224739,30.27224739,35.317621955,33.299472129,2.0,1.0,6.0,5.0,S0_baseline
122291.0,58.3977728,29.1988864,204.3922048,160.5938752,29.1988864,29.1988864,34.065367466666665,32.11877504,2.0,1.0,6.0,5.0,S0_baseline
122297.0,65.02289428,32.51144714,227.58012998,178.81295927000002,32.51144714,32.51144714,37.930021663333335,35.76259185400001,2.0,1.0,6.0,5.0,S0_baseline
122303.0,81.51570164,40.75785082,285.30495574,264.92603033,40.75785082,40.75785082,47.55082595666667,44.154338388333336,2.0,1.0,6.0,6.0,S0_baseline
122309.0,159.8010935,79.90054675,559.30382725,519.353553875,79.90054675,79.90054675,93.21730454166668,86.55892564583333,2.0,1.0,6.0,6.0,S0_baseline
122310.0,81.6588396,81.6588396,571.6118772,530.7824574,81.6588396,81.6588396,95.2686462,88.4637429,1.0,1.0,6.0,6.0,S0_baseline
122321.0,124.4700271,124.4700271,871.2901896999999,809.05517615,124.4700271,124.4700271,145.21503161666666,134.84252935833334,1.0,1.0,6.0,6.0,S0_baseline
122322.0,34.82886479,34.82886479,243.80205353,226.387621135,34.82886479,34.82886479,40.633675588333325,37.731270189166665,1.0,1.0,6.0,6.0,S0_baseline
122323.0,98.20782218,98.20782218,687.45475526,638.35084417,98.20782218,98.20782218,114.57579254333332,106.39180736166666,1.0,1.0,6.0,6.0,S0_baseline
122330.0,201.0757842,201.0757842,1407.5304894,1306.9925973,201.0757842,201.0757842,234.5884149,217.83209955,1.0,1.0,6.0,6.0,S0_baseline
122334.0,112.3691477,112.3691477,786.5840339,618.03031235,112.3691477,112.3691477,131.09733898333334,123.60606247,1.0,1.0,6.0,5.0,S0_baseline
122339.0,32.82282097,32.82282097,229.75974679,213.348336305,32.82282097,32.82282097,38.29329113166667,35.558056050833336,1.0,1.0,6.0,6.0,S0_baseline
122359.0,111.7642491,111.7642491,782.3497437,614.70337005,111.7642491,111.7642491,130.39162395,122.94067401,1.0,1.0,6.0,5.0,S0_baseline
122370.0,147.9758312,147.9758312,1257.7945652,961.8429028,147.9758312,147.9758312,179.68493788571428,160.30715046666666,1.0,1.0,7.0,6.0,S0_baseline
122380.0,134.7579364,134.7579364,943.3055548,741.1686502,134.7579364,134.7579364,157.21759246666667,148.23373004,1.0,1.0,6.0,5.0,S0_baseline
122386.0,105.3019776,105.3019776,737.1138432,579.1608768,105.3019776,105.3019776,122.8523072,115.83217536,1.0,1.0,6.0,5.0,S0_baseline
122387.0,126.4603636,126.4603636,885.2225452,695.5319998,126.4603636,126.4603636,147.53709086666666,139.10639996,1.0,1.0,6.0,5.0,S0_baseline
122388.0,232.605878,116.302939,814.1205729999999,639.6661644999999,116.302939,116.302939,135.68676216666665,127.93323289999998,2.0,1.0,6.0,5.0,S0_baseline
122399.0,88.3643749,88.3643749,618.5506243,486.00406195,88.3643749,88.3643749,103.09177071666666,97.20081239,1.0,1.0,6.0,5.0,S0_baseline
122402.0,196.6488128,196.6488128,1671.5149088,1278.2172832,196.6488128,196.6488128,238.7878441142857,213.03621386666669,1.0,1.0,7.0,6.0,S0_baseline
122410.0,72.26438088,72.26438088,505.85066616000006,397.45409484,72.26438088,72.26438088,84.30844436000001,79.49081896800001,1.0,1.0,6.0,5.0,S0_baseline
122421.0,67.68038873,67.68038873,575.283304205,372.242138015,67.68038873,67.68038873,82.18332917214286,74.448427603,1.0,1.0,7.0,5.0,S0_baseline
122459.0,301.111787,0.0,1656.1148285,978.61330775,150.5558935,0.0,207.0143535625,163.10221795833334,2.0,0.0,8.0,6.0,S0_baseline
122462.0,107.5388,0.0,1021.6186,591.4634,107.5388,0.0,127.702325,118.29268,1.0,0.0,8.0,5.0,S0_baseline
122467.0,95.39358973,0.0,906.239102435,524.664743515,95.39358973,0.0,113.279887804375,104.932948703,1.0,0.0,8.0,5.0,S0_baseline
122473.0,434.2306564,0.0,2171.153282,1411.2496333,217.1153282,0.0,271.39416025,235.20827221666664,2.0,0.0,8.0,6.0,S0_baseline
122476.0,236.635837,0.0,1183.179185,769.0664702500001,118.3179185,0.0,147.897398125,128.17774504166667,2.0,0.0,8.0,6.0,S0_baseline
122484.0,89.68454103,0.0,852.003139785,493.26497566500007,89.68454103,0.0,106.500392473125,98.65299513300002,1.0,0.0,8.0,5.0,S0_baseline
122498.0,350.5038654,0.0,1752.519327,1139.13756255,175.2519327,0.0,219.064915875,189.856260425,2.0,0.0,8.0,6.0,S0_baseline
122507.0,97.21819774,0.0,777.74558192,534.7000875699999,97.21819774,0.0,111.10651170285712,106.940017514,1.0,0.0,7.0,5.0,S0_baseline
122511.0,177.7767905,0.0,1688.87950975,977.77234775,177.7767905,0.0,211.10993871875,195.55446955,1.0,0.0,8.0,5.0,S0_baseline
122518.0,123.956041,123.956041,1177.5823895,681.7582255,123.956041,123.956041,147.19779868749998,136.35164509999998,1.0,1.0,8.0,5.0,S0_baseline
122519.0,190.2445735,0.0,2092.6903085,1046.34515425,190.2445735,0.0,261.5862885625,209.26903085,1.0,0.0,8.0,5.0,S0_baseline
122522.0,151.7604813,0.0,1517.604813,834.6826471500001,151.7604813,0.0,189.700601625,166.93652943,1.0,0.0,8.0,5.0,S0_baseline
122524.0,158.9286162,158.9286162,1748.2147782,874.1073891,158.9286162,158.9286162,194.24608646666667,174.82147781999998,1.0,1.0,9.0,5.0,S0_baseline
122525.0,702.5750854,0.0,2810.3003416,2283.3690275500003,351.2875427,0.0,401.4714773714286,380.56150459166673,2.0,0.0,7.0,6.0,S0_baseline
122526.0,830.1501612,415.0750806,3320.6006448,2282.9129433,415.0750806,415.0750806,474.37152068571424,456.58258866,2.0,1.0,7.0,5.0,S0_baseline
122530.0,112.4866856,0.0,1124.866856,618.6767708,112.4866856,0.0,140.608357,123.73535416,1.0,0.0,8.0,5.0,S0_baseline
122535.0,278.7791678,0.0,1115.1166712,906.03229535,139.3895839,0.0,159.3023816,151.0053825583333,2.0,0.0,7.0,6.0,S0_baseline
122541.0,355.3389806,0.0,1421.3559224,1154.85168695,177.6694903,0.0,203.05084605714288,192.47528115833333,2.0,0.0,7.0,6.0,S0_baseline
122552.0,412.4416592,0.0,1340.4353924,1134.2145628,206.2208296,0.0,223.4058987333333,226.84291256,2.0,0.0,6.0,5.0,S0_baseline
122567.0,943.7317432,0.0,3067.1281654,2595.2622938,471.8658716,0.0,511.1880275666667,519.05245876,2.0,0.0,6.0,5.0,S0_baseline
122582.0,255.1815664,0.0,829.3400908,1020.7262656,127.5907832,0.0,138.22334846666666,145.81803794285716,2.0,0.0,6.0,7.0,S0_baseline
122597.0,154.4558128,0.0,501.9813916,501.9813916,77.2279064,0.0,83.66356526666665,83.66356526666665,2.0,0.0,6.0,6.0,S0_baseline
122617.0,610.8671135,610.8671135,5803.237578249999,4276.069794499999,610.8671135,610.8671135,725.4046972812499,712.6782990833332,1.0,1.0,8.0,6.0,S0_baseline
122619.0,128.0278057,0.0,1216.26415415,896.1946398999999,128.0278057,0.0,152.03301926875,149.36577331666663,1.0,0.0,8.0,6.0,S0_baseline
122623.0,229.993389,0.0,2184.9371955,1609.953723,229.993389,0.0,273.1171494375,268.3256205,1.0,0.0,8.0,6.0,S0_baseline
122626.0,313.1453122,0.0,2974.8804659,2035.4445293,313.1453122,0.0,371.8600582375,339.2407548833333,1.0,0.0,8.0,6.0,S0_baseline
122632.0,560.7841854,0.0,2243.1367416,1822.54860255,280.3920927,0.0,320.4481059428571,303.758100425,2.0,0.0,7.0,6.0,S0_baseline
122635.0,1093.8314992,546.9157496,4375.3259968,3554.9523724,546.9157496,546.9157496,625.0465709714287,592.4920620666667,2.0,1.0,7.0,6.0,S0_baseline
122636.0,566.5221126,283.2610563,2690.98003485,1841.19686595,283.2610563,283.2610563,336.37250435625,306.866144325,2.0,1.0,8.0,6.0,S0_baseline
122637.0,584.0077188,0.0,5548.0733286,3212.0424534000003,584.0077188,0.0,693.509166075,642.4084906800001,1.0,0.0,8.0,5.0,S0_baseline
122643.0,225.2789557,0.0,2140.15007915,1576.9526899000002,225.2789557,0.0,267.51875989375003,262.8254483166667,1.0,0.0,8.0,6.0,S0_baseline
122650.0,203.1814987,0.0,1930.22423765,1625.4519896,203.1814987,0.0,241.27802970625,232.20742708571427,1.0,0.0,8.0,7.0,S0_baseline
122652.0,147.5057504,0.0,1401.3046288,1032.5402528,147.5057504,0.0,175.1630786,172.09004213333333,1.0,0.0,8.0,6.0,S0_baseline
122653.0,123.3098533,0.0,1171.44360635,863.1689731,123.3098533,0.0,146.43045079375,143.86149551666668,1.0,0.0,8.0,6.0,S0_baseline
122659.0,321.4978643,0.0,3054.22971085,2250.4850501,321.4978643,0.0,381.77871385625,375.08084168333335,1.0,0.0,8.0,6.0,S0_baseline
122660.0,342.7788518,0.0,1114.03126835,1114.03126835,171.3894259,0.0,185.6718780583333,185.6718780583333,2.0,0.0,6.0,6.0,S0_baseline
122675.0,234.700105,0.0,2229.6509975,1642.9007350000002,234.700105,0.0,278.7063746875,273.8167891666667,1.0,0.0,8.0,6.0,S0_baseline
122681.0,852.6980138,0.0,2131.7450345,2984.4430483,426.3490069,0.0,426.34900690000006,596.88860966,2.0,0.0,5.0,5.0,S0_baseline
122683.0,595.7342721,0.0,3872.27276865,3574.4056326,595.7342721,0.0,645.3787947750001,714.88112652,1.0,0.0,6.0,5.0,S0_baseline
122689.0,379.675172,0.0,2467.888618,2278.051032,379.675172,0.0,411.3147696666667,455.6102064,1.0,0.0,6.0,5.0,S0_baseline
122696.0,734.8798748,0.0,1837.199687,2020.9196557,367.4399374,0.0,367.4399374,404.18393114,2.0,0.0,5.0,5.0,S0_baseline
122697.0,860.2442858,0.0,3225.91607175,3871.0992861,430.1221429,0.0,460.8451531071428,645.18321435,2.0,0.0,7.0,6.0,S0_baseline
122705.0,242.6696264,0.0,788.6762858,1031.3459122,121.3348132,0.0,131.44604763333334,171.89098536666663,2.0,0.0,6.0,6.0,S0_baseline
122716.0,266.9484628,0.0,867.5825041,934.3196198,133.4742314,0.0,144.59708401666668,155.71993663333333,2.0,0.0,6.0,6.0,S0_baseline
122719.0,464.1209166,0.0,1624.4232081,1740.45343725,232.0604583,0.0,270.73720135,290.075572875,2.0,0.0,6.0,6.0,S0_baseline
122727.0,373.3620047,0.0,2053.49102585,3173.57703995,373.3620047,0.0,410.69820517,528.9295066583334,1.0,0.0,5.0,6.0,S0_baseline
122728.0,213.3036206,0.0,1386.4735339,1493.1253442,213.3036206,0.0,231.07892231666665,248.8542240333333,1.0,0.0,6.0,6.0,S0_baseline
122729.0,130.4311441,0.0,847.8024366500001,913.0180087,130.4311441,0.0,141.30040610833336,152.16966811666668,1.0,0.0,6.0,6.0,S0_baseline
122738.0,231.138855,0.0,751.20127875,924.55542,231.138855,0.0,125.200213125,132.07934571428572,1.0,0.0,6.0,7.0,S0_baseline
122747.0,148.9637567,0.0,968.26441855,1340.6738103,148.9637567,0.0,161.37740309166668,167.5842262875,1.0,0.0,6.0,8.0,S0_baseline
122748.0,267.2647612,0.0,2138.1180896,2405.3828508,267.2647612,0.0,305.44544137142856,300.67285635,1.0,0.0,7.0,8.0,S0_baseline
122754.0,167.5047977,0.0,1340.0383816,1507.5431793,167.5047977,0.0,191.4340545142857,188.4428974125,1.0,0.0,7.0,8.0,S0_baseline
122779.0,140.2305601,0.0,1121.8444808,1121.8444808,140.2305601,0.0,160.26349725714286,160.26349725714286,1.0,0.0,7.0,7.0,S0_baseline
122785.0,63.56991877,0.0,413.204472005,572.12926893,63.56991877,0.0,68.86741200083334,71.51615861625,1.0,0.0,6.0,8.0,S0_baseline
122801.0,207.967731,0.0,1663.741848,1663.741848,207.967731,0.0,237.67740685714284,237.67740685714284,1.0,0.0,7.0,7.0,S0_baseline
122802.0,281.6186916,0.0,2252.9495328,2534.5682244,281.6186916,0.0,321.8499332571428,316.82102805,1.0,0.0,7.0,8.0,S0_baseline
122812.0,174.4277809,0.0,1657.06391855,1395.4222472,174.4277809,0.0,207.13298981875,199.3460353142857,1.0,0.0,8.0,7.0,S0_baseline
122890.0,779.420528,0.0,3702.247508,3507.392376,779.420528,0.0,462.7809385,438.424047,1.0,0.0,8.0,8.0,S0_baseline
122913.0,285.9910042,0.0,2716.9145399000004,2573.9190378000003,285.9910042,0.0,339.61431748750005,321.73987972500004,1.0,0.0,8.0,8.0,S0_baseline
123072.0,208.9100784,0.0,1984.6457448,1462.3705488,208.9100784,0.0,248.0807181,243.7284248,1.0,0.0,8.0,6.0,S0_baseline
123086.0,315.8484958,0.0,3000.5607101,2842.6364622,315.8484958,0.0,375.0700887625,355.329557775,1.0,0.0,8.0,8.0,S0_baseline
123089.0,633.3544296,0.0,3008.4335406,2850.0949332,633.3544296,0.0,376.054192575,356.26186665,1.0,0.0,8.0,8.0,S0_baseline
123101.0,199.58633414,0.0,948.035087165,898.13850363,199.58633414,0.0,118.504385895625,112.26731295375,1.0,0.0,8.0,8.0,S0_baseline
123106.0,293.1529284,0.0,2345.2234272,2052.0704988,293.1529284,0.0,335.0319181714286,342.0117498,1.0,0.0,7.0,6.0,S0_baseline
123132.0,632.8393674,0.0,6011.9739903,5695.5543066,632.8393674,0.0,751.4967487875,711.944288325,1.0,0.0,8.0,8.0,S0_baseline
123146.0,279.1390412,0.0,2651.8208914,2512.2513708,279.1390412,0.0,331.477611425,314.03142135,1.0,0.0,8.0,8.0,S0_baseline
123154.0,417.8371149,0.0,3969.45259155,3760.5340341,417.8371149,0.0,496.1815739437501,470.0667542625,1.0,0.0,8.0,8.0,S0_baseline
123166.0,398.5202146,0.0,3785.9420387,3586.6819314,398.5202146,0.0,473.2427548375,448.335241425,1.0,0.0,8.0,8.0,S0_baseline
123167.0,1008.025087,0.0,9576.2383265,8064.200696,1008.025087,0.0,1197.0297908125,1152.0286708571427,1.0,0.0,8.0,7.0,S0_baseline
123187.0,515.1860812,0.0,4894.2677714,3606.3025684,515.1860812,0.0,611.783471425,601.0504280666667,1.0,0.0,8.0,6.0,S0_baseline
123194.0,541.7460325,0.0,5146.58730875,4333.96826,541.7460325,0.0,643.3234135937499,619.1383228571428,1.0,0.0,8.0,7.0,S0_baseline
123196.0,122.3719696,122.3719696,1162.5337112,978.9757568,122.3719696,122.3719696,145.3167139,139.85367954285715,1.0,1.0,8.0,7.0,S0_baseline
123208.0,421.9866075,0.0,1125.29762,1406.622025,210.99330375,0.0,187.54960333333327,200.94600357142852,2.0,0.0,6.0,7.0,S0_baseline
123235.0,789.8706198,0.0,5529.0943386,5924.0296485,789.8706198,0.0,921.5157231,987.33827475,1.0,0.0,6.0,6.0,S0_baseline
123246.0,499.7825446,0.0,1749.2389061,1874.18454225,249.8912723,0.0,291.5398176833333,312.364090375,2.0,0.0,6.0,6.0,S0_baseline
123250.0,1075.2018282,0.0,2508.8042658,2688.0045705,537.6009141,0.0,418.1340443,448.00076175,2.0,0.0,6.0,6.0,S0_baseline
123251.0,647.9415902,0.0,2267.7955657,1943.8247706,323.9707951,0.0,377.96592761666665,388.76495412,2.0,0.0,6.0,5.0,S0_baseline
123281.0,446.7218535,0.0,3797.13575475,4020.4966815,446.7218535,0.0,542.4479649642857,574.3566687857143,1.0,0.0,7.0,7.0,S0_baseline
123298.0,402.7863714,0.0,2013.931857,1208.3591142,402.7863714,0.0,251.741482125,241.67182284,1.0,0.0,8.0,5.0,S0_baseline
123310.0,181.64655,0.0,1543.995675,1543.995675,181.64655,0.0,220.57081071428573,220.57081071428573,1.0,0.0,7.0,7.0,S0_baseline
123314.0,227.4590864,0.0,2274.590864,1364.7545184,227.4590864,0.0,284.323858,272.95090368,1.0,0.0,8.0,5.0,S0_baseline
123322.0,143.7561508,0.0,1437.561508,1221.9272818,143.7561508,0.0,179.6951885,174.56104025714285,1.0,0.0,8.0,7.0,S0_baseline
123389.0,0.0,0.0,2946.1571725,1532.0017297,0.0,0.0,368.2696465625,383.000432425,0.0,0.0,8.0,4.0,S0_baseline
123392.0,0.0,0.0,2303.1059522000005,1101.4854554,0.0,0.0,287.88824402500006,275.37136385,0.0,0.0,8.0,4.0,S0_baseline
123427.0,149.4538872,0.0,1718.7197028,896.7233232,149.4538872,0.0,214.83996285,179.34466464,1.0,0.0,8.0,5.0,S0_baseline
123432.0,157.0164743,0.0,1570.1647429999998,942.0988458,157.0164743,0.0,196.270592875,188.41976916,1.0,0.0,8.0,5.0,S0_baseline
123433.0,100.0828356,0.0,1000.828356,600.4970136,100.0828356,0.0,125.1035445,120.09940272,1.0,0.0,8.0,5.0,S0_baseline
123455.0,140.6370476,0.0,1476.6889998,632.8667141999999,140.6370476,0.0,184.586124975,158.21667854999998,1.0,0.0,8.0,4.0,S0_baseline
123470.0,0.0,0.0,945.06465287,654.2755289099999,0.0,0.0,118.13308160875,130.85510578199998,0.0,0.0,8.0,5.0,S0_baseline
123490.0,0.0,0.0,596.4269069,271.1031395,0.0,0.0,74.5533633625,67.775784875,0.0,0.0,8.0,4.0,S0_baseline
123511.0,158.7579752,0.0,1746.3377272,714.4108884,158.7579752,0.0,218.2922159,178.6027221,1.0,0.0,8.0,4.0,S0_baseline
123553.0,162.2922221,0.0,1785.2144431000002,730.31499945,162.2922221,0.0,223.1518053875,182.5787498625,1.0,0.0,8.0,4.0,S0_baseline
123564.0,0.0,0.0,2327.1021048,951.9963156,0.0,0.0,290.88776310000003,237.9990789,0.0,0.0,8.0,4.0,S0_baseline
123571.0,0.0,0.0,3015.3535819000003,1233.55373805,0.0,0.0,376.9191977375,308.3884345125,0.0,0.0,8.0,4.0,S0_baseline
123574.0,740.4135863,0.0,8144.5494493,3331.86113835,740.4135863,0.0,1018.0686811625,832.9652845875,1.0,0.0,8.0,4.0,S0_baseline
123639.0,187.1053455,0.0,1309.7374185,1590.39543675,187.1053455,0.0,218.28956975,227.19934810714287,1.0,0.0,6.0,7.0,S0_baseline
123644.0,294.7132806,0.0,1694.6013634500002,663.10488135,294.7132806,0.0,211.82517043125003,165.7762203375,1.0,0.0,8.0,4.0,S0_baseline
123651.0,167.2532531,0.0,1756.15915755,752.63963895,167.2532531,0.0,219.51989469375,188.1599097375,1.0,0.0,8.0,4.0,S0_baseline
123663.0,293.9458874,0.0,3821.2965362,2057.6212118000003,293.9458874,0.0,477.66206702500006,342.9368686333334,1.0,0.0,8.0,6.0,S0_baseline
123713.0,250.5020878,0.0,3256.5271414,1753.5146146,250.5020878,0.0,407.065892675,292.2524357666667,1.0,0.0,8.0,6.0,S0_baseline
123749.0,378.1394201,0.0,4159.533621099999,2079.76681055,378.1394201,0.0,519.9417026374999,415.95336211,1.0,0.0,8.0,5.0,S0_baseline
123766.0,792.1184561,0.0,8713.3030171,4356.65150855,792.1184561,0.0,1089.1628771375,871.33030171,1.0,0.0,8.0,5.0,S0_baseline
123798.0,663.909722,0.0,7303.006942,2987.593749,663.909722,0.0,912.87586775,746.89843725,1.0,0.0,8.0,4.0,S0_baseline
123824.0,408.8796594,0.0,4497.6762534,2248.8381267,408.8796594,0.0,562.209531675,449.76762534,1.0,0.0,8.0,5.0,S0_baseline
123834.0,311.2862342,0.0,2645.9329907,2490.2898736,311.2862342,0.0,377.9904272428572,355.7556962285715,1.0,0.0,7.0,7.0,S0_baseline
123836.0,565.5506825,0.0,6221.0575075,3110.52875375,565.5506825,0.0,777.6321884375,622.10575075,1.0,0.0,8.0,5.0,S0_baseline
123880.0,224.1037086,0.0,2465.1407946,1568.7259602,224.1037086,0.0,308.142599325,261.4543267,1.0,0.0,8.0,6.0,S0_baseline
123913.0,270.4777981,0.0,2163.8223848,2163.8223848,270.4777981,0.0,309.1174835428571,309.1174835428571,1.0,0.0,7.0,7.0,S0_baseline
123943.0,127.9694639,0.0,1215.70990705,1023.7557112,127.9694639,0.0,151.96373838124998,146.25081588571427,1.0,0.0,8.0,7.0,S0_baseline
124013.0,27.22626744,0.0,353.94147672,285.87580812,27.22626744,0.0,44.24268459,47.64596802,1.0,0.0,8.0,6.0,S0_baseline
124034.0,121.5757057,0.0,1337.3327627,729.4542342,121.5757057,0.0,167.16659533749998,145.89084684,1.0,0.0,8.0,5.0,S0_baseline
124041.0,0.0,0.0,1262.2401605,688.494633,0.0,0.0,157.7800200625,137.6989266,0.0,0.0,8.0,5.0,S0_baseline
124042.0,0.0,0.0,1280.1554282,698.2665972,0.0,0.0,160.019428525,139.65331944,0.0,0.0,8.0,5.0,S0_baseline
124072.0,0.0,0.0,2595.7712169,1634.3744699,0.0,0.0,324.4714021125,326.87489398,0.0,0.0,8.0,5.0,S0_baseline
124080.0,0.0,0.0,723.931910625,318.530040675,0.0,0.0,90.491488828125,79.63251016875,0.0,0.0,8.0,4.0,S0_baseline
124094.0,0.0,0.0,2014.16865375,1047.36769995,0.0,0.0,251.77108171875,261.8419249875,0.0,0.0,8.0,4.0,S0_baseline
124096.0,0.0,0.0,1544.6818075,1056.8875525,0.0,0.0,220.6688296428572,264.221888125,0.0,0.0,7.0,4.0,S0_baseline
124108.0,0.0,0.0,2279.43078185,1199.7004115,0.0,0.0,325.6329688357143,299.925102875,0.0,0.0,7.0,4.0,S0_baseline
124130.0,0.0,0.0,2533.20912905,1872.37196495,0.0,0.0,316.65114113125,374.47439299,0.0,0.0,8.0,5.0,S0_baseline
124132.0,0.0,0.0,1312.5853999,759.9178631,0.0,0.0,187.51219998571423,189.979465775,0.0,0.0,7.0,4.0,S0_baseline
124304.0,16.56185032,49.68555096,115.93295224,198.74220384,16.56185032,24.84277548,19.322158706666663,19.874220384,1.0,2.0,6.0,10.0,S0_baseline
124780.0,31.69499956,0.0,190.16999736,522.96749274,31.69499956,0.0,38.033999472,52.296749274,1.0,0.0,5.0,10.0,S0_baseline
124884.0,91.22709393,0.0,319.294828755,638.5896575099999,91.22709393,0.0,106.431609585,106.431609585,1.0,0.0,3.0,6.0,S0_baseline
124889.0,103.5161245,0.0,362.30643575,621.096747,103.5161245,0.0,120.76881191666666,124.2193494,1.0,0.0,3.0,5.0,S0_baseline
124902.0,60.99886228,0.0,274.49488026,487.99089824,60.99886228,0.0,91.49829342,81.33181637333333,1.0,0.0,3.0,6.0,S0_baseline
124904.0,60.04719137,0.0,360.28314822,420.33033959,60.04719137,0.0,90.070787055,84.066067918,1.0,0.0,4.0,5.0,S0_baseline
124909.0,44.27446591,0.0,154.960630685,265.64679546,44.27446591,0.0,51.65354356166667,53.129359092,1.0,0.0,3.0,5.0,S0_baseline
124916.0,118.6852719,0.0,712.1116314000001,949.4821752,118.6852719,0.0,178.02790785000002,189.89643504,1.0,0.0,4.0,5.0,S0_baseline
124919.0,40.43693145,0.0,202.18465725,242.6215887,40.43693145,0.0,50.5461643125,48.52431774,1.0,0.0,4.0,5.0,S0_baseline
124932.0,75.53860495,0.0,377.69302475000006,453.2316297,75.53860495,0.0,94.42325618750002,90.64632594,1.0,0.0,4.0,5.0,S0_baseline
124953.0,542.5414458,0.0,2712.707229,2712.707229,542.5414458,0.0,678.17680725,678.17680725,1.0,0.0,4.0,4.0,S0_baseline
124965.0,125.194808,0.0,625.9740400000001,751.168848,125.194808,0.0,156.49351,150.23376960000002,1.0,0.0,4.0,5.0,S0_baseline
124967.0,93.78567206,0.0,468.9283603,468.9283603,93.78567206,0.0,117.232090075,117.232090075,1.0,0.0,4.0,4.0,S0_baseline
124989.0,222.1829075,0.0,777.64017625,1222.00599125,222.1829075,0.0,259.2133920833333,305.5014978125,1.0,0.0,3.0,4.0,S0_baseline
124990.0,152.3964073,0.0,533.38742555,533.38742555,152.3964073,0.0,177.79580851666665,177.79580851666665,1.0,0.0,3.0,3.0,S0_baseline
124995.0,81.49708997,0.0,285.239814895,407.48544985,81.49708997,0.0,95.07993829833332,101.8713624625,1.0,0.0,3.0,4.0,S0_baseline
124999.0,70.75981497,0.0,247.659352395,424.55888982,70.75981497,0.0,82.553117465,84.911777964,1.0,0.0,3.0,5.0,S0_baseline
125004.0,138.2700088,0.0,691.350044,967.8900616,138.2700088,0.0,172.837511,161.31501026666666,1.0,0.0,4.0,6.0,S0_baseline
125006.0,104.051933,0.0,364.1817655,572.2856315,104.051933,0.0,121.39392183333332,114.4571263,1.0,0.0,3.0,5.0,S0_baseline
125010.0,110.3133205,0.0,386.09662175,606.72326275,110.3133205,0.0,128.69887391666666,121.34465255,1.0,0.0,3.0,5.0,S0_baseline
125011.0,78.5226754,0.0,274.8293639,353.3520393,78.5226754,0.0,91.60978796666666,88.338009825,1.0,0.0,3.0,4.0,S0_baseline
125019.0,89.48660395,0.0,447.43301975,536.9196237,89.48660395,0.0,111.8582549375,107.38392474,1.0,0.0,4.0,5.0,S0_baseline
125023.0,113.9820484,0.0,569.9102419999999,512.9192178,113.9820484,0.0,142.47756049999998,128.22980445,1.0,0.0,4.0,4.0,S0_baseline
125025.0,121.8100513,0.0,609.0502564999999,548.14523085,121.8100513,0.0,152.26256412499998,137.0363077125,1.0,0.0,4.0,4.0,S0_baseline
125030.0,127.1750169,0.0,445.11255915,572.28757605,127.1750169,0.0,148.37085305000002,143.0718940125,1.0,0.0,3.0,4.0,S0_baseline
125036.0,96.96661432,0.0,484.8330716,630.2829930800001,96.96661432,0.0,121.2082679,126.05659861600002,1.0,0.0,4.0,5.0,S0_baseline
125046.0,88.24090268,0.0,308.84315938000003,529.4454160800001,88.24090268,0.0,102.94771979333336,105.88908321600002,1.0,0.0,3.0,5.0,S0_baseline
125053.0,63.41624421,0.0,221.956854735,570.7461978900001,63.41624421,0.0,73.985618245,95.12436631500002,1.0,0.0,3.0,6.0,S0_baseline
125058.0,68.00086985,0.0,238.003044475,476.00608895,68.00086985,0.0,79.33434815833333,79.33434815833333,1.0,0.0,3.0,6.0,S0_baseline
125065.0,101.0863743,0.0,454.88868435,808.6909944,101.0863743,0.0,151.62956145,134.7818324,1.0,0.0,3.0,6.0,S0_baseline
125076.0,192.9624463,0.0,675.36856205,1350.7371241,192.9624463,0.0,225.12285401666668,225.12285401666668,1.0,0.0,3.0,6.0,S0_baseline
125081.0,147.528512,0.0,516.349792,1032.699584,147.528512,0.0,172.11659733333332,172.11659733333332,1.0,0.0,3.0,6.0,S0_baseline
125085.0,103.0195042,0.0,360.5682647,618.1170252,103.0195042,0.0,120.18942156666668,123.62340504,1.0,0.0,3.0,5.0,S0_baseline
125101.0,137.4388868,0.0,687.194434,962.0722076,137.4388868,0.0,171.7986085,160.34536793333334,1.0,0.0,4.0,6.0,S0_baseline
125102.0,156.882707,0.0,784.4135350000001,1098.178949,156.882707,0.0,196.10338375000003,183.0298248333333,1.0,0.0,4.0,6.0,S0_baseline
125109.0,116.0548096,0.0,406.1918336,522.2466432,116.0548096,0.0,135.39727786666666,130.5616608,1.0,0.0,3.0,4.0,S0_baseline
125230.0,0.0,0.0,519.7450996,1104.45833665,0.0,0.0,173.24836653333332,220.89166733,0.0,0.0,3.0,5.0,S0_baseline
125232.0,0.0,0.0,695.616802,1478.18570425,0.0,0.0,231.87226733333333,295.63714085000004,0.0,0.0,3.0,5.0,S0_baseline
125238.0,0.0,0.0,778.2617056,1653.8061244,0.0,0.0,259.4205685333333,330.76122488,0.0,0.0,3.0,5.0,S0_baseline
125241.0,0.0,0.0,479.8466751,1199.61668775,0.0,0.0,239.92333755,299.9041719375,0.0,0.0,2.0,4.0,S0_baseline
125243.0,0.0,0.0,451.8595263,828.40913155,0.0,0.0,225.92976315,207.1022828875,0.0,0.0,2.0,4.0,S0_baseline
125247.0,0.0,0.0,504.0054192,924.0099352,0.0,0.0,252.0027096,231.0024838,0.0,0.0,2.0,4.0,S0_baseline
125254.0,0.0,0.0,492.6928908,1395.9631906,0.0,0.0,246.3464454,279.19263812,0.0,0.0,2.0,5.0,S0_baseline
125268.0,0.0,0.0,823.42187,1543.91600625,0.0,0.0,274.47395666666665,385.9790015625,0.0,0.0,3.0,4.0,S0_baseline
125324.0,647.1659001,1510.0537669,2157.219667,3127.96851715,215.7219667,302.01075338,239.6910741111111,260.66404309583334,3.0,5.0,9.0,12.0,S0_baseline
125325.0,441.4253334,882.8506668,1618.5595558,1839.2722225,147.1417778,176.57013336,161.85595558,167.20656568181818,3.0,5.0,10.0,11.0,S0_baseline
125334.0,304.6866987,1218.7467948,2437.4935896,3960.9270831,304.6866987,406.2489316000001,348.2133699428572,360.0842802818182,1.0,3.0,7.0,11.0,S0_baseline
125343.0,90.74426226,181.48852452,635.20983582,1088.93114712,90.74426226,90.74426226,90.74426226,98.99374064727272,1.0,2.0,7.0,11.0,S0_baseline
125420.0,51.46014922,77.19022383,180.11052227,205.84059688,25.73007461,25.73007461,30.01842037833333,25.73007461,2.0,3.0,6.0,8.0,S0_baseline
125595.0,18.39028046,64.36598161,91.9514023,119.53682299,18.39028046,21.455327203333336,18.39028046,19.922803831666663,1.0,3.0,5.0,6.0,S0_baseline
125627.0,55.6260662,66.75127944,166.87819860000002,133.50255888,55.6260662,22.25042648,23.83974265714286,22.25042648,1.0,3.0,7.0,6.0,S0_baseline
125673.0,22.374405045,44.74881009,111.872025225,74.58135014999999,22.374405045,14.91627003,15.981717889285717,14.916270029999998,1.0,3.0,7.0,5.0,S0_baseline
125688.0,39.15504723,78.31009446,195.77523615,130.5168241,39.15504723,26.10336482,27.96789087857143,26.103364820000003,1.0,3.0,7.0,5.0,S0_baseline
125698.0,78.660181575,157.32036315,393.300907875,340.860786825,78.660181575,52.44012105,56.185843982142856,68.172157365,1.0,3.0,7.0,5.0,S0_baseline
125709.0,123.9989331,247.9978662,619.9946655,661.3276432,123.9989331,82.6659554,88.5706665,110.22127386666666,1.0,3.0,7.0,6.0,S0_baseline
125805.0,43.499316015000005,86.99863203000001,217.496580075,231.99635208,43.499316015000005,28.999544010000005,31.070940010714285,33.142336011428576,1.0,3.0,7.0,7.0,S0_baseline
125884.0,40.77428044999999,32.61942436,130.47769744,195.71654616,20.387140225,16.30971218,18.63967106285714,19.571654616,2.0,2.0,7.0,10.0,S0_baseline
125923.0,892.9451829999999,357.1780732,1875.1848843,1875.1848843,297.64839433333333,178.5890366,234.3981105375,208.3538760333333,3.0,2.0,8.0,9.0,S0_baseline
125926.0,181.85779485,145.48623588,691.0596204300001,836.5458563100001,90.928897425,72.74311794,98.72280291857145,83.654585631,2.0,2.0,7.0,10.0,S0_baseline
125936.0,180.95819985,361.9163997,1085.7491991,1025.42979915,180.95819985,120.6387999,155.10702844285714,146.48997130714287,1.0,3.0,7.0,7.0,S0_baseline
125967.0,125.623290435,251.24658087,753.73974261,795.614172755,125.623290435,83.74886029,107.67710608714286,113.65916753642855,1.0,3.0,7.0,7.0,S0_baseline
126017.0,22.511375895,45.02275179,112.556879475,127.564463405,22.511375895,15.00758393,16.079554210714285,18.223494772142857,1.0,3.0,7.0,7.0,S0_baseline
126036.0,503.618526,251.809263,1196.09399925,1321.9986307499998,251.809263,125.9046315,149.51174990625,146.88873675,2.0,2.0,8.0,9.0,S0_baseline
126050.0,112.4790242,134.97482904,359.93287744,427.42029196,56.2395121,44.99160968,51.41898249142857,53.427536495000005,2.0,3.0,7.0,8.0,S0_baseline
126052.0,1046.10366,1464.545124,3975.193908,4393.635372,523.05183,732.272562,496.8992385,488.181708,2.0,2.0,8.0,9.0,S0_baseline
126056.0,91.51277675,109.8153321,292.8408856,347.74855165,45.756388375,36.6051107,41.83441222857142,43.46856895625,2.0,3.0,7.0,8.0,S0_baseline
126109.0,785.4698225,785.4698225,2984.7853255,3298.9732545,392.73491125,392.73491125,373.0981656875,366.55258383333336,2.0,2.0,8.0,9.0,S0_baseline
126117.0,1069.212764,668.2579775000002,2539.3803145,2806.6835055,534.606382,334.1289887500001,317.4225393125,311.85372283333334,2.0,2.0,8.0,9.0,S0_baseline
126129.0,101.17635873,202.35271746,505.88179365,573.3326994700001,101.17635873,67.45090582,72.26882766428572,81.90467135285715,1.0,3.0,7.0,7.0,S0_baseline
126133.0,1107.87127625,1551.01978675,3766.76233925,4653.05936025,553.935638125,775.509893375,538.1089056071429,517.0065955833334,2.0,2.0,7.0,9.0,S0_baseline
126138.0,582.8882895,582.8882895,1981.8201843,2448.1308159,291.44414475,291.44414475,283.1171691857143,272.0145351,2.0,2.0,7.0,9.0,S0_baseline
126142.0,89.30101935,178.6020387,446.50509675,506.03910965,89.30101935,59.5340129,63.78644239285715,72.29130137857143,1.0,3.0,7.0,7.0,S0_baseline
126183.0,35.25386504,79.32119634,149.82892642000002,132.2019939,17.62693252,19.830299085,18.7286158025,18.885999128571427,2.0,4.0,8.0,7.0,S0_baseline
126203.0,111.79460088,223.58920176,475.12705374,558.9730044,55.89730044,55.89730044,59.3908817175,62.1081116,2.0,4.0,8.0,9.0,S0_baseline
126215.0,1037.8665832,1686.5331976999998,2205.4664893,2983.8664267,259.4666458,337.30663954,275.6833111625,298.38664267,4.0,5.0,8.0,10.0,S0_baseline
126228.0,317.9902485,635.980497,794.97562125,1218.96261925,105.9967495,127.1960994,113.56794589285714,121.896261925,3.0,5.0,7.0,10.0,S0_baseline
126233.0,199.54082472,332.5680412,565.3656700399999,764.90649476,66.51360824,66.51360824,70.67070875499999,76.490649476,3.0,5.0,8.0,10.0,S0_baseline
126237.0,452.0021826,904.0043652,1921.00927605,2373.0114586500003,226.0010913,226.0010913,240.12615950625,263.66793985000004,2.0,4.0,8.0,9.0,S0_baseline
126238.0,326.5282626,653.0565252,1387.74511605,1714.27337865,163.2641313,163.2641313,173.46813950625,190.47481985,2.0,4.0,8.0,9.0,S0_baseline
126239.0,294.1704302,588.3408604,1250.22432835,1691.47997365,147.0852151,147.0852151,156.27804104375,169.14799736499998,2.0,4.0,8.0,10.0,S0_baseline
126242.0,377.8025218,755.6050436,1605.6607176500002,2172.36450035,188.9012609,188.9012609,200.70758970625,217.236450035,2.0,4.0,8.0,10.0,S0_baseline
126256.0,207.8221762,311.7332643,779.3331607499999,1091.06642505,103.9110881,103.9110881,111.3333086785714,121.22960278333332,2.0,3.0,7.0,9.0,S0_baseline
126258.0,147.7780951,221.66714265,554.167856625,775.834999275,73.88904755,73.88904755,79.16683666071428,86.20388880833333,2.0,3.0,7.0,9.0,S0_baseline
126343.0,136.697882575,191.377035605,355.41449469500003,601.47068333,68.3489412875,63.79234520166667,59.235749115833336,66.83007592555556,2.0,3.0,6.0,9.0,S0_baseline
126364.0,128.472480325,179.86147245499998,334.028448845,513.8899213,64.2362401625,59.95382415166666,55.67140814083333,64.2362401625,2.0,3.0,6.0,8.0,S0_baseline
126368.0,155.79309815,186.95171778,405.06205519,685.48963186,77.896549075,62.31723926,67.51034253166667,76.16551465111111,2.0,3.0,6.0,9.0,S0_baseline
126370.0,189.584944925,227.50193391,492.920856805,834.1737576700001,94.7924724625,75.83397797,82.15347613416667,92.68597307444446,2.0,3.0,6.0,9.0,S0_baseline
126408.0,295.188124385,168.67892822,674.71571288,1180.75249754,98.39604146166666,84.33946411,112.45261881333332,107.34113614,3.0,2.0,6.0,11.0,S0_baseline
126430.0,392.019957,392.019957,1568.079828,2744.139699,196.0099785,196.0099785,224.011404,249.46724536363635,2.0,2.0,7.0,11.0,S0_baseline
126457.0,454.7091195,363.7672956,1182.2437107,2182.6037736,227.35455975,181.8836478,197.04061845,218.26037736,2.0,2.0,6.0,10.0,S0_baseline
126476.0,480.3610505,384.2888404,1825.3719919,2497.8774626000004,240.18052525,192.1444202,260.7674274142857,227.0797693272728,2.0,2.0,7.0,11.0,S0_baseline
126477.0,879.816472,703.8531776,2815.4127104,4575.0456544,439.908236,351.9265888,402.2018157714286,415.9132413090909,2.0,2.0,7.0,11.0,S0_baseline
126484.0,590.2113702500001,708.2536443,1888.6763848,2833.0145772,295.10568512500004,236.0845481,269.8109121142857,283.30145772000003,2.0,3.0,7.0,10.0,S0_baseline
126489.0,193.4238277,386.8476554,1644.1025354500002,2514.5097601,193.4238277,193.4238277,234.87179077857147,228.5917963727273,1.0,2.0,7.0,11.0,S0_baseline
126501.0,774.294674,619.4357392,2942.3197612,3561.7555004,387.147337,309.7178696,420.3313944571429,356.17555004,2.0,2.0,7.0,10.0,S0_baseline
126507.0,291.0299985,232.8239988,931.2959952,1396.9439928,145.51499925,116.4119994,133.04228502857143,139.69439928,2.0,2.0,7.0,10.0,S0_baseline
126511.0,931.58484525,745.2678762,2981.0715048,4844.2411953,465.792422625,372.6339381,425.8673578285714,440.3855632090909,2.0,2.0,7.0,11.0,S0_baseline
126512.0,474.773828,379.8190624,1519.2762496,2468.8239056,237.386914,189.9095312,217.03946422857143,246.88239056000003,2.0,2.0,7.0,10.0,S0_baseline
126518.0,540.067808,648.0813696,1728.2169856,2376.2983552,270.033904,216.0271232,246.8881408,264.0331505777778,2.0,3.0,7.0,9.0,S0_baseline
126529.0,454.6744424,454.6744424,1932.3663802,2955.3838756,227.3372212,227.3372212,276.05234002857145,268.6712614181818,2.0,2.0,7.0,11.0,S0_baseline
126549.0,570.14442175,684.1733061,1824.4621496,2280.577687,285.072210875,228.0577687,260.6374499428572,285.072210875,2.0,3.0,7.0,8.0,S0_baseline
126552.0,610.16929375,488.135435,1952.54174,2928.81261,305.084646875,244.0677175,278.9345342857143,292.881261,2.0,2.0,7.0,10.0,S0_baseline
126562.0,392.35878375,470.8305405,1255.548108,2040.2656755,196.179391875,156.9435135,179.36401542857143,204.02656755,2.0,3.0,7.0,10.0,S0_baseline
126577.0,961.0600515,768.8480412,3075.3921648,4420.876236900001,480.5300257500001,384.4240206,439.3417378285714,442.08762369,2.0,2.0,7.0,10.0,S0_baseline
126642.0,512.5674187500001,615.0809025000001,1742.72922375,2152.7831587500004,256.28370937500006,205.02696750000004,248.96131767857145,239.19812875000005,2.0,3.0,7.0,9.0,S0_baseline
126678.0,306.6487541,613.2975082,2606.51440985,3526.4606721500004,306.6487541,306.6487541,372.3592014071429,352.646067215,1.0,2.0,7.0,10.0,S0_baseline
126684.0,262.3025253,524.6050506,2229.57146505,2623.025253,262.3025253,262.3025253,318.5102092928572,291.4472503333334,1.0,2.0,7.0,9.0,S0_baseline
126692.0,233.8212484,233.8212484,2221.3018598,2688.9443566,233.8212484,233.8212484,277.662732475,268.89443566,1.0,1.0,8.0,10.0,S0_baseline
126695.0,231.5127127,231.5127127,2199.37077065,2662.39619605,231.5127127,231.5127127,274.92134633125,266.23961960500003,1.0,1.0,8.0,10.0,S0_baseline
126710.0,165.7476863,331.4953726,1408.85533355,1657.476863,165.7476863,165.7476863,201.26504765,184.16409588888888,1.0,2.0,7.0,9.0,S0_baseline
126730.0,176.2776189,352.5552378,1498.35976065,1762.776189,176.2776189,176.2776189,214.05139437857144,195.864021,1.0,2.0,7.0,9.0,S0_baseline
126731.0,235.4074745,470.814949,2000.96353325,2354.074745,235.4074745,235.4074745,285.8519333214286,261.56386055555555,1.0,2.0,7.0,9.0,S0_baseline
126746.0,427.1470583,854.2941166,3630.74999555,3844.3235247,427.1470583,427.1470583,518.6785707928572,480.5404405875,1.0,2.0,7.0,8.0,S0_baseline
126770.0,144.4504148,144.4504148,1372.2789406000002,1661.1797702,144.4504148,144.4504148,171.53486757500002,166.11797702,1.0,1.0,8.0,10.0,S0_baseline
126786.0,439.728648,439.728648,1868.846754,2308.575402,219.864324,219.864324,266.9781077142857,256.508378,2.0,2.0,7.0,9.0,S0_baseline
126799.0,369.6314322,739.2628644,3141.8671737,3696.314322,369.6314322,369.6314322,448.83816767142855,410.7015913333333,1.0,2.0,7.0,9.0,S0_baseline
126807.0,261.5275416,523.0550832,2222.9841036000003,2615.275416,261.5275416,261.5275416,317.5691576571429,290.58615733333335,1.0,2.0,7.0,9.0,S0_baseline
126819.0,246.1955177,246.1955177,2338.8574181500003,2461.9551770000003,246.1955177,246.1955177,292.35717726875004,273.5505752222223,1.0,1.0,8.0,9.0,S0_baseline
126837.0,211.0333053,211.0333053,2004.81640035,2426.88301095,211.0333053,211.0333053,250.60205004375,242.688301095,1.0,1.0,8.0,10.0,S0_baseline
126839.0,641.4775686,320.7387843,3047.01845085,3688.49601945,320.7387843,320.7387843,380.87730635625,368.849601945,2.0,1.0,8.0,10.0,S0_baseline
126843.0,578.6498657,578.6498657,5497.17372415,5207.8487913,578.6498657,578.6498657,687.1467155187499,650.9810989125,1.0,1.0,8.0,8.0,S0_baseline
126857.0,289.2559891,578.5119782,2458.67590735,2892.5598910000003,289.2559891,289.2559891,351.23941533571434,321.39554344444446,1.0,2.0,7.0,9.0,S0_baseline
126863.0,666.2328526,333.1164263,3164.60604985,3830.83890245,333.1164263,333.1164263,395.57575623125,383.083890245,2.0,1.0,8.0,10.0,S0_baseline
126868.0,124.9460898,249.8921796,1186.9878531,1124.5148082,124.9460898,249.8921796,148.3734816375,140.564351025,1.0,1.0,8.0,8.0,S0_baseline
126876.0,163.1550847,163.1550847,1386.8182199500002,1713.12838935,163.1550847,163.1550847,198.1168885642857,190.34759881666668,1.0,1.0,7.0,9.0,S0_baseline
126929.0,703.6930514,351.8465257,3342.5419941499995,4046.23504555,351.8465257,351.8465257,417.81774926874994,404.623504555,2.0,1.0,8.0,10.0,S0_baseline
126946.0,368.3470286,368.3470286,3499.2967717,3683.470286,368.3470286,368.3470286,437.4120964625,409.2744762222222,1.0,1.0,8.0,9.0,S0_baseline
126947.0,88.15591431,88.15591431,837.481185945,881.5591431,88.15591431,88.15591431,104.685148243125,97.9510159,1.0,1.0,8.0,9.0,S0_baseline
126955.0,1970.413894,1970.413894,8374.2590495,10344.6729435,985.206947,985.206947,1196.3227213571429,1149.4081048333333,2.0,2.0,7.0,9.0,S0_baseline
126971.0,249.7925221,499.5850442,2123.23643785,2497.925221,249.7925221,249.7925221,303.3194911214286,277.5472467777778,1.0,2.0,7.0,9.0,S0_baseline
127014.0,1387.605153,1387.605153,5897.321900249999,7284.927053249999,693.8025765,693.8025765,842.4745571785713,809.43633925,2.0,2.0,7.0,9.0,S0_baseline
127057.0,864.6900808,432.3450404,3674.9328434,4971.9679646,432.3450404,432.3450404,524.9904061999999,497.19679646,2.0,1.0,7.0,10.0,S0_baseline
127062.0,159.1343359,318.2686718,1352.64185515,1670.91052695,159.1343359,159.1343359,193.2345507357143,185.65672521666667,1.0,2.0,7.0,9.0,S0_baseline
127067.0,272.9151243,272.9151243,2592.69368085,2456.2361187,272.9151243,272.9151243,324.08671010625,307.0295148375,1.0,1.0,8.0,8.0,S0_baseline
127115.0,540.8495634,270.4247817,2839.46020785,2704.247817,270.4247817,270.4247817,315.49557865,300.47197966666664,2.0,1.0,9.0,9.0,S0_baseline
127120.0,630.4548496,315.2274248,2679.4331108,3625.1153852,315.2274248,315.2274248,382.7761586857143,362.51153852,2.0,1.0,7.0,10.0,S0_baseline
127126.0,129.6168002,259.2336004,1101.7428017,1296.168002,129.6168002,129.6168002,157.3918288142857,144.01866688888887,1.0,2.0,7.0,9.0,S0_baseline
127160.0,104.3217963,104.3217963,1095.37886115,1199.70065745,104.3217963,104.3217963,121.70876235,119.970065745,1.0,1.0,9.0,10.0,S0_baseline
127198.0,406.93998,135.64666,1288.64327,1220.81994,203.46999,135.64666,161.08040875,152.60249249999998,2.0,1.0,8.0,8.0,S0_baseline
127206.0,778.2430306,778.2430306,3307.53288005,4474.89742595,389.1215153,389.1215153,472.50469715,447.489742595,2.0,2.0,7.0,10.0,S0_baseline
127223.0,213.2572058,213.2572058,906.34312465,1226.22893335,106.6286029,106.6286029,129.47758923571428,122.622893335,2.0,2.0,7.0,10.0,S0_baseline
127226.0,230.1294948,460.2589896,1956.1007058,2301.294948,230.1294948,230.1294948,279.4429579714286,255.69943866666668,1.0,2.0,7.0,9.0,S0_baseline
127228.0,126.64122,126.64122,1329.73281,1329.73281,126.64122,126.64122,147.74809,147.74809,1.0,1.0,9.0,9.0,S0_baseline
127244.0,1302.39015,1302.39015,5535.1581375,7488.743362499999,651.195075,651.195075,790.7368767857142,748.8743362499999,2.0,2.0,7.0,10.0,S0_baseline
127261.0,96.52372098,193.04744196,820.45162833,965.2372098,96.52372098,96.52372098,117.20737547571429,107.24857886666666,1.0,2.0,7.0,9.0,S0_baseline
127281.0,271.5523936,271.5523936,1154.0976728,1425.6500664,135.7761968,135.7761968,164.8710961142857,158.40556293333333,2.0,2.0,7.0,9.0,S0_baseline
127282.0,475.1333872,475.1333872,2019.3168956,2494.4502828,237.5666936,237.5666936,288.4738422285714,277.1611425333333,2.0,2.0,7.0,9.0,S0_baseline
127286.0,373.1124818,373.1124818,3544.5685771,3731.124818,373.1124818,373.1124818,443.0710721375,414.5694242222223,1.0,1.0,8.0,9.0,S0_baseline
127290.0,351.6974722,703.3949444,2989.4285137,3692.8234581,351.6974722,351.6974722,427.0612162428571,410.3137175666666,1.0,2.0,7.0,9.0,S0_baseline
127302.0,252.9060792,252.9060792,2402.6077524,2529.060792,252.9060792,252.9060792,300.32596905,281.00675466666667,1.0,1.0,8.0,9.0,S0_baseline
127339.0,112.9575115,225.915023,1129.575115,1129.575115,112.9575115,112.9575115,141.19688937499998,125.5083461111111,1.0,2.0,8.0,9.0,S0_baseline
127375.0,499.2259484,124.8064871,1185.66162745,1248.064871,166.40864946666667,124.8064871,148.20770343125,138.67387455555556,3.0,1.0,8.0,9.0,S0_baseline
127394.0,479.9022262,239.9511131,2519.48668755,2159.5600179,479.9022262,239.9511131,279.94296528333336,269.9450022375,1.0,1.0,9.0,8.0,S0_baseline
127395.0,187.85312542,93.92656271,986.228908455,845.33906439,187.85312542,93.92656271,109.58098982833332,105.66738304875,1.0,1.0,9.0,8.0,S0_baseline
127400.0,587.8480245000001,195.9493415,1861.51874425,1959.493415,293.92401225000003,195.9493415,232.68984303125,217.7214905555556,2.0,1.0,8.0,9.0,S0_baseline
127402.0,172.211603,172.211603,1636.0102285,1549.904427,172.211603,172.211603,204.5012785625,193.738053375,1.0,1.0,8.0,8.0,S0_baseline
127403.0,826.0550196,206.5137549,1961.88067155,2065.137549,275.3516732,206.5137549,245.23508394375003,229.45972766666668,3.0,1.0,8.0,9.0,S0_baseline
127437.0,428.9867338,428.9867338,4075.3739711,3860.880604200001,428.9867338,428.9867338,509.4217463875,482.61007552500007,1.0,1.0,8.0,8.0,S0_baseline
127449.0,176.1757785,352.351557,1233.2304495,2026.02145275,176.1757785,176.1757785,205.53840825,225.11349475000003,1.0,2.0,6.0,9.0,S0_baseline
127494.0,190.625922,381.251844,1620.320337,1715.6332980000002,190.625922,190.625922,231.47433385714288,214.45416225,1.0,2.0,7.0,8.0,S0_baseline
127500.0,190.4777957,380.9555914,1619.06126345,1714.3001613,190.4777957,190.4777957,231.29446620714288,214.2875201625,1.0,2.0,7.0,8.0,S0_baseline
127501.0,172.0191246,344.0382492,1462.1625591000002,1548.1721214,172.0191246,172.0191246,208.88036558571432,193.521515175,1.0,2.0,7.0,8.0,S0_baseline
127520.0,349.286727,349.286727,1484.46858975,1833.75531675,174.6433635,174.6433635,212.0669413928572,203.75059075,2.0,2.0,7.0,9.0,S0_baseline
127521.0,430.2969282,430.2969282,1828.76194485,2259.0588730500003,215.1484641,215.1484641,261.2517064071429,251.00654145000004,2.0,2.0,7.0,9.0,S0_baseline
127547.0,536.0651441,536.0651441,5092.61886895,4824.5862969,536.0651441,536.0651441,636.5773586187499,603.0732871125,1.0,1.0,8.0,8.0,S0_baseline
127554.0,192.6901905,192.6901905,1830.55680975,1734.2117145,192.6901905,192.6901905,228.81960121875,216.7764643125,1.0,1.0,8.0,8.0,S0_baseline
127608.0,165.4385571,165.4385571,1571.66629245,1488.9470139,165.4385571,165.4385571,196.45828655625,186.1183767375,1.0,1.0,8.0,8.0,S0_baseline
127613.0,145.5724903,145.5724903,1382.93865785,1455.724903,145.5724903,145.5724903,172.86733223125,161.74721144444445,1.0,1.0,8.0,9.0,S0_baseline
127659.0,311.4454596,155.7227298,1635.0886629,1635.0886629,311.4454596,155.7227298,181.6765181,181.6765181,1.0,1.0,9.0,9.0,S0_baseline
127692.0,606.9071182,606.9071182,5765.6176229,5462.1640638,606.9071182,606.9071182,720.7022028625,682.770507975,1.0,1.0,8.0,8.0,S0_baseline
127700.0,203.3839443,406.7678886,1728.76352655,2135.53141515,203.3839443,203.3839443,246.96621807857144,237.28126835,1.0,2.0,7.0,9.0,S0_baseline
127703.0,69.13084263,69.13084263,725.873847615,725.873847615,69.13084263,69.13084263,80.65264973500001,80.65264973500001,1.0,1.0,9.0,9.0,S0_baseline
127704.0,101.5286983,101.5286983,1066.05133215,1066.05133215,101.5286983,101.5286983,118.45014801666667,118.45014801666667,1.0,1.0,9.0,9.0,S0_baseline
127729.0,271.0516083,542.1032166,1897.3612581,3117.09349545,271.0516083,271.0516083,316.22687635,346.34372171666666,1.0,2.0,6.0,9.0,S0_baseline
127737.0,296.6975042,296.6975042,2818.6262899000003,2670.2775378,296.6975042,296.6975042,352.32828623750004,333.784692225,1.0,1.0,8.0,8.0,S0_baseline
127781.0,137.8477202,137.8477202,1309.5533419,1240.6294818,137.8477202,137.8477202,163.69416773749998,155.078685225,1.0,1.0,8.0,8.0,S0_baseline
127791.0,228.3793279,456.7586558,1598.6552953,2397.98294295,228.3793279,228.3793279,266.4425492166667,266.4425492166667,1.0,2.0,6.0,9.0,S0_baseline
127812.0,216.76705656,72.25568552,686.4290124400001,650.30116968,108.38352828,72.25568552,85.80362655500001,81.28764621,2.0,1.0,8.0,8.0,S0_baseline
127814.0,86.84079594,43.42039797,412.493780715,390.78358173,86.84079594,43.42039797,51.561722589375,48.847947716250005,1.0,1.0,8.0,8.0,S0_baseline
127854.0,2853.157542,2853.157542,12125.9195535,14979.0770955,1426.578771,1426.578771,1732.2742219285717,1664.3418995,2.0,2.0,7.0,9.0,S0_baseline
127855.0,1356.8296238,1356.8296238,5766.52590115,7123.3555249500005,678.4148119,678.4148119,823.78941445,791.4839472166667,2.0,2.0,7.0,9.0,S0_baseline
127856.0,1171.850813,1171.850813,4980.36595525,6152.21676825,585.9254065,585.9254065,711.4808507500001,683.5796409166667,2.0,2.0,7.0,9.0,S0_baseline
127857.0,542.2385524,1084.4771048,5151.2662478,5693.5048002,542.2385524,542.2385524,643.908280975,632.6116444666667,1.0,2.0,8.0,9.0,S0_baseline
127859.0,618.2529318,618.2529318,5873.4028521,5564.2763862,618.2529318,618.2529318,734.1753565125,695.534548275,1.0,1.0,8.0,8.0,S0_baseline
127865.0,543.569451,543.569451,5163.9097845,4892.125059,543.569451,543.569451,645.4887230625,611.515632375,1.0,1.0,8.0,8.0,S0_baseline
127877.0,401.974661,200.9873305,1909.3796397500005,1808.8859745,200.9873305,200.9873305,238.67245496875003,226.11074681250005,2.0,1.0,8.0,8.0,S0_baseline
127883.0,303.246441,303.246441,3335.710851,2729.2179690000003,303.246441,303.246441,370.634539,341.15224612500003,1.0,1.0,9.0,8.0,S0_baseline
127895.0,174.3078946,174.3078946,1655.9249986999998,1568.7710514,174.3078946,174.3078946,206.9906248375,196.096381425,1.0,1.0,8.0,8.0,S0_baseline
127908.0,1028.7593108,1028.7593108,4372.2270709,5400.9863817000005,514.3796554,514.3796554,624.6038672714286,600.1095979666667,2.0,2.0,7.0,9.0,S0_baseline
127910.0,215.1880651,215.1880651,2044.28661845,1936.6925859,215.1880651,215.1880651,255.53582730625,242.0865732375,1.0,1.0,8.0,8.0,S0_baseline
127915.0,434.103715,217.0518575,2061.99264625,1953.4667175,217.0518575,217.0518575,257.74908078125003,244.1833396875,2.0,1.0,8.0,8.0,S0_baseline
127950.0,195.3589127,390.7178254,1660.55075795,2051.26858335,195.3589127,195.3589127,237.22153685,227.9187314833333,1.0,2.0,7.0,9.0,S0_baseline
127955.0,1016.0139488,508.0069744,4826.0662568,4572.0627696,508.0069744,508.0069744,603.2582821,571.5078462,2.0,1.0,8.0,8.0,S0_baseline
127960.0,389.4633502,194.7316751,1849.95091345,1752.5850759,194.7316751,194.7316751,231.24386418125,219.0731344875,2.0,1.0,8.0,8.0,S0_baseline
127963.0,679.7914269,679.7914269,6458.01855555,6118.1228421000005,679.7914269,679.7914269,807.25231944375,764.7653552625001,1.0,1.0,8.0,8.0,S0_baseline
128025.0,432.3621912,432.3621912,4107.4408164,3891.2597208,432.3621912,432.3621912,513.43010205,486.4074651,1.0,1.0,8.0,8.0,S0_baseline
128030.0,442.9892393,885.9784786,3765.40853405,4651.3870126500005,442.9892393,442.9892393,537.9155048642857,516.8207791833333,1.0,2.0,7.0,9.0,S0_baseline
128036.0,726.2666986,363.1333493,3449.7668183500004,3268.2001437000004,726.2666986,363.1333493,431.22085229375006,408.5250179625,1.0,1.0,8.0,8.0,S0_baseline
128088.0,835.6059516,417.8029758,3969.1282701,3760.2267822,835.6059516,417.8029758,496.1410337625,470.028347775,1.0,1.0,8.0,8.0,S0_baseline
128133.0,165.0314429,165.0314429,1732.83015045,1732.83015045,165.0314429,165.0314429,192.53668338333333,192.53668338333333,1.0,1.0,9.0,9.0,S0_baseline
128135.0,223.0915681,223.0915681,2119.36989695,2007.8241129,223.0915681,223.0915681,264.92123711875,250.9780141125,1.0,1.0,8.0,8.0,S0_baseline
128171.0,380.2682374,380.2682374,4182.9506114,3422.4141365999994,380.2682374,380.2682374,464.77229015555554,427.80176707499993,1.0,1.0,9.0,8.0,S0_baseline
128212.0,374.9619775,0.0,4124.581752499999,3374.6577975,374.9619775,0.0,458.2868613888888,421.8322246875,1.0,0.0,9.0,8.0,S0_baseline
128213.0,437.1416946,0.0,4808.5586406,3934.2752514,437.1416946,0.0,534.2842934,491.784406425,1.0,0.0,9.0,8.0,S0_baseline
128221.0,290.9849025,290.9849025,2764.35657375,2036.8943175,290.9849025,290.9849025,345.54457171875,339.48238625,1.0,1.0,8.0,6.0,S0_baseline
128242.0,341.5066998,0.0,3756.5736978,3073.5602982,341.5066998,0.0,417.3970775333333,384.195037275,1.0,0.0,9.0,8.0,S0_baseline
128245.0,590.6503774,295.3251887,2805.58929265,2362.6015096,590.6503774,295.3251887,350.69866158125,337.5145013714286,1.0,1.0,8.0,7.0,S0_baseline
128248.0,544.5721882,272.2860941,2586.71789395,1906.0026587,544.5721882,272.2860941,323.33973674375,317.6671097833334,1.0,1.0,8.0,6.0,S0_baseline
128291.0,294.8065373,294.8065373,2800.66210435,2358.4522984,294.8065373,294.8065373,350.08276304375,336.9217569142857,1.0,1.0,8.0,7.0,S0_baseline
128301.0,50.63896645,50.63896645,481.070181275,531.709147725,50.63896645,50.63896645,60.133772659375,59.07879419166667,1.0,1.0,8.0,9.0,S0_baseline
128310.0,228.2942584,114.1471292,1084.3977274,1027.3241628,228.2942584,114.1471292,135.549715925,128.41552035,1.0,1.0,8.0,8.0,S0_baseline
128315.0,666.6925837,666.6925837,6333.57954515,5000.19437775,666.6925837,666.6925837,791.69744314375,714.3134825357143,1.0,1.0,8.0,7.0,S0_baseline
128341.0,282.0346688,0.0,3102.3813568000005,2538.3120192,282.0346688,0.0,344.7090396444445,317.2890024,1.0,0.0,9.0,8.0,S0_baseline
128357.0,237.5718616,237.5718616,2256.9326852,1663.0030312,237.5718616,237.5718616,282.11658565,277.16717186666665,1.0,1.0,8.0,6.0,S0_baseline
128383.0,183.7481452,183.7481452,1745.6073794,1469.9851616,183.7481452,183.7481452,218.200922425,244.9975269333333,1.0,1.0,8.0,6.0,S0_baseline
128386.0,202.6458897,202.6458897,2127.78184185,2127.78184185,202.6458897,202.6458897,236.42020465,236.42020465,1.0,1.0,9.0,9.0,S0_baseline
128393.0,254.4951934,0.0,2799.4471274,2290.4567406,254.4951934,0.0,311.0496808222222,286.307092575,1.0,0.0,9.0,8.0,S0_baseline
128403.0,349.5329835,0.0,3844.8628185,3145.7968515,349.5329835,0.0,427.2069798333333,393.2246064375,1.0,0.0,9.0,8.0,S0_baseline
128423.0,192.3423525,384.684705,1634.90999625,2019.59470125,192.3423525,192.3423525,233.55857089285715,224.39941125,1.0,2.0,7.0,9.0,S0_baseline
128442.0,191.4273516,191.4273516,1818.5598402,1339.9914612,191.4273516,191.4273516,227.319980025,223.3319102,1.0,1.0,8.0,6.0,S0_baseline
128458.0,482.7008028,1448.1024084,4827.008028,5068.3584294,482.7008028,482.7008028,603.3760035,563.1509366,1.0,3.0,8.0,9.0,S0_baseline
128459.0,654.528157,1963.584471,6545.281569999999,6872.5456485,654.528157,654.528157,818.1601962499999,763.6161831666666,1.0,3.0,8.0,9.0,S0_baseline
128467.0,204.9847848,204.9847848,1947.3554556,1844.8630632,204.9847848,204.9847848,243.41943195,230.6078829,1.0,1.0,8.0,8.0,S0_baseline
128482.0,115.979795,115.979795,1101.8080525,753.8686675,115.979795,115.979795,137.7260065625,125.64477791666668,1.0,1.0,8.0,6.0,S0_baseline
128494.0,226.7257151,226.7257151,2153.89429345,2040.5314359,226.7257151,226.7257151,269.23678668125,255.0664294875,1.0,1.0,8.0,8.0,S0_baseline
128497.0,157.2337947,157.2337947,1493.7210496500002,1100.6365629000002,157.2337947,157.2337947,186.71513120625,183.43942715000003,1.0,1.0,8.0,6.0,S0_baseline
128517.0,336.914779,673.829558,3369.14779,3537.6051795000003,336.914779,336.914779,421.14347375,393.0672421666667,1.0,2.0,8.0,9.0,S0_baseline
128532.0,121.6130294,121.6130294,1276.9368087,1276.9368087,121.6130294,121.6130294,141.88186763333334,141.88186763333334,1.0,1.0,9.0,9.0,S0_baseline
128545.0,205.7330797,205.7330797,2057.330797,1851.5977173,205.7330797,205.7330797,257.166349625,231.4497146625,1.0,1.0,8.0,8.0,S0_baseline
128546.0,308.8469274,0.0,3397.3162014000004,2779.6223466,308.8469274,0.0,377.47957793333336,347.452793325,1.0,0.0,9.0,8.0,S0_baseline
128549.0,391.6805742,391.6805742,3720.9654549,3525.1251678,391.6805742,391.6805742,465.1206818625,440.640645975,1.0,1.0,8.0,8.0,S0_baseline
128555.0,371.8988201,1115.6964603,3161.1399708500003,3904.93761105,371.8988201,371.8988201,451.5914244071429,433.88195678333335,1.0,3.0,7.0,9.0,S0_baseline
128564.0,243.573566,487.147132,2070.375311,2557.522443,243.573566,243.573566,295.7679015714285,284.1691603333333,1.0,2.0,7.0,9.0,S0_baseline
128620.0,99.0021166,99.0021166,1039.5222242999998,1039.5222242999998,99.0021166,99.0021166,115.50246936666665,115.50246936666665,1.0,1.0,9.0,9.0,S0_baseline
128630.0,149.6292721,149.6292721,1571.1073570500002,1346.6634489,149.6292721,149.6292721,174.5674841166667,168.3329311125,1.0,1.0,9.0,8.0,S0_baseline
128661.0,121.0394161,121.0394161,1270.91386905,1089.3547449,121.0394161,121.0394161,141.21265211666665,136.1693431125,1.0,1.0,9.0,8.0,S0_baseline
128666.0,283.8342387,567.6684774,2696.42526765,3264.09374505,283.8342387,283.8342387,337.05315845625,362.6770827833333,1.0,2.0,8.0,9.0,S0_baseline
128686.0,997.539309,997.539309,3491.3875815,5486.466199500001,498.7696545,498.7696545,581.8979302500001,548.6466199500001,2.0,2.0,6.0,10.0,S0_baseline
128699.0,99.30011082,198.60022164000003,248.25027705,380.65042481000006,33.10003694,39.72004432800001,35.46432529285715,38.065042481000006,3.0,5.0,7.0,10.0,S0_baseline
128704.0,199.4724248,349.0767434,847.7578054,1146.9664426,99.7362124,174.5383717,105.969725675,127.44071584444444,2.0,2.0,8.0,9.0,S0_baseline
128715.0,438.5220222,657.7830332999999,1242.4790629,1534.8270777,146.1740074,219.2610111,177.49700898571427,170.53634196666667,3.0,3.0,7.0,9.0,S0_baseline
128720.0,243.4852852,426.0992491,913.0698195,1278.2977473,121.7426426,213.04962455,130.43854564285715,142.03308303333333,2.0,2.0,7.0,9.0,S0_baseline
128729.0,310.6372392,258.864366,880.1388444,1190.7760836,103.5457464,129.432183,110.01735555,132.30845373333332,3.0,2.0,8.0,9.0,S0_baseline
128754.0,597.7987582,426.999113,1280.997339,1793.3962745999995,298.8993791,213.4995565,182.99961985714285,199.2662527333333,2.0,2.0,7.0,9.0,S0_baseline
128765.0,570.985495,799.379693,1712.956485,2169.744881,285.4927475,399.6898465,244.7080692857143,271.218110125,2.0,2.0,7.0,8.0,S0_baseline
128769.0,476.57867825,381.2629426,1429.7360347499998,2001.63044865,238.289339125,190.6314713,204.24800496428568,222.4033831833333,2.0,2.0,7.0,9.0,S0_baseline
128771.0,727.6094248,1182.3653153,1546.1700277000002,2273.7794525000004,181.9023562,295.591328825,193.27125346250003,227.37794525000004,4.0,4.0,8.0,10.0,S0_baseline
128779.0,360.9118644,421.0638418,1022.5836158,1383.4954802,120.3039548,210.5319209,127.822951975,153.72172002222223,3.0,2.0,8.0,9.0,S0_baseline
128787.0,411.1374888,411.1374888,1027.8437219999998,1576.0270403999998,137.0458296,137.0458296,146.8348174285714,175.1141156,3.0,3.0,7.0,9.0,S0_baseline
128805.0,566.5326354,377.6884236,1416.3315885000002,1888.442118,188.8442118,188.8442118,202.3330840714286,209.826902,3.0,2.0,7.0,9.0,S0_baseline
128815.0,620.399862,413.599908,1757.799609,2067.9995400000003,206.799954,206.799954,219.724951125,229.7777266666667,3.0,2.0,8.0,9.0,S0_baseline
128821.0,387.4124937,322.84374475000004,1097.66873215,1291.374979,129.1374979,161.42187237500002,137.20859151875,143.48610877777776,3.0,2.0,8.0,9.0,S0_baseline
128828.0,490.3161909,408.59682575,1389.22920755,1634.387303,163.4387303,204.298412875,173.65365094375,181.59858922222224,3.0,2.0,8.0,9.0,S0_baseline
128846.0,609.7697358,813.0263144,1727.6809181,2235.8223646,203.2565786,271.0087714666667,246.81155972857144,223.58223646,3.0,3.0,7.0,10.0,S0_baseline
128847.0,448.7274297,299.1516198,1121.81857425,1645.3339089,149.5758099,149.5758099,160.25979632142858,164.53339089000002,3.0,2.0,7.0,10.0,S0_baseline
128909.0,442.5215954,885.0431908,1659.4559827500002,2433.8687747000004,221.2607977,295.01439693333333,237.0651403928572,243.38687747000003,2.0,3.0,7.0,10.0,S0_baseline
128922.0,319.4404624,319.4404624,1197.901734,1277.7618496,159.7202312,159.7202312,171.12881914285714,159.7202312,2.0,2.0,7.0,8.0,S0_baseline
128941.0,157.74942542,394.37356355,670.435058035,946.49655252,78.87471271,98.5933908875,95.77643686214286,86.04514113818182,2.0,4.0,7.0,11.0,S0_baseline
128960.0,100.20716142,250.51790355000003,300.62148426,776.6055010050001,50.10358071,62.62947588750001,50.10358071,59.73888469269231,2.0,4.0,6.0,13.0,S0_baseline
128961.0,123.88452256,309.7113064,371.65356768,898.16278856,61.94226128,77.4278266,61.94226128,69.08944527384615,2.0,4.0,6.0,13.0,S0_baseline
128967.0,120.88425946,362.65277838,483.53703784,725.30555676,60.44212973,72.53055567599999,69.07671969142856,60.44212973,2.0,5.0,7.0,12.0,S0_baseline
128979.0,170.8758742,341.7517484,1367.0069936,2050.5104904,170.8758742,170.8758742,170.8758742,170.8758742,1.0,2.0,8.0,12.0,S0_baseline
128989.0,63.06704245,189.20112735,504.5363396,977.539157975,63.06704245,63.06704245,72.07661994285715,81.46159649791667,1.0,3.0,7.0,12.0,S0_baseline
128996.0,94.63332908,283.89998724,662.43330356,1182.9166135,94.63332908,94.63332908,94.63332908,107.53787395454546,1.0,3.0,7.0,11.0,S0_baseline
129014.0,48.25193245,96.5038649,337.76352715,603.1491556249999,48.25193245,48.25193245,56.29392119166666,54.83174142045454,1.0,2.0,6.0,11.0,S0_baseline
129020.0,37.89385067,113.68155201,303.15080536,473.673133375,37.89385067,37.89385067,43.30725790857143,39.47276111458333,1.0,3.0,7.0,12.0,S0_baseline
129031.0,87.816551,263.449653,526.899306,1009.8903365,87.816551,87.816551,87.816551,91.80821240909091,1.0,3.0,6.0,11.0,S0_baseline
129032.0,157.1642996,471.4928988,942.9857976,2043.1358948,157.1642996,235.7464494,157.1642996,185.7396268,1.0,2.0,6.0,11.0,S0_baseline
129040.0,60.32166464,241.28665856,542.8949817600001,754.020808,60.32166464,80.42888618666667,77.5564259657143,62.835067333333335,1.0,3.0,7.0,12.0,S0_baseline
129062.0,89.61054877,89.61054877,537.66329262,1030.521310855,89.61054877,89.61054877,89.61054877,93.68375553227273,1.0,1.0,6.0,11.0,S0_baseline
129063.0,204.3221298,204.3221298,1225.9327788,2656.1876874,204.3221298,204.3221298,204.3221298,241.4716079454545,1.0,1.0,6.0,11.0,S0_baseline
129078.0,41.53752792,83.07505584,332.30022336,560.75662692,41.53752792,41.53752792,47.471460480000005,43.13512514769231,1.0,2.0,7.0,13.0,S0_baseline
129085.0,514.9202483,1029.8404966,4119.3619864,5664.1227313,514.9202483,514.9202483,514.9202483,514.9202483,1.0,2.0,8.0,11.0,S0_baseline
129093.0,16.82528785,16.82528785,100.9517271,193.490810275,16.82528785,16.82528785,16.82528785,17.590073661363636,1.0,1.0,6.0,11.0,S0_baseline
129096.0,100.663531,100.663531,603.981186,1358.9576685000002,100.663531,100.663531,100.663531,104.5352052692308,1.0,1.0,6.0,13.0,S0_baseline
129132.0,95.59189019,286.77567057,573.55134114,1290.490517565,95.59189019,143.387835285,95.59189019,99.26850135115386,1.0,2.0,6.0,13.0,S0_baseline
129139.0,109.9100412,384.6851442,824.325309,1263.9654738,109.9100412,192.3425721,117.76075842857142,114.90595216363636,1.0,2.0,7.0,11.0,S0_baseline
129163.0,137.6293957,172.03674462499998,516.110233875,963.4057699,68.81469785,86.01837231249999,73.73003341071428,74.10813614615384,2.0,2.0,7.0,13.0,S0_baseline
129179.0,109.84630634,137.307882925,439.38522536,631.616261455,54.92315317,68.6539414625,62.76931790857143,57.419660132272725,2.0,2.0,7.0,11.0,S0_baseline
129188.0,36.46860355,72.9372071,255.28022485,510.5604497,36.46860355,36.46860355,36.46860355,42.54670414166666,1.0,2.0,7.0,12.0,S0_baseline
129202.0,65.0711213,113.874462275,162.67780325,325.3556065,32.53556065,56.9372311375,32.53556065,32.53556065,2.0,2.0,5.0,10.0,S0_baseline
129226.0,73.08965962,91.362074525,292.35863848,383.7207130050001,36.54482981,45.6810372625,41.76551978285715,38.3720713005,2.0,2.0,7.0,10.0,S0_baseline
129232.0,177.1468641,221.433580125,797.1608884499999,930.021036525,88.57343205,110.7167900625,99.64511105625,93.0021036525,2.0,2.0,8.0,10.0,S0_baseline
129236.0,205.1275858,358.97327514999995,923.0741361,1282.04741125,102.5637929,179.48663757499995,115.3842670125,106.83728427083332,2.0,2.0,8.0,12.0,S0_baseline
129244.0,125.5317391,156.914673875,376.5952173,784.573369375,62.76586955,78.4573369375,62.76586955,65.38111411458333,2.0,2.0,6.0,12.0,S0_baseline
129262.0,108.45258666,162.67887998999998,488.03663997,759.16810662,54.22629333,54.22629333,61.00457999625,69.01528242,2.0,3.0,8.0,11.0,S0_baseline
129264.0,76.05062176,114.07593264,342.22779792,627.41762952,38.02531088,38.02531088,42.77847474,57.03796632,2.0,3.0,8.0,11.0,S0_baseline
129300.0,28.04358778,56.08717556,196.30511446,336.52305336,28.04358778,28.04358778,28.04358778,30.593004850909093,1.0,2.0,7.0,11.0,S0_baseline
129384.0,1119.1884014,1678.7826021,5036.3478063,6155.5362077,559.5942007,559.5942007,629.5434757875,559.5942007,2.0,3.0,8.0,11.0,S0_baseline
129403.0,403.4138901,806.8277802,1479.1842637000002,1815.36250545,134.4712967,161.36555604,147.91842637000002,151.28020878750002,3.0,5.0,10.0,12.0,S0_baseline
129410.0,126.9290363,380.7871089,1015.4322904,1713.54199005,126.9290363,126.9290363,126.9290363,155.77654455,1.0,3.0,8.0,11.0,S0_baseline
129516.0,315.3256931,315.3256931,1891.9541586,2837.9312379000003,315.3256931,315.3256931,378.39083172,315.3256931,1.0,1.0,5.0,9.0,S0_baseline
129545.0,131.0534186,131.0534186,655.2670929999999,1048.4273488,131.0534186,131.0534186,131.0534186,131.0534186,1.0,1.0,5.0,8.0,S0_baseline
129637.0,238.2907168,238.2907168,953.1628672,2859.4886016,238.2907168,238.2907168,238.2907168,238.2907168,1.0,1.0,4.0,12.0,S0_baseline
129731.0,119.6334126,119.6334126,957.0673008,1555.2343638,119.6334126,119.6334126,239.2668252,141.38494216363637,1.0,1.0,4.0,11.0,S0_baseline
129820.0,91.28520952,182.57041904,456.4260476,1095.42251424,91.28520952,91.28520952,91.28520952,99.5838649309091,1.0,2.0,5.0,11.0,S0_baseline
129827.0,236.9186524,710.7559572,1184.593262,2606.1051764000003,236.9186524,355.3779786,236.9186524,260.61051764,1.0,2.0,5.0,10.0,S0_baseline
129829.0,135.0885113,270.1770226,1080.7080904,1621.0621356,135.0885113,135.0885113,216.14161808,147.36928505454546,1.0,2.0,5.0,11.0,S0_baseline
129862.0,266.813793,266.813793,1067.255172,2001.1034475,133.4068965,133.4068965,213.4510344,166.758620625,2.0,2.0,5.0,12.0,S0_baseline
129895.0,238.3436968,417.1014694,1072.5466356,1668.4058776,119.1718484,139.03382313333333,178.75777259999998,128.33891366153847,2.0,3.0,6.0,13.0,S0_baseline
129909.0,99.79301446,548.86157953,698.55110122,1397.10220244,99.79301446,137.2153948825,99.79301446,116.42518353666668,1.0,4.0,7.0,12.0,S0_baseline
129921.0,281.4331094,492.50794145,985.0158829,2462.53970725,140.7165547,164.16931381666666,140.7165547,189.42613132692307,2.0,3.0,7.0,13.0,S0_baseline
129949.0,165.58983068,455.3720343700001,662.35932272,910.74406874,82.79491534,113.8430085925,94.62276038857144,82.79491534,2.0,4.0,7.0,11.0,S0_baseline
129973.0,220.9463384,220.9463384,773.3121844,1325.6780304,110.4731692,110.4731692,110.4731692,110.4731692,2.0,2.0,7.0,12.0,S0_baseline
129975.0,227.4517784,227.4517784,682.3553352,1364.7106704,113.7258892,113.7258892,113.7258892,113.7258892,2.0,2.0,6.0,12.0,S0_baseline
129977.0,264.1688116,264.1688116,924.5908406,1585.0128696000002,132.0844058,132.0844058,132.0844058,132.0844058,2.0,2.0,7.0,12.0,S0_baseline
130014.0,215.8023506,215.8023506,863.2094024,1402.7152789000002,107.9011753,107.9011753,107.9011753,116.89293990833336,2.0,2.0,8.0,12.0,S0_baseline
130018.0,250.00684902,375.01027353,750.02054706,916.69177974,125.00342451,93.7525683825,83.33561634,83.33561634,2.0,4.0,9.0,11.0,S0_baseline
130054.0,230.4308348,230.4308348,806.5079218000001,1613.0158436000002,115.2154174,115.2154174,115.2154174,134.4179869666667,2.0,2.0,7.0,12.0,S0_baseline
130108.0,203.1978861,406.3957722,1625.5830888,2539.97357625,203.1978861,203.1978861,232.2261555428572,230.90668875,1.0,2.0,7.0,11.0,S0_baseline
130153.0,69.07248284,310.82617278000004,483.50737988,759.7973112400001,69.07248284,77.70654319500001,69.07248284,69.07248284,1.0,4.0,7.0,11.0,S0_baseline
130209.0,38.16701694,171.75157623,305.33613552,343.50315246,38.16701694,42.9378940575,38.16701694,38.16701694,1.0,4.0,8.0,9.0,S0_baseline
130394.0,465.2640948,930.5281896,2326.320474,5583.1691376,465.2640948,465.2640948,465.2640948,507.5608306909091,1.0,2.0,5.0,11.0,S0_baseline
130621.0,96.11833398,288.35500194,480.5916699,961.1833398,96.11833398,144.17750097,96.11833398,96.11833398,1.0,2.0,5.0,10.0,S0_baseline
130692.0,75.0117856,225.0353568,450.0707136,750.117856,75.0117856,75.0117856,75.0117856,83.34642844444444,1.0,3.0,6.0,9.0,S0_baseline
130765.0,0.0,94.1502253,188.3004506,329.52578855,0.0,47.07511265,47.07511265,47.07511265,0.0,2.0,4.0,7.0,S0_baseline
130815.0,127.0636653,190.59549795,381.1909959,571.7864938499999,63.53183265,63.53183264999999,63.53183264999999,63.53183264999999,2.0,3.0,6.0,9.0,S0_baseline
130908.0,426.3176138,639.4764207000001,1492.1116483,2344.7468759,213.1588069,213.15880690000003,213.1588069,213.1588069,2.0,3.0,7.0,11.0,S0_baseline
130942.0,101.01507186,202.03014372,353.55275151,606.09043116,50.50753593,67.34338124,50.50753593,50.50753593,2.0,3.0,7.0,12.0,S0_baseline
130958.0,236.425765,354.63864750000005,591.0644125,1773.1932375,118.2128825,118.21288250000002,118.2128825,126.65665982142858,2.0,3.0,5.0,14.0,S0_baseline
130973.0,0.0,161.3328465,322.665693,564.66496275,0.0,80.66642325,80.66642325,80.66642325,0.0,2.0,4.0,7.0,S0_baseline
131050.0,139.58290834,209.37436251,348.95727085,837.4974500399999,69.79145417,69.79145417,69.79145417,69.79145417,2.0,3.0,5.0,12.0,S0_baseline
131100.0,292.6718182,439.00772730000006,585.3436364,1756.0309092000002,146.3359091,146.3359091,146.3359091,146.3359091,2.0,3.0,4.0,12.0,S0_baseline
131107.0,170.20705002,340.41410004,226.94273336,1077.97798346,56.73568334,68.082820008,56.73568334,67.37362396625001,3.0,5.0,4.0,16.0,S0_baseline
131124.0,363.4895428,545.2343142,726.9790856,2726.171571,181.7447714,181.7447714,181.7447714,181.7447714,2.0,3.0,4.0,15.0,S0_baseline
131167.0,102.02798622,102.02798622,204.05597244,612.16791732,51.01399311,51.01399311,51.01399311,51.01399311,2.0,2.0,4.0,12.0,S0_baseline
131173.0,185.51993658,278.27990487,371.03987316,1298.63955606,92.75996829,92.75996829,92.75996829,92.75996829,2.0,3.0,4.0,14.0,S0_baseline
131181.0,184.21185186,276.31777779,368.42370372,1197.37703709,92.10592593,92.10592593,92.10592593,92.10592593,2.0,3.0,4.0,13.0,S0_baseline
131191.0,150.50423702,225.75635553,301.00847404,903.02542212,75.25211851,75.25211851,75.25211851,75.25211851,2.0,3.0,4.0,12.0,S0_baseline
131317.0,112.9478389,169.42175835,225.8956778,621.21311395,56.47391945,84.710879175,56.47391945,56.47391945,2.0,2.0,4.0,11.0,S0_baseline
131347.0,126.1656373,157.707046625,346.955502575,725.452414475,63.08281865,78.8535233125,69.39110051499999,65.95021949772728,2.0,2.0,5.0,11.0,S0_baseline
131416.0,42.11659305,105.291482625,294.81615135,421.1659305,42.11659305,52.64574131249999,73.7040378375,46.7962145,1.0,2.0,4.0,9.0,S0_baseline
131454.0,0.0,27.28977842,109.15911368,327.47734104,0.0,27.28977842,27.28977842,36.38637122666667,0.0,1.0,4.0,9.0,S0_baseline
132079.0,57.74831266,115.49662532,404.23818862,750.72806458,57.74831266,115.49662532,101.059547155,75.072806458,1.0,1.0,4.0,10.0,S0_baseline
132562.0,37.68753081,75.37506162,188.43765405,395.719073505,37.68753081,37.68753081,37.68753081,39.5719073505,1.0,2.0,5.0,10.0,S0_baseline
132572.0,67.42211107,202.26633321,337.11055535,775.354277305,67.42211107,101.133166605,67.42211107,70.48675248227272,1.0,2.0,5.0,11.0,S0_baseline
132575.0,13.94174898,41.82524694,69.7087449,132.44661531,13.94174898,20.91262347,13.94174898,14.71629059,1.0,2.0,5.0,9.0,S0_baseline
132632.0,61.51665559,123.03331118,307.58327795,645.924883695,61.51665559,61.51665559,61.516655590000006,71.76943152166666,1.0,2.0,5.0,9.0,S0_baseline
132739.0,40.70994041,40.70994041,162.83976164,284.96958287,40.70994041,40.70994041,40.70994041,40.70994041,1.0,1.0,4.0,7.0,S0_baseline
134599.0,57.55461146,57.55461146,287.7730573,575.5461146,57.55461146,57.55461146,57.55461146,57.55461146,1.0,1.0,5.0,10.0,S0_baseline
134627.0,121.0603665,484.241466,847.4225655,1452.724398,121.0603665,161.413822,141.23709425,132.06585436363636,1.0,3.0,6.0,11.0,S0_baseline
134639.0,94.07363444,94.07363444,470.3681722,846.66270996,94.07363444,94.07363444,94.07363444,94.07363444,1.0,1.0,5.0,9.0,S0_baseline
134646.0,189.6002344,189.6002344,948.001172,1706.4021096,189.6002344,189.6002344,189.6002344,189.6002344,1.0,1.0,5.0,9.0,S0_baseline
134719.0,26.72198993,93.526964755,200.414924475,280.580894265,26.72198993,31.175654918333333,28.63070349642857,31.175654918333333,1.0,3.0,7.0,9.0,S0_baseline
134751.0,73.82151099,258.375288465,553.661332425,738.2151099,73.82151099,86.125096155,79.09447606071429,92.2768887375,1.0,3.0,7.0,8.0,S0_baseline
134752.0,161.0326363,563.61422705,1207.74477225,1690.84268115,161.0326363,187.87140901666663,172.53496746428573,187.8714090166667,1.0,3.0,7.0,9.0,S0_baseline
134781.0,155.5655906,544.4795671,1166.7419295,1866.7870872,155.5655906,181.49318903333327,166.6774185,207.42078746666667,1.0,3.0,7.0,9.0,S0_baseline
134782.0,113.4703529,397.14623515,851.02764675,1191.43870545,113.4703529,132.38207838333332,121.57537810714288,132.38207838333335,1.0,3.0,7.0,9.0,S0_baseline
134785.0,329.8008585,1154.30300475,2473.50643875,3462.90901425,329.8008585,384.76766825,353.35806267857146,384.76766825,1.0,3.0,7.0,9.0,S0_baseline
134792.0,610.68152475,610.68152475,1587.77196435,2442.726099,610.68152475,305.340762375,264.628660725,305.340762375,1.0,2.0,6.0,8.0,S0_baseline
134799.0,142.1415098,198.99811372,454.85283136,568.5660392,142.1415098,99.49905686,64.97897590857143,71.0707549,1.0,2.0,7.0,8.0,S0_baseline
134801.0,113.2830965,80.91649749999999,210.3828935,323.66599,56.64154825,40.45824875,35.06381558333333,40.45824875,2.0,2.0,6.0,8.0,S0_baseline
134802.0,534.5962010000001,534.5962010000001,1389.9501226000002,2138.3848040000003,534.5962010000001,267.29810050000003,231.6583537666667,267.29810050000003,1.0,2.0,6.0,8.0,S0_baseline
134811.0,161.58196159,115.41568685,300.08078580999995,461.6627474,80.790980795,57.70784342499999,50.01346430166666,57.707843425,2.0,2.0,6.0,8.0,S0_baseline
134812.0,832.8800816,594.914344,1546.7772944,2379.657376,416.4400408,297.457172,257.7962157333333,297.457172,2.0,2.0,6.0,8.0,S0_baseline
134813.0,553.74885195,395.53489425,1028.39072505,1582.139577,276.874425975,197.767447125,171.398454175,197.767447125,2.0,2.0,6.0,8.0,S0_baseline
134824.0,130.936756,183.3114584,418.9976192,523.747024,65.468378,91.6557292,59.85680274285714,65.468378,2.0,2.0,7.0,8.0,S0_baseline
134833.0,539.9625225,971.9325405,1403.9025585,2159.85009,269.98126125,323.9775135,233.98375975,269.98126125,2.0,3.0,6.0,8.0,S0_baseline
134887.0,202.4995604,607.4986812,1316.2471426,2024.995604,202.4995604,202.4995604,219.37452376666667,224.9995115555556,1.0,3.0,6.0,9.0,S0_baseline
135107.0,382.0620926,382.0620926,1528.2483704,3820.620926000001,382.0620926,382.0620926,382.0620926,382.0620926,1.0,1.0,4.0,10.0,S0_baseline
135620.0,280.559929,1122.239716,1963.919503,3366.719148,280.559929,561.119858,327.3199171666667,374.0799053333333,1.0,2.0,6.0,9.0,S0_baseline
135664.0,92.90648099,92.90648099,371.62592396,836.15832891,92.90648099,92.90648099,92.90648099,92.90648099,1.0,1.0,4.0,9.0,S0_baseline
135690.0,240.6451679,240.6451679,962.5806716,2165.8065111,240.6451679,240.6451679,240.6451679,240.6451679,1.0,1.0,4.0,9.0,S0_baseline
135763.0,178.1204232,356.2408464,712.4816928,2048.3848668,178.1204232,178.1204232,178.1204232,204.83848668,1.0,2.0,4.0,10.0,S0_baseline
135780.0,368.1352796,368.1352796,920.338199,1932.7102179,184.0676398,184.0676398,184.0676398,193.27102179,2.0,2.0,5.0,10.0,S0_baseline
135807.0,269.08775334,358.78367112,627.8714244600001,1210.89489003,89.69591778,119.59455704,89.69591778000002,100.9079075025,3.0,3.0,7.0,12.0,S0_baseline
135900.0,62.6127462,62.6127462,313.063731,563.5147158,62.6127462,62.6127462,62.61274619999999,70.439339475,1.0,1.0,5.0,8.0,S0_baseline
136286.0,174.7247306,174.7247306,698.8989224,1921.9720366,174.7247306,174.7247306,174.7247306,192.19720366,1.0,1.0,4.0,10.0,S0_baseline
136464.0,79.48200775,79.48200775,317.928031,635.856062,79.48200775,79.48200775,79.48200775,79.48200775,1.0,1.0,4.0,8.0,S0_baseline
136663.0,194.5017504,389.0035008,778.0070016,2139.5192544,194.5017504,194.5017504,194.5017504,194.5017504,1.0,2.0,4.0,11.0,S0_baseline
136667.0,148.3690518,296.7381036,593.4762072,1632.0595698,148.3690518,148.3690518,148.3690518,148.3690518,1.0,2.0,4.0,11.0,S0_baseline
136679.0,653.1404282,1306.2808564,3265.702141,7184.5447102,653.1404282,653.1404282,653.1404282,653.1404282,1.0,2.0,5.0,11.0,S0_baseline
136682.0,248.4837686,496.9675372,993.9350744,3230.2889918,248.4837686,248.4837686,248.4837686,293.6626356181818,1.0,2.0,4.0,11.0,S0_baseline
136780.0,205.105727,1025.528635,1435.740089,2974.0330415,205.105727,205.10572700000003,239.2900148333333,228.77177242307687,1.0,5.0,6.0,13.0,S0_baseline
136787.0,73.24725115,292.9890046,439.4835069,988.837890525,73.24725115,73.24725115,73.24725115,76.06445311730769,1.0,4.0,6.0,13.0,S0_baseline
136866.0,225.2773906,281.59673825,619.5128241499999,1576.9417342,112.6386953,140.798369125,123.90256483,131.41181118333333,2.0,2.0,5.0,12.0,S0_baseline
136875.0,377.2274366,660.14801405,1037.37545065,2640.5920562,188.6137183,330.074007025,207.47509013,220.04933801666667,2.0,2.0,5.0,12.0,S0_baseline
136880.0,56.2715528,140.67888200000002,309.49354040000003,675.2586336,56.2715528,70.33944100000001,61.898708080000006,61.38714850909091,1.0,2.0,5.0,11.0,S0_baseline
136882.0,18.77526594,65.71343079,122.03922861,122.03922861,18.77526594,21.90447693,20.339871435000003,20.339871435000003,1.0,3.0,6.0,6.0,S0_baseline
136894.0,317.1989502,1427.3952759,1427.3952759,2934.09028935,158.5994751,203.9136108428572,178.4244094875,209.57787781071428,2.0,7.0,8.0,14.0,S0_baseline
136906.0,84.78121111,508.68726666,593.46847777,1144.546349985,84.78121111,84.78121111,84.78121111,88.04202692192308,1.0,6.0,7.0,13.0,S0_baseline
136981.0,111.082197,388.7876895,833.1164775,1277.4452655,111.082197,129.59589649999998,119.01663964285714,141.93836283333334,1.0,3.0,7.0,9.0,S0_baseline
136986.0,323.2359258,404.0449072500001,1212.1347217500002,1696.98861045,161.6179629,202.02245362500005,173.16210310714288,188.55429005,2.0,2.0,7.0,9.0,S0_baseline
136988.0,483.8290436,846.7008263,1814.3589135,2540.1024789,241.9145218,282.2336087666667,259.1941305,282.23360876666663,2.0,3.0,7.0,9.0,S0_baseline
136989.0,357.8630118,447.32876475,1341.98629425,1699.8493060499998,178.9315059,223.664382375,191.71232775,212.48116325625,2.0,2.0,7.0,8.0,S0_baseline
137020.0,115.2898697,115.2898697,461.1594788,1152.898697,115.2898697,115.2898697,115.2898697,128.09985522222223,1.0,1.0,4.0,9.0,S0_baseline
137070.0,2848.9265001,4748.210833499999,3798.5686668,15194.2746672,949.6421667,1187.0527083749998,949.6421667,1012.95164448,3.0,4.0,4.0,15.0,S0_baseline
137128.0,50.50615095,252.53075475,454.55535855,631.326886875,50.50615095,50.50615095,56.81941981875,52.61057390625,1.0,5.0,8.0,12.0,S0_baseline
137129.0,77.21151346,617.69210768,694.90362114,1042.3554317100002,77.21151346,123.53842153600002,86.8629526425,80.18118705461539,1.0,5.0,8.0,13.0,S0_baseline
137145.0,31.12098134,108.92343469,155.60490670000002,202.28637871,31.12098134,36.30781156333333,31.120981340000004,33.714396451666666,1.0,3.0,5.0,6.0,S0_baseline
137148.0,47.01376728,141.04130184000002,235.0688364,235.0688364,47.01376728,47.01376728,47.01376728,47.01376728,1.0,3.0,5.0,5.0,S0_baseline
137251.0,280.3813208,350.47665100000006,1051.429953,1331.8112738000002,140.1906604,175.23832550000003,150.204279,166.47640922500003,2.0,2.0,7.0,8.0,S0_baseline
137330.0,189.4986393,378.9972786,757.9945572,2558.23163055,189.4986393,378.9972786,189.4986393,255.823163055,1.0,1.0,4.0,10.0,S0_baseline
137378.0,55.35496957,110.70993914,221.41987828,442.83975656,55.35496957,55.35496957,55.35496957,55.35496957,1.0,2.0,4.0,8.0,S0_baseline
137438.0,147.71186664,246.1864444,393.89831104,615.4661110000001,73.85593332,61.5466111,56.271187291428575,51.28884258333334,2.0,4.0,7.0,12.0,S0_baseline
137566.0,117.5835704,411.5424964,587.917852,940.6685632,117.5835704,137.18083213333333,117.5835704,134.3812233142857,1.0,3.0,5.0,7.0,S0_baseline
137575.0,141.5207964,283.0415928,566.0831856,1627.4891586,141.5207964,141.5207964,141.5207964,147.95355987272723,1.0,2.0,4.0,11.0,S0_baseline
137577.0,145.4170286,290.8340572,581.6681144,1963.1298861,145.4170286,145.4170286,145.4170286,178.4663532818182,1.0,2.0,4.0,11.0,S0_baseline
137651.0,87.74484946,87.74484946,175.48969892,570.34152149,43.87242473,43.87242473,43.87242473,43.87242473,2.0,2.0,4.0,13.0,S0_baseline
137832.0,707.1029052,1414.2058104,3535.514526,7778.1319572,707.1029052,707.1029052,707.1029052,707.1029052,1.0,2.0,5.0,11.0,S0_baseline
137868.0,21.09159591,73.820585685,105.45797955,179.278565235,21.09159591,24.606861895,21.09159591,22.409820654375,1.0,3.0,5.0,8.0,S0_baseline
138021.0,174.5208849,436.30221225,436.30221225,1134.38575185,87.26044245,87.26044245,87.26044245,94.5321459875,2.0,5.0,5.0,12.0,S0_baseline
138022.0,282.59133924,565.1826784799999,565.1826784799999,1224.56247004,94.19711308,113.036535696,94.19711308,102.04687250333332,3.0,5.0,6.0,12.0,S0_baseline
138174.0,85.15023929,85.15023929,340.60095716,851.5023929,85.15023929,85.15023929,85.15023929,85.15023929,1.0,1.0,4.0,10.0,S0_baseline
138203.0,42.39762893,42.39762893,211.98814465,423.9762893,42.39762893,42.39762893,42.39762893,42.39762893,1.0,1.0,5.0,10.0,S0_baseline
138269.0,93.17628994,186.35257988,372.70515976,1071.52733431,93.17628994,93.17628994,93.17628994,97.41157584636365,1.0,2.0,4.0,11.0,S0_baseline
138272.0,219.96077936,384.93136388,714.87253292,549.9019484,54.99019484,96.23284097,59.57271107666667,61.10021648888889,4.0,4.0,12.0,9.0,S0_baseline
138283.0,18.99225847,56.97677541,113.95355082,151.93806776,18.99225847,18.99225847,22.790710164,18.99225847,1.0,3.0,5.0,8.0,S0_baseline
138288.0,61.24354502,214.35240757,306.2177251,398.08304263,61.24354502,71.45080252333334,61.24354502,66.34717377166668,1.0,3.0,5.0,6.0,S0_baseline
138302.0,124.36535937,248.73071874,195.43127901000005,257.613958695,17.76647991,17.76647991,17.76647991,21.46782989125,7.0,14.0,11.0,12.0,S0_baseline
138324.0,237.3936602,296.74207525,890.22622575,1186.968301,118.6968301,148.371037625,127.17517510714286,131.88536677777776,2.0,2.0,7.0,9.0,S0_baseline
138329.0,41.43690459,145.029166065,207.18452295,207.18452295,41.43690459,48.343055355,41.43690459,41.43690459,1.0,3.0,5.0,5.0,S0_baseline
138381.0,129.587641,259.175282,647.9382049999999,777.525846,64.7938205,64.7938205,64.7938205,64.7938205,2.0,4.0,10.0,12.0,S0_baseline
138420.0,56.89194422,170.67583266,455.13555376,768.04124697,56.89194422,56.89194422,65.01936482285714,59.08009592076923,1.0,3.0,7.0,13.0,S0_baseline
138424.0,92.16437108,368.65748432,368.65748432,714.27387587,46.08218554,73.731496864,46.08218554,54.944144297692304,2.0,5.0,8.0,13.0,S0_baseline
138436.0,18.14633802,63.512183070000006,90.7316901,90.7316901,18.14633802,21.170727690000003,18.14633802,18.14633802,1.0,3.0,5.0,5.0,S0_baseline
138499.0,68.14851409,238.51979931500003,340.74257045,442.965341585,68.14851409,79.50659977166667,68.14851409,73.82755693083334,1.0,3.0,5.0,6.0,S0_baseline
138535.0,0.0,133.8133233,178.4177644,267.6266466,0.0,66.90666165,44.6044411,44.6044411,0.0,2.0,4.0,6.0,S0_baseline
138587.0,70.3373484,140.6746968,281.3493936,773.7108324,70.3373484,70.3373484,70.3373484,70.3373484,1.0,2.0,4.0,11.0,S0_baseline
138604.0,53.7318224,107.4636448,214.9272896,456.7204904,53.7318224,53.7318224,53.7318224,57.0900613,1.0,2.0,4.0,8.0,S0_baseline
138610.0,128.11024308,384.33072924,832.71658002,896.77170156,64.05512154,76.866145848,64.05512154,81.52470014181819,2.0,5.0,13.0,11.0,S0_baseline
138641.0,247.3299255,247.3299255,1483.979553,2844.29414325,247.3299255,247.3299255,247.32992550000003,258.5721948409091,1.0,1.0,6.0,11.0,S0_baseline
138645.0,13.40470285,60.321162825,67.02351425,134.0470285,13.40470285,20.107054275,13.40470285,14.89411427777778,1.0,3.0,5.0,9.0,S0_baseline
138697.0,266.4563554,399.6845331,666.1408885000001,1465.5099547,133.2281777,133.2281777,133.2281777,133.2281777,2.0,3.0,5.0,11.0,S0_baseline
138711.0,414.9297678,1659.7190712,1659.7190712,2282.1137229,207.4648839,207.4648839,207.4648839,228.21137229,2.0,8.0,8.0,10.0,S0_baseline
138712.0,155.3954406,310.7908812,776.977203,1553.954406,155.3954406,155.3954406,155.3954406,155.3954406,1.0,2.0,5.0,10.0,S0_baseline
138781.0,232.045736,348.068604,580.11434,1392.274416,116.022868,116.022868,116.022868,126.57040145454545,2.0,3.0,5.0,11.0,S0_baseline
138837.0,1671.3484487,955.0562564,3581.4609615,4775.281282,557.1161495666666,477.5281282,511.6372802142857,530.586809111111,3.0,2.0,7.0,9.0,S0_baseline
138870.0,71.79949977,71.79949977,430.79699862,825.694247355,71.79949977,71.79949977,71.79949977,75.0631133959091,1.0,1.0,6.0,11.0,S0_baseline
138880.0,165.13783958,206.422299475,454.129058845,1073.39595727,82.56891979,103.2111497375,90.825811769,89.44966310583334,2.0,2.0,5.0,12.0,S0_baseline
138905.0,157.49110212,236.23665318,551.21885742,866.2010616599999,78.74555106,78.74555106,78.74555106,78.74555106,2.0,3.0,7.0,11.0,S0_baseline
138919.0,47.84692915,143.54078745,239.23464575,382.7754332,47.84692915,47.84692915,47.84692915,54.682204742857145,1.0,3.0,5.0,7.0,S0_baseline
138930.0,54.07110086,189.24885301,270.3555043,270.3555043,54.07110086,63.082951003333335,54.07110086,54.07110086,1.0,3.0,5.0,5.0,S0_baseline
138943.0,118.93048082,297.32620205,654.11764451,594.6524041,59.46524041,74.3315505125,59.46524041,66.07248934444445,2.0,4.0,11.0,9.0,S0_baseline
138947.0,1207.04540845,862.17529175,2931.39599195,3448.701167,402.3484694833333,431.087645875,366.42449899375,383.1890185555556,3.0,2.0,8.0,9.0,S0_baseline
138999.0,95.55639837,95.55639837,318.5213279,350.37346069,31.85213279,31.85213279,31.852132789999995,31.85213279,3.0,3.0,10.0,11.0,S0_baseline
139002.0,139.6073187,174.509148375,488.62561545000005,802.742082525,69.80365935,87.2545741875,81.43760257500001,72.97655295681818,2.0,2.0,6.0,11.0,S0_baseline
139009.0,295.2068826,295.2068826,1180.8275304,1476.034413,147.6034413,147.6034413,147.6034413,164.00382366666665,2.0,2.0,8.0,9.0,S0_baseline
141133.0,0.0,0.0,89.36717064,89.36717064,0.0,0.0,29.78905688,22.34179266,0.0,0.0,3.0,4.0,S0_baseline
141156.0,0.0,0.0,105.87027975,190.56650355,0.0,0.0,52.935139875,63.52216785,0.0,0.0,2.0,3.0,S0_baseline
141158.0,0.0,0.0,103.651816775,145.112543485,0.0,0.0,51.82590838750001,48.37084782833333,0.0,0.0,2.0,3.0,S0_baseline
141183.0,0.0,0.0,107.20699748,147.409621535,0.0,0.0,35.73566582666667,36.85240538375,0.0,0.0,3.0,4.0,S0_baseline
141280.0,0.0,0.0,69.64474785,153.21844527000002,0.0,0.0,34.822373925,38.3046113175,0.0,0.0,2.0,4.0,S0_baseline
141546.0,0.0,0.0,59.45084655,130.79186241,0.0,0.0,29.725423275,32.6979656025,0.0,0.0,2.0,4.0,S0_baseline
141721.0,0.0,0.0,51.25636705,61.50764046,0.0,0.0,25.628183525,20.50254682,0.0,0.0,2.0,3.0,S0_baseline
141751.0,0.0,0.0,74.148478775,88.97817452999999,0.0,0.0,37.0742393875,29.659391509999995,0.0,0.0,2.0,3.0,S0_baseline
141769.0,0.0,0.0,54.39566047499999,65.27479256999999,0.0,0.0,27.1978302375,21.758264189999995,0.0,0.0,2.0,3.0,S0_baseline
141770.0,0.0,0.0,69.23713007500001,83.08455609,0.0,0.0,34.618565037500005,27.694852030000003,0.0,0.0,2.0,3.0,S0_baseline
141784.0,0.0,0.0,40.212077975,48.25449357,0.0,0.0,20.1060389875,16.08483119,0.0,0.0,2.0,3.0,S0_baseline
141854.0,0.0,0.0,82.56661161,129.74753253,0.0,0.0,41.283305805,32.4368831325,0.0,0.0,2.0,4.0,S0_baseline
141864.0,0.0,0.0,44.732660375,62.625724525,0.0,0.0,22.3663301875,20.87524150833333,0.0,0.0,2.0,3.0,S0_baseline
141878.0,0.0,0.0,52.70835355,73.79169497000001,0.0,0.0,26.354176775,24.59723165666667,0.0,0.0,2.0,3.0,S0_baseline
141879.0,0.0,0.0,46.107632125,64.550684975,0.0,0.0,23.0538160625,21.516894991666664,0.0,0.0,2.0,3.0,S0_baseline
141880.0,0.0,0.0,47.686247425000005,66.760746395,0.0,0.0,23.8431237125,22.253582131666665,0.0,0.0,2.0,3.0,S0_baseline
141924.0,0.0,0.0,62.08718585,86.92206019,0.0,0.0,31.043592925,28.97402006333333,0.0,0.0,2.0,3.0,S0_baseline
141942.0,0.0,0.0,56.831002585,89.305861205,0.0,0.0,28.4155012925,22.32646530125,0.0,0.0,2.0,4.0,S0_baseline
141943.0,0.0,0.0,39.761729875,55.666421825,0.0,0.0,19.8808649375,18.555473941666666,0.0,0.0,2.0,3.0,S0_baseline
141945.0,0.0,0.0,40.48900247499999,56.684603465,0.0,0.0,20.2445012375,18.894867821666665,0.0,0.0,2.0,3.0,S0_baseline
141948.0,0.0,0.0,55.4078043,77.57092602,0.0,0.0,27.70390215,25.85697534,0.0,0.0,2.0,3.0,S0_baseline
141961.0,0.0,0.0,45.625778575,63.876090005,0.0,0.0,22.8128892875,21.292030001666667,0.0,0.0,2.0,3.0,S0_baseline
141977.0,0.0,0.0,42.7060586,59.78848204,0.0,0.0,21.3530293,19.929494013333333,0.0,0.0,2.0,3.0,S0_baseline
141979.0,0.0,0.0,44.7701837,80.58633065999999,0.0,0.0,22.38509185,26.862110219999995,0.0,0.0,2.0,3.0,S0_baseline
141984.0,0.0,0.0,46.650436175,65.310610645,0.0,0.0,23.3252180875,21.77020354833333,0.0,0.0,2.0,3.0,S0_baseline
141986.0,0.0,0.0,57.91765385,81.08471539,0.0,0.0,28.958826925,27.02823846333333,0.0,0.0,2.0,3.0,S0_baseline
141990.0,0.0,0.0,70.36161362499999,126.650904525,0.0,0.0,35.180806812499995,42.216968175,0.0,0.0,2.0,3.0,S0_baseline
141992.0,0.0,0.0,39.3187281,70.77371058,0.0,0.0,19.65936405,23.59123686,0.0,0.0,2.0,3.0,S0_baseline
142008.0,0.0,0.0,44.1715973,53.00591676,0.0,0.0,22.08579865,17.66863892,0.0,0.0,2.0,3.0,S0_baseline
142009.0,0.0,0.0,43.55841100000001,52.270093200000005,0.0,0.0,21.779205500000003,17.4233644,0.0,0.0,2.0,3.0,S0_baseline
142020.0,0.0,0.0,88.93454409,101.63947896,0.0,0.0,44.467272045,25.40986974,0.0,0.0,2.0,4.0,S0_baseline
142021.0,0.0,0.0,95.63338414,81.97147212,0.0,0.0,47.81669207,27.32382404,0.0,0.0,2.0,3.0,S0_baseline
142083.0,0.0,0.0,44.975055775,53.97006693,0.0,0.0,22.4875278875,17.99002231,0.0,0.0,2.0,3.0,S0_baseline
142088.0,0.0,0.0,45.575348225,54.690417870000005,0.0,0.0,22.7876741125,18.23013929,0.0,0.0,2.0,3.0,S0_baseline
142131.0,0.0,0.0,40.6079013,48.72948156,0.0,0.0,20.30395065,16.24316052,0.0,0.0,2.0,3.0,S0_baseline
142150.0,0.0,0.0,69.01970595,82.82364713999999,0.0,0.0,34.509852975,27.60788238,0.0,0.0,2.0,3.0,S0_baseline
142165.0,0.0,0.0,42.967284475,51.56074137,0.0,0.0,21.4836422375,17.18691379,0.0,0.0,2.0,3.0,S0_baseline
142173.0,0.0,0.0,69.567117375,83.48054085,0.0,0.0,34.7835586875,27.82684695,0.0,0.0,2.0,3.0,S0_baseline
142217.0,0.0,0.0,45.3168313,54.38019756,0.0,0.0,22.65841565,18.12673252,0.0,0.0,2.0,3.0,S0_baseline
142221.0,0.0,0.0,74.31876657500001,89.18251989000001,0.0,0.0,37.159383287500006,29.727506630000004,0.0,0.0,2.0,3.0,S0_baseline
142234.0,0.0,0.0,36.659329975,43.99119597,0.0,0.0,18.3296649875,14.66373199,0.0,0.0,2.0,3.0,S0_baseline
142235.0,0.0,0.0,45.47431792500001,54.56918151000001,0.0,0.0,22.737158962500004,18.18972717,0.0,0.0,2.0,3.0,S0_baseline
142243.0,0.0,0.0,93.53784454,106.90039376,0.0,0.0,46.76892227,26.72509844,0.0,0.0,2.0,4.0,S0_baseline
142268.0,0.0,0.0,96.064903475,115.27788417,0.0,0.0,48.0324517375,38.42596139,0.0,0.0,2.0,3.0,S0_baseline
145822.0,0.0,0.0,157.46930912,393.6732728,0.0,0.0,39.36732728,43.74147475555555,0.0,0.0,4.0,9.0,S0_baseline
145930.0,31.3964546,0.0,188.3787276,408.1539098,31.3964546,0.0,47.0946819,45.35043442222221,1.0,0.0,4.0,9.0,S0_baseline
145932.0,0.0,0.0,133.19066128,266.38132256,0.0,0.0,33.29766532,33.29766532,0.0,0.0,4.0,8.0,S0_baseline
145947.0,0.0,0.0,1463.4540208,2743.976289,0.0,0.0,292.69080416,304.88625433333334,0.0,0.0,5.0,9.0,S0_baseline
145958.0,115.57834,0.0,924.62672,1733.6751,115.57834,0.0,184.925344,192.63056666666665,1.0,0.0,5.0,9.0,S0_baseline
145971.0,0.0,0.0,198.78508506000003,530.09356016,0.0,0.0,39.757017012000006,58.89928446222223,0.0,0.0,5.0,9.0,S0_baseline
145972.0,0.0,0.0,138.94617895,250.10312211,0.0,0.0,27.78923579,27.78923579,0.0,0.0,5.0,9.0,S0_baseline
145981.0,0.0,0.0,498.09154362,830.1525727000001,0.0,0.0,99.618308724,92.23917474444444,0.0,0.0,5.0,9.0,S0_baseline
145997.0,0.0,0.0,162.58174566,243.87261849,0.0,0.0,32.516349132,27.09695761,0.0,0.0,5.0,9.0,S0_baseline
146001.0,0.0,0.0,508.61296554,847.6882759,0.0,0.0,101.722593108,94.18758621111112,0.0,0.0,5.0,9.0,S0_baseline
146052.0,0.0,0.0,276.35465094,921.1821698,0.0,0.0,92.11821698,92.11821698,0.0,0.0,3.0,10.0,S0_baseline
146059.0,0.0,0.0,331.57897165,1127.36850361,0.0,0.0,82.8947429125,93.94737530083334,0.0,0.0,4.0,12.0,S0_baseline
146061.0,0.0,0.0,88.45931324,353.83725296,0.0,0.0,29.486437746666667,29.486437746666667,0.0,0.0,3.0,12.0,S0_baseline
146065.0,0.0,30.01976677,180.11860062,540.35580186,0.0,30.01976677,36.023720124,45.029650155000006,0.0,1.0,5.0,12.0,S0_baseline
146088.0,0.0,0.0,195.76279809,652.5426603,0.0,0.0,65.25426603,72.50474003333333,0.0,0.0,3.0,9.0,S0_baseline
146117.0,0.0,0.0,469.4990544,1760.621454,0.0,0.0,156.49968479999998,160.05649581818182,0.0,0.0,3.0,11.0,S0_baseline
146160.0,0.0,0.0,276.45596435000004,939.95027879,0.0,0.0,92.15198811666669,85.45002534454547,0.0,0.0,3.0,11.0,S0_baseline
146166.0,0.0,0.0,177.57970408,665.9238903,0.0,0.0,59.19323469333333,60.53853548181819,0.0,0.0,3.0,11.0,S0_baseline
146188.0,0.0,0.0,168.45798564999998,539.06555408,0.0,0.0,56.15266188333333,53.906555408,0.0,0.0,3.0,10.0,S0_baseline
146207.0,0.0,0.0,230.6074866,864.77807475,0.0,0.0,76.86916219999999,78.61618861363637,0.0,0.0,3.0,11.0,S0_baseline
146223.0,0.0,37.70419127,188.52095635,414.74610397,0.0,37.70419127,37.70419127,41.474610397000006,0.0,1.0,5.0,10.0,S0_baseline
146263.0,0.0,0.0,368.94916936,830.1356310599999,0.0,0.0,92.23729234,92.23729234,0.0,0.0,4.0,9.0,S0_baseline
146266.0,194.6467467,291.97012005,389.2934934,973.2337335,97.32337335,145.985060025,97.32337335,97.32337335,2.0,2.0,4.0,10.0,S0_baseline
146270.0,0.0,44.73001325,134.19003974999998,447.3001325,0.0,44.73001325,44.73001324999999,44.73001325,0.0,1.0,3.0,10.0,S0_baseline
146288.0,0.0,0.0,152.58245034,457.74735102,0.0,0.0,50.86081678,50.86081678,0.0,0.0,3.0,9.0,S0_baseline
146314.0,0.0,0.0,149.80661682,399.48431152,0.0,0.0,49.93553894,49.93553894,0.0,0.0,3.0,8.0,S0_baseline
146320.0,0.0,0.0,229.77858348,517.0018128300001,0.0,0.0,57.44464587,57.44464587000001,0.0,0.0,4.0,9.0,S0_baseline
146329.0,58.00553833,232.02215332,232.02215332,464.04430664,58.00553833,77.34071777333334,58.00553833,58.00553833,1.0,3.0,4.0,8.0,S0_baseline
146337.0,0.0,209.371772,314.057658,837.487088,0.0,104.685886,104.685886,104.685886,0.0,2.0,3.0,8.0,S0_baseline
146345.0,0.0,78.49172574,156.98345148,706.42553166,0.0,78.49172574,78.49172574,78.49172574,0.0,1.0,2.0,9.0,S0_baseline
146373.0,133.2434217,333.10855425,199.86513255,599.59539765,66.62171085,83.2771385625,66.62171085,74.94942470625,2.0,4.0,3.0,8.0,S0_baseline
146407.0,0.0,57.38093925,114.7618785,516.42845325,0.0,57.38093925,57.38093925,57.38093925,0.0,1.0,2.0,9.0,S0_baseline
146437.0,0.0,87.44813183,437.24065915,1093.101647875,0.0,87.44813183,87.44813183,91.09180398958334,0.0,1.0,5.0,12.0,S0_baseline
146440.0,0.0,49.3544131,148.06323930000002,493.544131,0.0,49.3544131,49.35441310000001,49.3544131,0.0,1.0,3.0,10.0,S0_baseline
146447.0,146.66091346,146.66091346,293.32182692,733.3045672999999,73.33045673,73.33045673,73.33045673,73.33045673,2.0,2.0,4.0,10.0,S0_baseline
146453.0,0.0,0.0,283.41462675,793.5609549,0.0,0.0,70.85365668749999,79.35609549,0.0,0.0,4.0,10.0,S0_baseline
146462.0,0.0,0.0,282.1755614,1128.7022456,0.0,0.0,94.05852046666666,102.60929505454546,0.0,0.0,3.0,11.0,S0_baseline
146466.0,102.9687308,0.0,411.8749232,1647.4996928,102.9687308,0.0,137.29164106666667,149.77269934545455,1.0,0.0,3.0,11.0,S0_baseline
146467.0,85.26295521,0.0,426.31477605,1364.20728336,85.26295521,0.0,106.5786940125,124.0188439418182,1.0,0.0,4.0,11.0,S0_baseline
146476.0,93.39268318,186.78536636,233.48170795,466.9634159,46.69634159,46.69634159,46.69634159,46.69634159,2.0,4.0,5.0,10.0,S0_baseline
146480.0,319.3172568,425.7563424,425.7563424,1064.390856,159.6586284,106.4390856,106.4390856,106.4390856,2.0,4.0,4.0,10.0,S0_baseline
146490.0,57.6926552,0.0,230.7706208,865.389828,57.6926552,0.0,76.92354026666666,78.67180254545454,1.0,0.0,3.0,11.0,S0_baseline
146492.0,0.0,78.83718782,197.09296955,591.27890865,0.0,39.41859391,65.69765651666667,53.7526280590909,0.0,2.0,3.0,11.0,S0_baseline
146501.0,0.0,100.47690438,200.95380876,502.3845219,0.0,50.23845219,50.23845219,50.23845219,0.0,2.0,4.0,10.0,S0_baseline
146534.0,70.32786799,140.65573598,140.65573598,703.2786799,70.32786799,70.32786799,70.32786799,70.32786799,1.0,2.0,2.0,10.0,S0_baseline
146539.0,0.0,310.5695664,310.5695664,1475.2054404,0.0,155.2847832,155.2847832,163.9117156,0.0,2.0,2.0,9.0,S0_baseline
146549.0,70.68491919,212.05475757,212.05475757,706.8491919,70.68491919,106.027378785,70.68491919,78.5387991,1.0,2.0,3.0,9.0,S0_baseline
146556.0,0.0,58.08702786,116.17405572,609.91379253,0.0,58.08702786,58.08702786,60.991379253000005,0.0,1.0,2.0,10.0,S0_baseline
146581.0,0.0,233.12372511,155.41581674,971.348854625,0.0,116.561862555,77.70790837,88.30444132954545,0.0,2.0,2.0,11.0,S0_baseline
146585.0,61.86154075,433.03078525,433.03078525,773.269259375,61.86154075,72.17179754166666,72.17179754166666,64.43910494791668,1.0,6.0,6.0,12.0,S0_baseline
146601.0,81.26480954,568.85366678,812.6480954,1015.81011925,81.26480954,94.80894446333332,135.44134923333334,84.65084327083333,1.0,6.0,6.0,12.0,S0_baseline
146610.0,180.50351946,300.8391991,541.51055838,752.09799775,90.25175973,75.209799775,90.25175973,62.67483314583333,2.0,4.0,6.0,12.0,S0_baseline
146621.0,0.0,430.9739355,344.7791484,905.04526455,0.0,143.65797849999998,86.1947871,90.504526455,0.0,3.0,4.0,10.0,S0_baseline
146634.0,216.19129108,486.43040493,324.28693662,675.597784625,54.04782277,69.49005784714286,64.857387324,56.29981538541667,4.0,7.0,5.0,12.0,S0_baseline
146637.0,0.0,314.5577637,209.7051758,1100.95217295,0.0,157.27888185,104.8525879,110.095217295,0.0,2.0,2.0,10.0,S0_baseline
146644.0,169.87828808,339.75657616,254.81743212,976.80015646,84.93914404,113.25219205333332,84.93914404,88.80001422363637,2.0,3.0,3.0,11.0,S0_baseline
146682.0,169.18116927,281.96861545,169.18116927,648.5278155350001,84.590584635,70.4921538625,56.39372309,58.95707413954546,2.0,4.0,3.0,11.0,S0_baseline
146691.0,133.02400344,133.02400344,199.53600516,764.88801978,66.51200172,66.51200172,66.51200172,69.53527452545455,2.0,2.0,3.0,11.0,S0_baseline
146703.0,546.4563862,1092.9127724,819.6845793,2595.66783445,273.2281931,364.3042574666667,273.2281931,288.4075371611111,2.0,3.0,3.0,9.0,S0_baseline
146730.0,0.0,0.0,218.90692975,569.15801735,0.0,0.0,72.96897658333334,51.74163794090909,0.0,0.0,3.0,11.0,S0_baseline
146755.0,0.0,152.02710556,152.02710556,722.12875141,0.0,76.01355278,76.01355278,80.23652793444444,0.0,2.0,2.0,9.0,S0_baseline
146757.0,0.0,110.47764058,110.47764058,441.91056232,0.0,55.23882029,55.23882029,55.23882029,0.0,2.0,2.0,8.0,S0_baseline
146760.0,0.0,190.04271432,126.69514288,570.12814296,0.0,95.02135716,63.34757144,63.34757144,0.0,2.0,2.0,9.0,S0_baseline
146766.0,0.0,144.66607266,144.66607266,433.99821798,0.0,72.33303633,48.22202422,48.22202422,0.0,2.0,3.0,9.0,S0_baseline
146773.0,0.0,0.0,364.5485168,1093.6455504,0.0,0.0,121.51617226666669,99.42232276363636,0.0,0.0,3.0,11.0,S0_baseline
146787.0,0.0,0.0,194.65244912,583.95734736,0.0,0.0,64.88414970666666,53.087031578181815,0.0,0.0,3.0,11.0,S0_baseline
146792.0,0.0,0.0,521.1071405,1459.0999934,0.0,0.0,173.70238016666667,132.64545394545453,0.0,0.0,3.0,11.0,S0_baseline
146793.0,0.0,0.0,1041.218196,3123.654588,0.0,0.0,347.07273200000003,283.9685989090909,0.0,0.0,3.0,11.0,S0_baseline
146813.0,181.22864764,0.0,453.0716191,1631.05782876,181.22864764,0.0,151.02387303333333,148.2779844327273,1.0,0.0,3.0,11.0,S0_baseline
146828.0,0.0,0.0,336.8539498,1145.30342932,0.0,0.0,112.28464993333334,104.11849357454544,0.0,0.0,3.0,11.0,S0_baseline
146831.0,0.0,0.0,481.63779375,1348.5858225,0.0,0.0,160.54593125,112.382151875,0.0,0.0,3.0,12.0,S0_baseline
146871.0,0.0,0.0,188.77877226,629.2625742,0.0,0.0,62.92625741999999,62.92625742,0.0,0.0,3.0,10.0,S0_baseline
146900.0,0.0,0.0,461.9527376,1293.46766528,0.0,0.0,153.98424586666667,107.78897210666666,0.0,0.0,3.0,12.0,S0_baseline
146902.0,0.0,0.0,351.9019701,1266.84709236,0.0,0.0,117.3006567,105.57059103,0.0,0.0,3.0,12.0,S0_baseline
146917.0,0.0,0.0,178.69817037,595.6605678999999,0.0,0.0,59.56605679,59.56605678999999,0.0,0.0,3.0,10.0,S0_baseline
146930.0,0.0,0.0,382.82026976,1148.46080928,0.0,0.0,127.60675658666666,95.70506744,0.0,0.0,3.0,12.0,S0_baseline
146932.0,0.0,0.0,860.4841315,2925.6460471,0.0,0.0,286.8280438333333,265.9678224636364,0.0,0.0,3.0,11.0,S0_baseline
146936.0,0.0,0.0,757.1520935,2574.3171179,0.0,0.0,252.38403116666663,234.0288289,0.0,0.0,3.0,11.0,S0_baseline
146938.0,0.0,0.0,340.54741055,953.53274954,0.0,0.0,113.51580351666668,79.46106246166667,0.0,0.0,3.0,12.0,S0_baseline
146942.0,0.0,0.0,246.75941346,822.5313782000001,0.0,0.0,82.25313782,82.25313782,0.0,0.0,3.0,10.0,S0_baseline
146946.0,0.0,0.0,238.77435813,795.9145271,0.0,0.0,79.59145271,79.59145271,0.0,0.0,3.0,10.0,S0_baseline
146995.0,0.0,0.0,686.0515425,1920.944319,0.0,0.0,228.6838475,174.63130172727273,0.0,0.0,3.0,11.0,S0_baseline
147022.0,0.0,0.0,386.6726428,1392.02151408,0.0,0.0,128.8908809333333,116.00179284,0.0,0.0,3.0,12.0,S0_baseline
147025.0,0.0,0.0,405.18982915,1377.64541911,0.0,0.0,135.06327638333337,125.24049264636363,0.0,0.0,3.0,11.0,S0_baseline
147028.0,0.0,0.0,163.27363713,489.82091139,0.0,0.0,54.42454571,54.42454571,0.0,0.0,3.0,9.0,S0_baseline
147056.0,0.0,0.0,250.26800136,563.10300306,0.0,0.0,62.56700034,62.56700034,0.0,0.0,4.0,9.0,S0_baseline
147083.0,0.0,0.0,194.62220313,518.99254168,0.0,0.0,64.87406771,64.87406771,0.0,0.0,3.0,8.0,S0_baseline
147092.0,0.0,0.0,190.27147038,507.39058768,0.0,0.0,63.42382346,63.42382346,0.0,0.0,3.0,8.0,S0_baseline
147122.0,0.0,0.0,253.5733292,1141.0799814,0.0,0.0,126.7866646,126.7866646,0.0,0.0,2.0,9.0,S0_baseline
147131.0,0.0,0.0,187.63445658,687.99300746,0.0,0.0,62.54481886,62.54481885999999,0.0,0.0,3.0,11.0,S0_baseline
147158.0,0.0,0.0,352.9260621,1058.7781863,0.0,0.0,117.6420207,117.6420207,0.0,0.0,3.0,9.0,S0_baseline
147162.0,0.0,0.0,432.192566,972.4332735,0.0,0.0,108.0481415,108.0481415,0.0,0.0,4.0,9.0,S0_baseline
147183.0,0.0,0.0,225.55397164,451.10794328,0.0,0.0,56.38849291,56.38849291,0.0,0.0,4.0,8.0,S0_baseline
147190.0,0.0,0.0,254.08253052,762.24759156,0.0,0.0,127.04126526,76.224759156,0.0,0.0,2.0,10.0,S0_baseline
147279.0,0.0,0.0,808.4009868,1751.5354714,0.0,0.0,202.1002467,194.61505237777777,0.0,0.0,4.0,9.0,S0_baseline
147856.0,0.0,0.0,85.7652726,228.7073936,0.0,0.0,28.5884242,28.5884242,0.0,0.0,3.0,8.0,S0_baseline
147942.0,0.0,0.0,46.88160138,125.01760368,0.0,0.0,15.62720046,15.62720046,0.0,0.0,3.0,8.0,S0_baseline
147988.0,28.8704571,0.0,115.4818284,230.9636568,28.8704571,0.0,28.8704571,28.8704571,1.0,0.0,4.0,8.0,S0_baseline
148031.0,26.90244757,0.0,107.60979028,215.21958056,26.90244757,0.0,26.90244757,26.90244757,1.0,0.0,4.0,8.0,S0_baseline
148059.0,55.81509672,0.0,111.63019344,223.26038688,55.81509672,0.0,27.90754836,27.90754836,1.0,0.0,4.0,8.0,S0_baseline
148270.0,0.0,0.0,527.14857504,1317.8714376,0.0,0.0,131.78714376,146.43015973333334,0.0,0.0,4.0,9.0,S0_baseline
148355.0,0.0,0.0,192.0101191,576.0303573,0.0,0.0,64.00337303333333,64.00337303333333,0.0,0.0,3.0,9.0,S0_baseline
148358.0,0.0,0.0,252.05284827000003,924.19377699,0.0,0.0,126.026424135,102.68819744333334,0.0,0.0,2.0,9.0,S0_baseline
148416.0,0.0,0.0,192.55254327,641.8418108999999,0.0,0.0,64.18418109,64.18418109,0.0,0.0,3.0,10.0,S0_baseline
148419.0,0.0,0.0,167.1189582,557.063194,0.0,0.0,55.706319400000005,55.7063194,0.0,0.0,3.0,10.0,S0_baseline
148430.0,455.0727831,0.0,3640.5822648,6371.0189634,455.0727831,0.0,606.7637108,530.91824695,1.0,0.0,6.0,12.0,S0_baseline
148526.0,0.0,90.15035412,405.67659354,540.9021247200001,0.0,90.15035412,57.95379907714285,54.090212472000005,0.0,1.0,7.0,10.0,S0_baseline
148535.0,0.0,171.1274475,427.81861875,770.07351375,0.0,171.1274475,85.56372375,85.56372375,0.0,1.0,5.0,9.0,S0_baseline
148544.0,0.0,39.47527408,197.3763704,434.22801488,0.0,39.47527408,49.3440926,43.422801488,0.0,1.0,4.0,10.0,S0_baseline
148554.0,0.0,65.66458106,196.99374318,656.6458106,0.0,65.66458106,65.66458106,65.66458106,0.0,1.0,3.0,10.0,S0_baseline
148561.0,0.0,68.73831366,137.47662732,378.06072513,0.0,68.73831366,34.36915683,37.806072513,0.0,1.0,4.0,10.0,S0_baseline
148567.0,0.0,59.16403338,295.8201669,591.6403338,0.0,59.16403338,59.16403338,59.16403338,0.0,1.0,5.0,10.0,S0_baseline
148600.0,0.0,40.08402917,240.50417502,440.92432087,0.0,40.08402917,48.100835004,44.092432087000006,0.0,1.0,5.0,10.0,S0_baseline
148608.0,0.0,35.48504357,177.42521785000002,390.33547927,0.0,35.48504357,35.48504357,39.033547927,0.0,1.0,5.0,10.0,S0_baseline
148610.0,0.0,47.46154164,237.3077082,474.6154164,0.0,47.46154164,47.46154164,47.46154164,0.0,1.0,5.0,10.0,S0_baseline
148617.0,0.0,0.0,132.35973561,397.07920683,0.0,0.0,44.11991187,49.63490085375,0.0,0.0,3.0,8.0,S0_baseline
148624.0,0.0,29.24170724,204.69195068,350.90048688,0.0,29.24170724,34.115325113333334,31.900044261818184,0.0,1.0,6.0,11.0,S0_baseline
148631.0,0.0,0.0,41.80177374,188.10798183,0.0,0.0,20.90088687,20.90088687,0.0,0.0,2.0,9.0,S0_baseline
148632.0,0.0,28.0679125,84.20373749999999,308.7470375,0.0,28.0679125,28.067912499999995,30.87470375,0.0,1.0,3.0,10.0,S0_baseline
148633.0,0.0,31.03641299,186.21847794,310.3641299,0.0,31.03641299,31.03641299,31.036412989999995,0.0,1.0,6.0,10.0,S0_baseline
148636.0,0.0,33.6478303,201.8869818,403.7739636,0.0,33.6478303,40.37739636,40.37739636,0.0,1.0,5.0,10.0,S0_baseline
148676.0,0.0,27.33642409,109.34569636,218.69139272,0.0,27.33642409,27.33642409,27.33642409,0.0,1.0,4.0,8.0,S0_baseline
148686.0,0.0,0.0,141.59721246,448.39117279,0.0,0.0,47.19907082,49.82124142111112,0.0,0.0,3.0,9.0,S0_baseline
148687.0,0.0,0.0,69.38376471000001,219.715254915,0.0,0.0,23.12792157,24.412806101666668,0.0,0.0,3.0,9.0,S0_baseline
148710.0,0.0,41.14256942,164.57027768,411.4256942,0.0,41.14256942,41.14256942,41.14256942,0.0,1.0,4.0,10.0,S0_baseline
148759.0,0.0,24.8994408,124.497204,273.8938488,0.0,24.8994408,31.124301000000003,24.8994408,0.0,1.0,4.0,11.0,S0_baseline
148795.0,0.0,20.90894899,104.54474495,271.81633687,0.0,20.90894899,26.1361862375,30.201815207777777,0.0,1.0,4.0,9.0,S0_baseline
148796.0,0.0,0.0,100.5889238,326.91400235000003,0.0,0.0,33.529641266666665,36.32377803888889,0.0,0.0,3.0,9.0,S0_baseline
148826.0,0.0,46.78926386,163.76242351,257.34095123,0.0,23.39463193,27.293737251666663,25.734095123,0.0,2.0,6.0,10.0,S0_baseline
148829.0,0.0,43.43958928,195.47815176,260.63753568,0.0,21.71979464,27.92545025142857,26.063753568,0.0,2.0,7.0,10.0,S0_baseline
148830.0,0.0,53.3923984,240.2657928,293.6581912,0.0,26.6961992,34.323684685714284,29.36581912,0.0,2.0,7.0,10.0,S0_baseline
148839.0,0.0,76.03945834,304.15783336,380.1972917,0.0,38.01972917,43.45111905142857,38.01972917,0.0,2.0,7.0,10.0,S0_baseline
148845.0,0.0,103.20455812,464.42051154,516.0227906,0.0,51.60227906,58.0525639425,57.33586562222222,0.0,2.0,8.0,9.0,S0_baseline
148857.0,0.0,64.054949205,256.21979682,427.0329947,0.0,64.054949205,51.243959364,47.448110522222215,0.0,1.0,5.0,9.0,S0_baseline
148863.0,0.0,75.88533134,303.54132536,417.36932237,0.0,37.94266567,50.59022089333333,41.736932237,0.0,2.0,6.0,10.0,S0_baseline
148874.0,0.0,0.0,127.03426616,317.5856654,0.0,0.0,31.75856654,35.28729615555555,0.0,0.0,4.0,9.0,S0_baseline
148887.0,0.0,0.0,84.23264250000001,151.61875650000002,0.0,0.0,16.8465285,18.9523445625,0.0,0.0,5.0,8.0,S0_baseline
148888.0,0.0,0.0,212.65434512,265.8179314,0.0,0.0,30.37919216,33.227241424999995,0.0,0.0,7.0,8.0,S0_baseline
148889.0,0.0,0.0,199.87151807,256.97766609,0.0,0.0,33.31191967833333,32.12220826125,0.0,0.0,6.0,8.0,S0_baseline
148904.0,0.0,56.65415215499999,113.30830430999998,339.92491292999995,0.0,56.65415215499999,37.76943477,37.76943477,0.0,1.0,3.0,9.0,S0_baseline
148910.0,0.0,106.971667875,342.3093372,470.67533865,0.0,106.971667875,57.0515562,52.29725985,0.0,1.0,6.0,9.0,S0_baseline
148918.0,0.0,0.0,625.633393,893.76199,0.0,0.0,104.27223216666664,99.30688777777776,0.0,0.0,6.0,9.0,S0_baseline
148922.0,0.0,0.0,332.3768911,531.80302576,0.0,0.0,66.47537822,66.47537822,0.0,0.0,5.0,8.0,S0_baseline
148925.0,0.0,0.0,280.61925445,505.11465801,0.0,0.0,56.12385088999999,63.13933225125,0.0,0.0,5.0,8.0,S0_baseline
148926.0,0.0,0.0,229.0025587,412.20460566,0.0,0.0,45.80051174,51.5255757075,0.0,0.0,5.0,8.0,S0_baseline
148935.0,0.0,0.0,146.87703519000002,440.63110557,0.0,0.0,48.95901173000001,55.07888819625,0.0,0.0,3.0,8.0,S0_baseline
148945.0,0.0,0.0,74.87919717,199.67785912,0.0,0.0,24.95973239,24.95973239,0.0,0.0,3.0,8.0,S0_baseline
148958.0,0.0,0.0,169.52861586,268.420308445,0.0,0.0,28.25476931,29.82447871611111,0.0,0.0,6.0,9.0,S0_baseline
148959.0,0.0,0.0,164.75423727,223.595036295,0.0,0.0,23.53631961,24.843892921666665,0.0,0.0,7.0,9.0,S0_baseline
148966.0,0.0,0.0,299.98759336,337.48604253,0.0,0.0,49.99793222666667,42.18575531625,0.0,0.0,6.0,8.0,S0_baseline
148974.0,0.0,0.0,109.9205418,261.061286775,0.0,0.0,27.48013545,29.006809641666663,0.0,0.0,4.0,9.0,S0_baseline
148981.0,0.0,0.0,97.54358089,125.41317543,0.0,0.0,16.257263481666666,15.67664692875,0.0,0.0,6.0,8.0,S0_baseline
149030.0,0.0,0.0,151.77492490999998,195.13918917,0.0,0.0,25.29582081833333,24.39239864625,0.0,0.0,6.0,8.0,S0_baseline
149038.0,0.0,0.0,183.0013431,244.0017908,0.0,0.0,30.50022385,30.50022385,0.0,0.0,6.0,8.0,S0_baseline
149040.0,0.0,0.0,96.3963215,154.2341144,0.0,0.0,24.099080375,19.2792643,0.0,0.0,4.0,8.0,S0_baseline
149095.0,0.0,0.0,86.67769792,173.35539584,0.0,0.0,21.66942448,21.66942448,0.0,0.0,4.0,8.0,S0_baseline
149096.0,0.0,0.0,131.9796098,211.16737568,0.0,0.0,26.39592196,26.39592196,0.0,0.0,5.0,8.0,S0_baseline
149104.0,0.0,0.0,125.20182885,237.883474815,0.0,0.0,25.04036577,26.431497201666662,0.0,0.0,5.0,9.0,S0_baseline
149140.0,0.0,0.0,211.78029438,405.9122308950001,0.0,0.0,42.356058876000006,40.591223089500005,0.0,0.0,5.0,10.0,S0_baseline
149260.0,0.0,0.0,44.66525936,178.66103744,0.0,0.0,22.33262968,22.33262968,0.0,0.0,2.0,8.0,S0_baseline
149279.0,0.0,0.0,67.4973171,179.9928456,0.0,0.0,22.4991057,22.4991057,0.0,0.0,3.0,8.0,S0_baseline
150230.0,0.0,0.0,103.67772504,293.75355428,0.0,0.0,34.55924168,36.719194285,0.0,0.0,3.0,8.0,S0_baseline
150238.0,0.0,0.0,245.79271704,522.30952371,0.0,0.0,61.44817926,65.28869046375,0.0,0.0,4.0,8.0,S0_baseline
150251.0,0.0,0.0,202.41480188,430.131453995,0.0,0.0,50.60370047,53.766431749375,0.0,0.0,4.0,8.0,S0_baseline
150252.0,0.0,0.0,108.10759359,306.304848505,0.0,0.0,36.03586453,38.288106063125,0.0,0.0,3.0,8.0,S0_baseline
150258.0,0.0,0.0,48.27730086,193.10920344,0.0,0.0,24.13865043,24.13865043,0.0,0.0,2.0,8.0,S0_baseline
150293.0,0.0,0.0,565.89898915,977.46189035,0.0,0.0,113.17979783,122.18273629375,0.0,0.0,5.0,8.0,S0_baseline
150296.0,0.0,1399.63273425,3918.9716559,6998.16367125,0.0,1399.63273425,783.7943311800001,777.57374125,0.0,1.0,5.0,9.0,S0_baseline
150299.0,0.0,300.3946578,801.0524208,1702.2363942000002,0.0,300.3946578,200.2631052,212.779549275,0.0,1.0,4.0,8.0,S0_baseline
150302.0,0.0,984.52199875,2362.852797,4922.60999375,0.0,984.52199875,590.71319925,546.9566659722223,0.0,1.0,4.0,9.0,S0_baseline
150304.0,0.0,67.63196640000001,189.36950592,338.159832,0.0,67.63196640000001,37.873901184,37.57331466666667,0.0,1.0,5.0,9.0,S0_baseline
150312.0,0.0,90.47799895,144.76479832,416.19879517,0.0,90.47799895,36.19119958,46.24431057444445,0.0,1.0,4.0,9.0,S0_baseline
150315.0,0.0,54.86741825,329.2045095,685.842728125,0.0,54.86741825,65.84090189999999,76.20474756944445,0.0,1.0,5.0,9.0,S0_baseline
150316.0,0.0,74.41858015,446.5114809,930.232251875,0.0,74.41858015,89.30229618,103.35913909722224,0.0,1.0,5.0,9.0,S0_baseline
150321.0,0.0,36.9261043,240.01967795,461.57630375,0.0,36.9261043,48.00393559,51.28625597222222,0.0,1.0,5.0,9.0,S0_baseline
150326.0,0.0,88.52922252,486.91072386,929.55683646,0.0,88.52922252,97.382144772,116.1946045575,0.0,1.0,5.0,8.0,S0_baseline
150327.0,0.0,58.91483584,382.94643296,618.60577632,0.0,58.91483584,76.58928659200001,77.32572204,0.0,1.0,5.0,8.0,S0_baseline
150331.0,0.0,0.0,300.490534575,464.3944625250001,0.0,0.0,60.098106915,58.049307815625006,0.0,0.0,5.0,8.0,S0_baseline
150335.0,0.0,0.0,167.97268647,354.60900477,0.0,0.0,41.9931716175,44.32612559625,0.0,0.0,4.0,8.0,S0_baseline
150428.0,0.0,0.0,202.056362505,381.662018065,0.0,0.0,50.51409062625,47.707752258125,0.0,0.0,4.0,8.0,S0_baseline
150454.0,0.0,0.0,146.31488631,276.37256303,0.0,0.0,36.5787215775,34.54657037875,0.0,0.0,4.0,8.0,S0_baseline
150501.0,0.0,0.0,201.03062525,262.88620225,0.0,0.0,40.20612505,32.86077528125,0.0,0.0,5.0,8.0,S0_baseline
150525.0,0.0,0.0,174.79247919,212.248010445,0.0,0.0,29.132079865,26.531001305625,0.0,0.0,6.0,8.0,S0_baseline
150540.0,0.0,0.0,121.76130172499998,229.993569925,0.0,0.0,30.440325431249995,28.749196240625,0.0,0.0,4.0,8.0,S0_baseline
150793.0,0.0,0.0,355.13187765000004,355.13187765000004,0.0,0.0,59.188646275,44.39148470625,0.0,0.0,6.0,8.0,S0_baseline
150829.0,0.0,811.9035994999999,1623.807199,4059.5179975,0.0,811.9035994999999,405.95179975,451.0575552777778,0.0,1.0,4.0,9.0,S0_baseline
150837.0,0.0,144.874895655,434.624686965,820.957742045,0.0,144.874895655,108.65617174125,102.619717755625,0.0,1.0,4.0,8.0,S0_baseline
150860.0,0.0,116.20921405,209.17658529,534.56238463,0.0,116.20921405,52.2941463225,59.395820514444445,0.0,1.0,4.0,9.0,S0_baseline
150864.0,0.0,0.0,226.05072111,477.21818901,0.0,0.0,56.5126802775,59.65227362625,0.0,0.0,4.0,8.0,S0_baseline
150956.0,0.0,196.553276225,393.10655245,904.145070635,0.0,196.553276225,78.62131049,100.4605634038889,0.0,1.0,5.0,9.0,S0_baseline
150957.0,0.0,145.557217075,232.89154732,669.563198545,0.0,145.557217075,58.22288683,74.39591094944444,0.0,1.0,4.0,9.0,S0_baseline
150968.0,0.0,174.14173104999998,348.2834621,801.05196283,0.0,174.14173104999998,69.65669242,89.00577364777777,0.0,1.0,5.0,9.0,S0_baseline
150979.0,0.0,0.0,214.3638489,607.36423855,0.0,0.0,71.4546163,75.92052981875,0.0,0.0,3.0,8.0,S0_baseline
150983.0,0.0,60.74474229,121.48948458,384.71670117,0.0,60.74474229,40.49649486,48.08958764625,0.0,1.0,3.0,8.0,S0_baseline
150985.0,0.0,0.0,89.62238997,283.804234905,0.0,0.0,29.87412999,35.475529363125,0.0,0.0,3.0,8.0,S0_baseline
150990.0,0.0,0.0,136.65580902,258.12763926,0.0,0.0,34.163952255,32.2659549075,0.0,0.0,4.0,8.0,S0_baseline
150993.0,0.0,0.0,116.41787064,219.90042232,0.0,0.0,29.10446766,27.48755279,0.0,0.0,4.0,8.0,S0_baseline
150997.0,0.0,0.0,111.718002375,211.022893375,0.0,0.0,27.92950059375,26.377861671875,0.0,0.0,4.0,8.0,S0_baseline
151014.0,0.0,0.0,166.88906084500002,218.239541105,0.0,0.0,33.377812169,27.279942638125,0.0,0.0,5.0,8.0,S0_baseline
151021.0,0.0,0.0,134.50336354,175.88901386,0.0,0.0,26.900672708,21.9861267325,0.0,0.0,5.0,8.0,S0_baseline
151069.0,0.0,80.79606988500001,215.45618636,457.844396015,0.0,80.79606988500001,53.86404659,57.23054950187501,0.0,1.0,4.0,8.0,S0_baseline
151071.0,0.0,96.46456797,257.23884792,546.63255183,0.0,96.46456797,64.30971198,68.32906897875,0.0,1.0,4.0,8.0,S0_baseline
151144.0,0.0,0.0,215.98379673,282.44034957,0.0,0.0,43.196759346,35.30504369625,0.0,0.0,5.0,8.0,S0_baseline
151229.0,0.0,126.368836375,379.106509125,606.5704146,0.0,126.368836375,75.821301825,67.39671273333335,0.0,1.0,5.0,9.0,S0_baseline
151303.0,0.0,204.164606475,489.99505554,816.6584259,0.0,204.164606475,97.999011108,102.0823032375,0.0,1.0,5.0,8.0,S0_baseline
151308.0,0.0,188.580809725,528.02626723,905.18788668,0.0,188.580809725,105.605253446,100.57643185333332,0.0,1.0,5.0,9.0,S0_baseline
151314.0,0.0,158.786923875,444.60338685,762.1772346,0.0,158.786923875,88.92067736999999,84.6863594,0.0,1.0,5.0,9.0,S0_baseline
151320.0,0.0,295.62399675000006,1123.37118765,1241.62078635,0.0,295.62399675000006,187.228531275,137.95786515,0.0,1.0,6.0,9.0,S0_baseline
151633.0,0.0,0.0,144.35865513,144.35865513,0.0,0.0,20.62266501857143,18.04483189125,0.0,0.0,7.0,8.0,S0_baseline
152069.0,0.0,0.0,182.009493225,206.277425655,0.0,0.0,30.334915537499995,25.784678206875,0.0,0.0,6.0,8.0,S0_baseline
152321.0,0.0,0.0,310.59860430000003,352.01175154,0.0,0.0,51.76643405000001,44.0014689425,0.0,0.0,6.0,8.0,S0_baseline
152415.0,0.0,0.0,210.970092675,239.099438365,0.0,0.0,35.1616821125,29.887429795625,0.0,0.0,6.0,8.0,S0_baseline
152502.0,0.0,0.0,124.9449087,141.60422986,0.0,0.0,20.82415145,17.7005287325,0.0,0.0,6.0,8.0,S0_baseline
153153.0,0.0,0.230260852,1.957217242,2.30260852,0.0,0.230260852,0.2796024631428571,0.2558453911111111,0.0,1.0,7.0,9.0,S0_baseline
153181.0,0.0,0.232603347,1.9771284495,2.32603347,0.0,0.232603347,0.2824469213571428,0.2584481633333333,0.0,1.0,7.0,9.0,S0_baseline
153960.0,0.0,57.67307932,187.43750779,288.3653966,0.0,28.83653966,31.239584631666663,28.83653966,0.0,2.0,6.0,10.0,S0_baseline
153971.0,0.0,39.50598531,256.788904515,395.0598531,0.0,39.50598531,42.7981507525,39.50598531,0.0,1.0,6.0,10.0,S0_baseline
153974.0,0.0,49.90341238,162.186090235,249.5170619,0.0,24.95170619,27.031015039166665,24.95170619,0.0,2.0,6.0,10.0,S0_baseline
153990.0,0.0,31.39852058,204.09038377,313.9852058,0.0,31.39852058,34.01506396166666,31.398520580000003,0.0,1.0,6.0,10.0,S0_baseline
154009.0,0.0,43.39336879,282.056897135,433.9336879,0.0,43.39336879,47.00948285583333,43.39336879,0.0,1.0,6.0,10.0,S0_baseline
154089.0,0.0,40.08772612,110.24124683,200.4386306,0.0,20.04386306,22.048249366,20.04386306,0.0,2.0,5.0,10.0,S0_baseline
154279.0,0.0,46.34485209,100.413846195,162.206982315,0.0,23.172426045,16.735641032500002,16.220698231500002,0.0,2.0,6.0,10.0,S0_baseline
154352.0,0.0,82.47683232,219.93821952,288.66891312,0.0,41.23841616,36.65636992,28.866891312,0.0,2.0,6.0,10.0,S0_baseline
154357.0,0.0,32.75987277,212.939173005,327.59872770000004,0.0,32.75987277,42.587834601,32.75987277,0.0,1.0,5.0,10.0,S0_baseline
154445.0,0.0,28.57796994,185.75680461,285.7796994,0.0,28.57796994,30.959467435,28.57796994,0.0,1.0,6.0,10.0,S0_baseline
154548.0,0.0,135.41006844,270.82013688,451.3668948,0.0,67.70503422,45.13668948,45.13668948,0.0,2.0,6.0,10.0,S0_baseline
154565.0,0.0,21.15499666,169.23997328,211.5499666,0.0,21.15499666,24.17713904,21.15499666,0.0,1.0,7.0,10.0,S0_baseline
154633.0,0.0,48.42114426,121.05286065,242.1057213,0.0,24.21057213,24.21057213,24.21057213,0.0,2.0,5.0,10.0,S0_baseline
154759.0,0.0,79.61728044,132.69546739999998,265.3909348,0.0,39.80864022,26.53909348,26.53909348,0.0,2.0,5.0,10.0,S0_baseline
154761.0,0.0,31.12285368,202.29854892,326.78996364,0.0,31.12285368,33.71642482,32.678996364,0.0,1.0,6.0,10.0,S0_baseline
154786.0,0.0,30.98948215,247.9158572,309.89482150000003,0.0,30.98948215,35.416551028571426,30.989482150000004,0.0,1.0,7.0,10.0,S0_baseline
154807.0,0.0,89.56025988,223.9006497,447.8012994,0.0,44.78012994,44.78012994,44.78012994,0.0,2.0,5.0,10.0,S0_baseline
154818.0,0.0,92.02152657,153.36921095,306.7384219,0.0,46.010763285,30.67384219,30.67384219,0.0,2.0,5.0,10.0,S0_baseline
154865.0,0.0,79.62274665000001,132.70457775,265.4091555,0.0,39.811373325000005,26.54091555,26.54091555,0.0,2.0,5.0,10.0,S0_baseline
154922.0,0.0,40.04320425,220.237623375,400.4320425,0.0,40.04320425,44.047524675,40.04320425,0.0,1.0,5.0,10.0,S0_baseline
154958.0,0.0,111.56690718,185.9448453,371.8896906,0.0,55.78345358999999,37.18896906,37.18896906,0.0,2.0,5.0,10.0,S0_baseline
154961.0,0.0,23.27590555,186.2072444,232.7590555,0.0,23.27590555,26.60103491428572,23.27590555,0.0,1.0,7.0,10.0,S0_baseline
154984.0,0.0,36.40072159,364.0072159,364.0072159,0.0,36.40072159,45.5009019875,36.40072159,0.0,1.0,8.0,10.0,S0_baseline
155128.0,0.0,18.28466623,118.850330495,201.13132853,0.0,18.28466623,19.80838841583333,22.347925392222223,0.0,1.0,6.0,9.0,S0_baseline
155129.0,0.0,19.80569455,128.737014575,217.86264005,0.0,19.80569455,21.45616909583333,24.206960005555555,0.0,1.0,6.0,9.0,S0_baseline
155430.0,0.0,26.68051431,146.742828705,280.145400255,0.0,26.68051431,29.348565741,31.127266695,0.0,1.0,5.0,9.0,S0_baseline
155443.0,0.0,0.0,151.938819115,196.62670709,0.0,0.0,25.323136519166667,21.847411898888893,0.0,0.0,6.0,9.0,S0_baseline
155473.0,0.0,0.0,219.08781378000003,378.42440562,0.0,0.0,43.81756275600001,42.04715618,0.0,0.0,5.0,9.0,S0_baseline
155522.0,0.0,0.0,173.130806695,251.82662792,0.0,0.0,34.626161339,31.47832849,0.0,0.0,5.0,8.0,S0_baseline
155537.0,0.0,0.0,175.43575082,255.17927392,0.0,0.0,35.087150164,31.89740924,0.0,0.0,5.0,8.0,S0_baseline
155815.0,0.0,37.90327139,284.274535425,322.177806815,0.0,37.90327139,47.3790892375,40.272225851875,0.0,1.0,6.0,8.0,S0_baseline
155818.0,0.0,33.6280782,252.2105865,285.8386647,0.0,33.6280782,42.03509775,35.7298330875,0.0,1.0,6.0,8.0,S0_baseline
155872.0,0.0,24.36183392,207.07558832,207.07558832,0.0,24.36183392,29.582226902857144,25.88444854,0.0,1.0,7.0,8.0,S0_baseline
155927.0,0.0,29.28032736,248.88278256,248.88278256,0.0,29.28032736,35.55468322285714,31.11034782,0.0,1.0,7.0,8.0,S0_baseline
155937.0,0.0,19.50431643,165.78668965499998,165.786689655,0.0,19.50431643,23.68381280785714,20.723336206875,0.0,1.0,7.0,8.0,S0_baseline
155939.0,0.0,20.947855,178.0567675,178.0567675,0.0,20.947855,25.436681071428573,22.2570959375,0.0,1.0,7.0,8.0,S0_baseline
155941.0,0.0,37.57786262,319.41183227,319.41183227,0.0,37.57786262,45.630261752857145,39.92647903375,0.0,1.0,7.0,8.0,S0_baseline
155994.0,0.0,20.83217816,187.48960344,197.90569252000003,0.0,20.83217816,26.784229062857147,24.738211565000004,0.0,1.0,7.0,8.0,S0_baseline
156130.0,0.0,22.21117248,177.68937984,188.79496608,0.0,22.21117248,25.38419712,23.59937076,0.0,1.0,7.0,8.0,S0_baseline
156320.0,0.0,29.22045721,248.373886285,248.373886285,0.0,29.22045721,35.481983754999995,31.046735785625,0.0,1.0,7.0,8.0,S0_baseline
157690.0,0.0,27.86473337,181.120766905,236.850233645,0.0,27.86473337,30.186794484166665,29.606279205625,0.0,1.0,6.0,8.0,S0_baseline
157829.0,0.0,27.80115206,180.70748839,222.40921648,0.0,27.80115206,30.11791473166667,27.80115206,0.0,1.0,6.0,8.0,S0_baseline
158210.0,0.0,0.0,160.03981409,196.97207888,0.0,0.0,26.673302348333333,28.13886841142857,0.0,0.0,6.0,7.0,S0_baseline
158220.0,0.0,22.43262333,145.812051645,179.46098664,0.0,22.43262333,24.3020086075,25.637283805714283,0.0,1.0,6.0,7.0,S0_baseline
158461.0,0.0,0.0,149.66928275,161.1823045,0.0,0.0,24.944880458333333,26.863717416666663,0.0,0.0,6.0,6.0,S0_baseline
158469.0,0.0,0.0,232.263310695,250.12971921,0.0,0.0,38.7105517825,41.688286535,0.0,0.0,6.0,6.0,S0_baseline
158477.0,0.0,30.32826371,197.133714115,272.95437339,0.0,30.32826371,32.85561901916667,45.492395565,0.0,1.0,6.0,6.0,S0_baseline
158503.0,0.0,0.0,172.48362826500002,185.75159967,0.0,0.0,28.7472713775,30.958599945000003,0.0,0.0,6.0,6.0,S0_baseline
158519.0,0.0,0.0,279.80053458500004,301.32365263,0.0,0.0,46.63342243083334,50.22060877166666,0.0,0.0,6.0,6.0,S0_baseline
158570.0,0.0,0.0,110.103381855,171.27192732999998,0.0,0.0,27.52584546375,28.545321221666665,0.0,0.0,4.0,6.0,S0_baseline
158609.0,0.0,0.0,139.188222045,216.51501207,0.0,0.0,34.79705551125,36.085835345,0.0,0.0,4.0,6.0,S0_baseline
158918.0,0.0,0.0,153.280298275,165.07109045,0.0,0.0,25.546716379166668,27.51184840833333,0.0,0.0,6.0,6.0,S0_baseline
158966.0,0.0,0.0,279.60949356000003,326.21107582,0.0,0.0,55.92189871200001,54.36851263666667,0.0,0.0,5.0,6.0,S0_baseline
158969.0,0.0,0.0,164.4703197,205.587899625,0.0,0.0,32.89406394,34.2646499375,0.0,0.0,5.0,6.0,S0_baseline
158983.0,0.0,0.0,249.129834525,317.07433485,0.0,0.0,49.825966905,52.845722475,0.0,0.0,5.0,6.0,S0_baseline
158999.0,0.0,0.0,161.76142935,251.6288901,0.0,0.0,40.4403573375,41.93814835,0.0,0.0,4.0,6.0,S0_baseline
159005.0,0.0,0.0,118.23101019,183.91490474,0.0,0.0,29.5577525475,30.65248412333333,0.0,0.0,4.0,6.0,S0_baseline
159009.0,0.0,0.0,122.70883581,190.88041126,0.0,0.0,30.6772089525,31.813401876666664,0.0,0.0,4.0,6.0,S0_baseline
159021.0,0.0,0.0,165.69122607,257.74190722,0.0,0.0,41.4228065175,42.95698453666666,0.0,0.0,4.0,6.0,S0_baseline
159043.0,0.0,0.0,131.850557235,205.10086681,0.0,0.0,32.96263930875,34.18347780166667,0.0,0.0,4.0,6.0,S0_baseline
159061.0,0.0,0.0,83.36138247,129.67326162,0.0,0.0,20.8403456175,21.61221027,0.0,0.0,4.0,6.0,S0_baseline
159169.0,0.0,0.0,125.02286685,180.58858545,0.0,0.0,31.2557167125,30.098097575,0.0,0.0,4.0,6.0,S0_baseline
159174.0,0.0,0.0,119.233049625,172.225516125,0.0,0.0,29.80826240625,28.7042526875,0.0,0.0,4.0,6.0,S0_baseline
159191.0,0.0,0.0,101.34592056,146.38855192,0.0,0.0,25.33648014,24.398091986666667,0.0,0.0,4.0,6.0,S0_baseline
159203.0,0.0,0.0,114.966536175,166.06277447500003,0.0,0.0,28.74163404375,27.677129079166672,0.0,0.0,4.0,6.0,S0_baseline
159205.0,0.0,0.0,128.12013265500002,185.062413835,0.0,0.0,32.030033163750005,30.843735639166667,0.0,0.0,4.0,6.0,S0_baseline
159240.0,0.0,0.0,84.43889802000001,121.96729714,0.0,0.0,21.109724505000003,20.32788285666667,0.0,0.0,4.0,6.0,S0_baseline
159241.0,0.0,0.0,76.52990736,110.54319952,0.0,0.0,19.13247684,18.423866586666666,0.0,0.0,4.0,6.0,S0_baseline
159251.0,0.0,0.0,169.589483325,301.4924148,0.0,0.0,42.39737083125,60.29848296,0.0,0.0,4.0,5.0,S0_baseline
159325.0,0.0,0.0,58.45190133,107.161819105,0.0,0.0,19.48396711,21.432363821,0.0,0.0,3.0,5.0,S0_baseline
159360.0,0.0,0.0,106.171300305,153.358544885,0.0,0.0,26.54282507625,25.55975748083333,0.0,0.0,4.0,6.0,S0_baseline
159380.0,0.0,0.0,100.44270036,133.92360048,0.0,0.0,25.11067509,26.784720096,0.0,0.0,4.0,5.0,S0_baseline
159412.0,0.0,0.0,86.736504015,115.64867202,0.0,0.0,21.68412600375,23.129734404,0.0,0.0,4.0,5.0,S0_baseline
159417.0,0.0,0.0,96.45640389,128.60853852,0.0,0.0,24.1141009725,25.721707704,0.0,0.0,4.0,5.0,S0_baseline
159448.0,0.0,0.0,81.09014121,108.12018828,0.0,0.0,20.2725353025,21.624037656,0.0,0.0,4.0,5.0,S0_baseline
159467.0,0.0,0.0,69.33689329500001,92.44919106,0.0,0.0,17.334223323750003,18.489838212,0.0,0.0,4.0,5.0,S0_baseline
159474.0,0.0,0.0,77.3905941,94.5885039,0.0,0.0,19.347648525,18.91770078,0.0,0.0,4.0,5.0,S0_baseline
159475.0,0.0,0.0,70.32563775,93.767517,0.0,0.0,17.5814094375,18.7535034,0.0,0.0,4.0,5.0,S0_baseline
159524.0,0.0,0.0,79.98285755,127.97257208,0.0,0.0,19.9957143875,25.594514416000003,0.0,0.0,4.0,5.0,S0_baseline
159548.0,0.0,0.0,76.66798707,102.22398276,0.0,0.0,19.1669967675,20.444796552,0.0,0.0,4.0,5.0,S0_baseline
159571.0,0.0,0.0,137.0241214,164.42894568,0.0,0.0,34.25603035,32.885789136,0.0,0.0,4.0,5.0,S0_baseline
159576.0,0.0,0.0,88.2187931,105.86255172,0.0,0.0,22.054698275,21.172510344,0.0,0.0,4.0,5.0,S0_baseline
159600.0,0.0,0.0,90.39047995,108.46857594,0.0,0.0,22.597619987500003,21.693715188,0.0,0.0,4.0,5.0,S0_baseline
159603.0,0.0,0.0,77.22401685,92.66882022,0.0,0.0,19.3060042125,18.533764044,0.0,0.0,4.0,5.0,S0_baseline
159604.0,0.0,0.0,84.21143219999999,101.05371864,0.0,0.0,21.05285805,20.210743728,0.0,0.0,4.0,5.0,S0_baseline
159647.0,0.0,0.0,83.160586935,120.120847795,0.0,0.0,20.79014673375,20.020141299166664,0.0,0.0,4.0,6.0,S0_baseline
159677.0,0.0,0.0,90.95902945,109.15083534,0.0,0.0,22.7397573625,21.830167068,0.0,0.0,4.0,5.0,S0_baseline
159678.0,0.0,0.0,87.09534285000001,104.51441142,0.0,0.0,21.7738357125,20.902882284,0.0,0.0,4.0,5.0,S0_baseline
159679.0,0.0,0.0,81.9690444,98.36285328,0.0,0.0,20.4922611,19.672570656,0.0,0.0,4.0,5.0,S0_baseline
159701.0,0.0,0.0,90.05584710000001,108.06701652,0.0,0.0,22.513961775,21.613403304,0.0,0.0,4.0,5.0,S0_baseline
159711.0,0.0,0.0,87.6035541,105.12426492,0.0,0.0,21.900888525,21.024852984,0.0,0.0,4.0,5.0,S0_baseline
159741.0,0.0,0.0,123.34351332,123.34351332,0.0,0.0,30.83587833,24.668702664,0.0,0.0,4.0,5.0,S0_baseline
159803.0,0.0,0.0,112.0851577,134.50218924,0.0,0.0,28.021289425,26.900437848000003,0.0,0.0,4.0,5.0,S0_baseline
159814.0,0.0,0.0,207.58664825,249.1039779,0.0,0.0,51.8966620625,49.82079558,0.0,0.0,4.0,5.0,S0_baseline
159817.0,0.0,0.0,190.72242425,228.8669091,0.0,0.0,47.6806060625,45.77338182,0.0,0.0,4.0,5.0,S0_baseline
159851.0,0.0,0.0,87.09330789999999,156.76795421999998,0.0,0.0,21.773326975,26.12799237,0.0,0.0,4.0,6.0,S0_baseline
159956.0,0.0,0.0,80.3125272,112.43753808,0.0,0.0,20.0781318,18.73958968,0.0,0.0,4.0,6.0,S0_baseline
159978.0,0.0,0.0,70.80717285,99.13004199,0.0,0.0,17.7017932125,16.521673665,0.0,0.0,4.0,6.0,S0_baseline
159980.0,0.0,0.0,118.9175561,166.48457854,0.0,0.0,29.729389025,27.747429756666666,0.0,0.0,4.0,6.0,S0_baseline
159998.0,0.0,0.0,132.92813796,155.08282762,0.0,0.0,33.23203449,25.847137936666662,0.0,0.0,4.0,6.0,S0_baseline
160037.0,0.0,0.0,65.687599215,94.882087755,0.0,0.0,16.42189980375,15.813681292499998,0.0,0.0,4.0,6.0,S0_baseline
160045.0,0.0,0.0,89.167025745,128.796814965,0.0,0.0,22.29175643625,21.4661358275,0.0,0.0,4.0,6.0,S0_baseline
160109.0,0.0,0.0,74.55814775,104.38140685,0.0,0.0,18.6395369375,17.396901141666667,0.0,0.0,4.0,6.0,S0_baseline
160123.0,0.0,0.0,87.8383327,122.97366578,0.0,0.0,21.959583175,20.49561096333333,0.0,0.0,4.0,6.0,S0_baseline
160130.0,0.0,0.0,99.39534645,139.15348503,0.0,0.0,24.8488366125,23.192247505,0.0,0.0,4.0,6.0,S0_baseline
160225.0,0.0,0.0,67.917212775,98.102640675,0.0,0.0,16.97930319375,16.3504401125,0.0,0.0,4.0,6.0,S0_baseline
160257.0,0.0,0.0,54.44015568,117.95367064,0.0,0.0,18.14671856,19.658945106666668,0.0,0.0,3.0,6.0,S0_baseline
160284.0,0.0,0.0,49.63562501999999,107.54385421,0.0,0.0,16.54520834,17.923975701666667,0.0,0.0,3.0,6.0,S0_baseline
160357.0,0.0,0.0,80.66768225000001,112.93475515,0.0,0.0,20.166920562500003,18.822459191666667,0.0,0.0,4.0,6.0,S0_baseline
160385.0,0.0,0.0,85.77286575,120.08201205,0.0,0.0,21.4432164375,20.013668675,0.0,0.0,4.0,6.0,S0_baseline
160386.0,0.0,0.0,108.3298908,151.66184712,0.0,0.0,27.0824727,25.27697452,0.0,0.0,4.0,6.0,S0_baseline
160394.0,0.0,0.0,124.0299987,173.64199818,0.0,0.0,31.007499675,28.94033303,0.0,0.0,4.0,6.0,S0_baseline
160408.0,0.0,0.0,126.12713145,176.57798403,0.0,0.0,31.5317828625,29.429664005000003,0.0,0.0,4.0,6.0,S0_baseline
160409.0,0.0,0.0,121.19365405,157.551750265,0.0,0.0,30.2984135125,26.258625044166667,0.0,0.0,4.0,6.0,S0_baseline
160412.0,0.0,0.0,157.6621427,220.72699978000003,0.0,0.0,39.415535675,36.78783329666667,0.0,0.0,4.0,6.0,S0_baseline
160424.0,0.0,0.0,120.8272851,193.32365616,0.0,0.0,30.206821275000003,32.220609360000005,0.0,0.0,4.0,6.0,S0_baseline
160446.0,0.0,0.0,75.41458029,163.398257295,0.0,0.0,25.13819343,27.2330428825,0.0,0.0,3.0,6.0,S0_baseline
160571.0,0.0,0.0,64.60982582999999,139.98795596499997,0.0,0.0,21.53660861,23.33132599416666,0.0,0.0,3.0,6.0,S0_baseline
160947.0,0.0,0.0,121.7265851,170.41721914,0.0,0.0,30.431646275,28.402869856666666,0.0,0.0,4.0,6.0,S0_baseline
161152.0,0.0,0.0,223.3907501,312.74705013999994,0.0,0.0,55.847687525,52.12450835666666,0.0,0.0,4.0,6.0,S0_baseline
161325.0,0.0,0.0,93.9360355,131.51044969999998,0.0,0.0,23.484008875,21.91840828333333,0.0,0.0,4.0,6.0,S0_baseline
161584.0,0.0,0.0,152.04198860500003,198.824138945,0.0,0.0,30.408397721000007,28.403448420714287,0.0,0.0,5.0,7.0,S0_baseline
161589.0,0.0,0.0,168.538532695,220.396542755,0.0,0.0,33.707706539,31.485220393571428,0.0,0.0,5.0,7.0,S0_baseline
161600.0,0.0,0.0,137.69926287,201.25276881,0.0,0.0,27.539852574,28.75039554428572,0.0,0.0,5.0,7.0,S0_baseline
161609.0,0.0,0.0,175.12251451499998,255.948290445,0.0,0.0,35.024502903,36.564041492142856,0.0,0.0,5.0,7.0,S0_baseline
161643.0,0.0,0.0,106.06677921,188.56316304,0.0,0.0,26.5166948025,26.93759472,0.0,0.0,4.0,7.0,S0_baseline
162071.0,0.0,0.0,109.064337345,193.89215528,0.0,0.0,27.26608433625,27.698879325714284,0.0,0.0,4.0,7.0,S0_baseline
162072.0,0.0,0.0,78.14074203000001,138.91687472,0.0,0.0,19.535185507500003,19.84526781714285,0.0,0.0,4.0,7.0,S0_baseline
162206.0,0.0,0.0,117.81858891,182.08327377,0.0,0.0,23.563717782,22.76040922125,0.0,0.0,5.0,8.0,S0_baseline
162207.0,0.0,0.0,118.06648738500002,182.466389595,0.0,0.0,23.613297477000003,22.808298699375,0.0,0.0,5.0,8.0,S0_baseline
162229.0,0.0,0.0,322.88442175,499.00319725,0.0,0.0,64.57688435,62.37539965625,0.0,0.0,5.0,8.0,S0_baseline
162245.0,0.0,0.0,105.43832348499998,162.950136295,0.0,0.0,21.087664697,20.368767036875,0.0,0.0,5.0,8.0,S0_baseline
162270.0,0.0,0.0,123.70245162,191.17651614,0.0,0.0,24.740490324,23.8970645175,0.0,0.0,5.0,8.0,S0_baseline
162294.0,0.0,0.0,176.15969371,272.24679937,0.0,0.0,35.231938742,34.030849921249995,0.0,0.0,5.0,8.0,S0_baseline
162301.0,0.0,0.0,190.40575257,294.26343579,0.0,0.0,38.081150514,36.78292947375,0.0,0.0,5.0,8.0,S0_baseline
162312.0,0.0,0.0,186.40599092500003,288.081985975,0.0,0.0,37.28119818500001,36.010248246875,0.0,0.0,5.0,8.0,S0_baseline
162321.0,0.0,0.0,391.87415311000007,605.62369117,0.0,0.0,78.37483062200002,75.70296139625,0.0,0.0,5.0,8.0,S0_baseline
162336.0,0.0,0.0,455.31982188,703.67608836,0.0,0.0,91.063964376,87.959511045,0.0,0.0,5.0,8.0,S0_baseline
162349.0,0.0,0.0,202.35519711,312.73075917,0.0,0.0,40.471039422,39.09134489625,0.0,0.0,5.0,8.0,S0_baseline
162353.0,0.0,0.0,220.45842665,340.70847755,0.0,0.0,44.09168533,42.58855969375,0.0,0.0,5.0,8.0,S0_baseline
162356.0,0.0,0.0,232.70355196,359.63276212,0.0,0.0,46.540710392,44.954095265,0.0,0.0,5.0,8.0,S0_baseline
162364.0,0.0,0.0,168.018719495,259.665293765,0.0,0.0,33.603743899,32.458161720625,0.0,0.0,5.0,8.0,S0_baseline
162395.0,0.0,0.0,189.55584626,292.94994422,0.0,0.0,37.911169252,36.6187430275,0.0,0.0,5.0,8.0,S0_baseline
162402.0,0.0,0.0,115.64707506,157.7005569,0.0,0.0,23.129415012000003,22.52865098571429,0.0,0.0,5.0,7.0,S0_baseline
162418.0,0.0,0.0,268.811602015,415.436112205,0.0,0.0,53.762320403,51.929514025625,0.0,0.0,5.0,8.0,S0_baseline
162439.0,0.0,0.0,229.32605773,354.41299831,0.0,0.0,45.865211546,44.30162478875,0.0,0.0,5.0,8.0,S0_baseline
162608.0,0.0,0.0,124.21456124,191.96795828,0.0,0.0,24.842912248,23.995994785,0.0,0.0,5.0,8.0,S0_baseline
162674.0,0.0,0.0,110.845285265,171.306349955,0.0,0.0,22.169057053,21.413293744375,0.0,0.0,5.0,8.0,S0_baseline
162698.0,0.0,0.0,170.900373985,233.045964525,0.0,0.0,34.180074797,33.29228064642857,0.0,0.0,5.0,7.0,S0_baseline
163181.0,0.0,41.136620325,123.409860975,131.63718504,0.0,41.136620325,17.629980139285713,16.45464813,0.0,1.0,7.0,8.0,S0_baseline
163195.0,0.0,20.14573874,151.09304054999998,161.16590992,0.0,20.14573874,21.584720078571426,20.14573874,0.0,1.0,7.0,8.0,S0_baseline
163202.0,0.0,61.36592097,521.610328245,490.92736776,0.0,61.36592097,65.201291030625,61.36592097,0.0,1.0,8.0,8.0,S0_baseline
163210.0,0.0,41.161159425,123.48347827499998,148.18017393,0.0,41.161159425,17.64049689642857,16.46446377,0.0,1.0,7.0,9.0,S0_baseline
163221.0,0.0,29.82427608,253.50634668,238.59420864,0.0,29.82427608,31.688293335,29.82427608,0.0,1.0,8.0,8.0,S0_baseline
163271.0,0.0,30.87721604,262.45633634,277.89494436,0.0,30.87721604,37.49376233428571,30.87721604,0.0,1.0,7.0,9.0,S0_baseline
163297.0,0.0,41.15961804,308.6971353,329.27694432,0.0,41.15961804,44.099590757142856,41.15961804,0.0,1.0,7.0,8.0,S0_baseline
163319.0,0.0,22.28200607,167.11504552500003,178.25604856,0.0,22.28200607,23.87357793214286,22.28200607,0.0,1.0,7.0,8.0,S0_baseline
163320.0,0.0,16.51561613,123.867120975,132.12492904,0.0,16.51561613,17.695302996428573,16.51561613,0.0,1.0,7.0,8.0,S0_baseline
163342.0,0.0,37.42172019,261.95204133000004,336.79548171,0.0,37.42172019,37.42172019000001,37.42172019,0.0,1.0,7.0,9.0,S0_baseline
163355.0,0.0,76.59654998,306.38619992,344.68447491,0.0,38.29827499,38.29827499,38.29827499,0.0,2.0,8.0,9.0,S0_baseline
163368.0,0.0,37.49714263,281.228569725,337.47428367,0.0,37.49714263,40.17550996071429,37.49714263,0.0,1.0,7.0,9.0,S0_baseline
163380.0,0.0,40.9632346,307.2242595,368.6691114,0.0,40.9632346,43.88917992857143,40.9632346,0.0,1.0,7.0,9.0,S0_baseline
163390.0,0.0,19.14942933,143.620719975,153.19543464,0.0,19.14942933,20.517245710714285,19.14942933,0.0,1.0,7.0,8.0,S0_baseline
163399.0,0.0,28.3081472,212.311104,254.7733248,0.0,28.3081472,30.330157714285715,28.3081472,0.0,1.0,7.0,9.0,S0_baseline
163422.0,0.0,14.08472881,105.635466075,112.67783048,0.0,14.08472881,15.090780867857143,14.08472881,0.0,1.0,7.0,8.0,S0_baseline
163425.0,0.0,21.35582944,160.16872080000002,170.84663552,0.0,21.35582944,22.88124582857143,21.35582944,0.0,1.0,7.0,8.0,S0_baseline
163426.0,0.0,20.13545964,151.0159473,181.21913676,0.0,20.13545964,21.57370675714285,20.13545964,0.0,1.0,7.0,9.0,S0_baseline
163448.0,0.0,55.69749218,236.714341765,250.63871481,0.0,27.84874609,29.589292720625,27.84874609,0.0,2.0,8.0,9.0,S0_baseline
163456.0,0.0,99.47625164,323.29781783,447.64313238,0.0,49.73812582,53.88296963833333,49.73812582,0.0,2.0,6.0,9.0,S0_baseline
163457.0,0.0,37.97026718,151.88106872,170.86620231,0.0,18.98513359,18.98513359,18.98513359,0.0,2.0,8.0,9.0,S0_baseline
163516.0,0.0,0.0,265.91802042,286.37325276,0.0,0.0,44.31967007,40.91046468,0.0,0.0,6.0,7.0,S0_baseline
163525.0,0.0,67.88278088,271.53112352,305.47251396,0.0,33.94139044,33.94139044,33.94139044,0.0,2.0,8.0,9.0,S0_baseline
163528.0,0.0,38.94527972,253.14431818000003,350.50751748000005,0.0,38.94527972,42.19071969666667,38.94527972,0.0,1.0,6.0,9.0,S0_baseline
163539.0,0.0,103.13142784,464.09142528,464.09142528,0.0,51.56571392,51.56571392,51.56571392,0.0,2.0,9.0,9.0,S0_baseline
163605.0,0.0,54.06251679,513.5939095049999,486.56265111,0.0,54.06251679,57.06598994499999,54.06251679,0.0,1.0,9.0,9.0,S0_baseline
163610.0,44.15508366,88.31016732,507.78346209000006,353.24066928,44.15508366,44.15508366,56.42038467666667,44.15508366,1.0,2.0,9.0,8.0,S0_baseline
163627.0,0.0,53.45965266,173.743871145,240.56843697,0.0,26.72982633,28.9573118575,26.72982633,0.0,2.0,6.0,9.0,S0_baseline
163631.0,245.4037889,490.8075778,2822.14357235,2454.037889,245.4037889,245.4037889,313.57150803888885,245.4037889,1.0,2.0,9.0,10.0,S0_baseline
163642.0,60.70556583,60.70556583,758.819572875,485.64452664,60.70556583,60.70556583,75.8819572875,60.70556583,1.0,1.0,10.0,8.0,S0_baseline
163645.0,41.66450423,41.66450423,520.806302875,333.31603384,41.66450423,41.66450423,52.0806302875,41.66450423,1.0,1.0,10.0,8.0,S0_baseline
163663.0,383.2048763,766.4097526,4406.85607745,4215.2536393,383.2048763,383.2048763,489.6506752722223,383.2048763,1.0,2.0,9.0,11.0,S0_baseline
163678.0,0.0,32.43444718,210.82390667,259.47557744,0.0,32.43444718,35.13731777833333,32.43444718,0.0,1.0,6.0,8.0,S0_baseline
163683.0,0.0,52.20721056,208.82884224,261.0360528,0.0,26.10360528,26.10360528,26.10360528,0.0,2.0,8.0,10.0,S0_baseline
163687.0,0.0,0.0,551.43416187,490.16369944,0.0,0.0,61.27046243,61.27046243,0.0,0.0,9.0,8.0,S0_baseline
163717.0,0.0,44.814677,515.3687855000001,403.332093,0.0,44.814677,57.263198388888895,44.814677,0.0,1.0,9.0,9.0,S0_baseline
163727.0,99.4483075,99.4483075,1243.10384375,994.483075,99.4483075,99.4483075,138.12264930555554,99.4483075,1.0,1.0,9.0,10.0,S0_baseline
163733.0,0.0,79.20546178,712.8491560199999,712.8491560199999,0.0,79.20546178,79.20546178,79.20546178,0.0,1.0,9.0,9.0,S0_baseline
163743.0,0.0,80.35897204,723.23074836,723.23074836,0.0,80.35897204,80.35897204,80.35897204,0.0,1.0,9.0,9.0,S0_baseline
163744.0,0.0,39.08600194,312.68801552,351.77401746000004,0.0,39.08600194,39.08600194,39.08600194,0.0,1.0,8.0,9.0,S0_baseline
163768.0,0.0,67.66983097,710.5332251850001,676.6983097000001,0.0,67.66983097,78.94813613166667,75.1887010777778,0.0,1.0,9.0,9.0,S0_baseline
163772.0,0.0,34.57759739,293.90957781500003,276.62077912,0.0,34.57759739,41.98708254500001,34.57759739,0.0,1.0,7.0,8.0,S0_baseline
163782.0,0.0,56.63398032,368.12087208,453.07184256,0.0,56.63398032,61.35347868,56.63398032,0.0,1.0,6.0,8.0,S0_baseline
163793.0,480.0775192,1440.2325575999998,5520.891470799999,5280.8527112,480.0775192,720.1162787999999,613.4323856444444,480.0775192,1.0,2.0,9.0,11.0,S0_baseline
163799.0,0.0,64.17490983,513.39927864,577.5741884700001,0.0,64.17490983,64.17490983,64.17490983,0.0,1.0,8.0,9.0,S0_baseline
163821.0,0.0,35.39176753,230.046488945,318.52590777,0.0,35.39176753,38.34108149083334,35.39176753,0.0,1.0,6.0,9.0,S0_baseline
163825.0,0.0,46.94124146,187.76496584,234.7062073,0.0,23.47062073,23.47062073,23.47062073,0.0,2.0,8.0,10.0,S0_baseline
163826.0,0.0,46.52635969,302.42133798500004,372.21087752,0.0,46.52635969,50.40355633083334,46.52635969,0.0,1.0,6.0,8.0,S0_baseline
163832.0,0.0,41.3556573,165.4226292,206.7782865,0.0,20.67782865,20.67782865,20.67782865,0.0,2.0,8.0,10.0,S0_baseline
163838.0,0.0,36.3626881,290.9015048,327.2641929,0.0,36.3626881,36.3626881,36.3626881,0.0,1.0,8.0,9.0,S0_baseline
163840.0,0.0,45.7509977,366.0079816,411.7589793,0.0,45.7509977,45.7509977,45.7509977,0.0,1.0,8.0,9.0,S0_baseline
163842.0,0.0,45.25731641,294.172556665,362.05853128,0.0,45.25731641,49.02875944416667,45.25731641,0.0,1.0,6.0,8.0,S0_baseline
163850.0,0.0,42.4649234,276.0220021,339.7193872,0.0,42.4649234,46.00366701666667,42.4649234,0.0,1.0,6.0,8.0,S0_baseline
163854.0,55.36033227,55.36033227,747.3644856450001,553.6033227,55.36033227,55.36033227,74.73644856450001,61.5114803,1.0,1.0,10.0,9.0,S0_baseline
163856.0,0.0,131.56780558,624.947076505,657.8390279,0.0,65.78390279,78.118384563125,65.78390279,0.0,2.0,8.0,10.0,S0_baseline
163863.0,0.0,65.38185539,523.05484312,588.43669851,0.0,65.38185539,65.38185539,65.38185539,0.0,1.0,8.0,9.0,S0_baseline
163866.0,0.0,47.71873329,524.90606619,429.46859961,0.0,47.71873329,52.490606619000005,47.71873329,0.0,1.0,10.0,9.0,S0_baseline
163880.0,0.0,184.16625926,736.66503704,920.8312963,0.0,184.16625926,92.08312963,102.3145884777778,0.0,1.0,8.0,9.0,S0_baseline
163890.0,0.0,67.05884717,536.47077736,603.5296245300001,0.0,67.05884717,67.05884717,67.05884717,0.0,1.0,8.0,9.0,S0_baseline
163905.0,107.6360362,215.2720724,1237.8144163000002,1076.360362,107.6360362,107.6360362,137.53493514444446,107.6360362,1.0,2.0,9.0,10.0,S0_baseline
163909.0,0.0,98.96349972,321.63137409,395.85399888,0.0,49.48174986,53.605229015,49.48174986,0.0,2.0,6.0,8.0,S0_baseline
163913.0,0.0,66.2100946,529.6807568,595.8908514000001,0.0,66.2100946,66.2100946,66.2100946,0.0,1.0,8.0,9.0,S0_baseline
163941.0,46.23118238,92.46236476,531.65859737,462.3118238,46.23118238,46.23118238,59.07317748555556,46.23118238,1.0,2.0,9.0,10.0,S0_baseline
163964.0,85.36452286,170.72904572,896.3274900299999,853.6452285999999,85.36452286,85.36452286,99.59194333666666,85.36452286,1.0,2.0,9.0,10.0,S0_baseline
163975.0,110.2518709,551.2593545,1819.15586985,1543.5261926,110.2518709,137.814838625,139.93506691153846,110.2518709,1.0,4.0,13.0,14.0,S0_baseline
163976.0,203.8822394,611.6467182,3160.1747107,2650.4691122,203.8822394,203.8822394,243.09036236153847,220.87242601666665,1.0,3.0,13.0,12.0,S0_baseline
163990.0,0.0,38.30559225,287.291941875,306.444738,0.0,38.30559225,41.04170598214285,38.30559225,0.0,1.0,7.0,8.0,S0_baseline
163997.0,0.0,44.00808662,330.06064965,352.06469296,0.0,44.00808662,47.15152137857143,44.00808662,0.0,1.0,7.0,8.0,S0_baseline
164047.0,0.0,43.86559634,175.46238536,219.3279817,0.0,21.93279817,21.93279817,21.93279817,0.0,2.0,8.0,10.0,S0_baseline
164048.0,0.0,58.66857944,234.67431776,293.34289720000004,0.0,29.33428972,29.33428972,29.334289720000005,0.0,2.0,8.0,10.0,S0_baseline
164049.0,0.0,34.49792718,137.99170872,172.4896359,0.0,17.24896359,17.24896359,17.24896359,0.0,2.0,8.0,10.0,S0_baseline
164055.0,0.0,59.26506048,207.42771168,296.3253024,0.0,29.63253024,29.63253024,29.63253024,0.0,2.0,7.0,10.0,S0_baseline
164067.0,0.0,59.01399066,206.54896731,265.56295797,0.0,29.50699533,29.50699533,29.50699533,0.0,2.0,7.0,9.0,S0_baseline
164068.0,0.0,16.58153294,107.77996411,132.65226352,0.0,16.58153294,17.963327351666667,16.58153294,0.0,1.0,6.0,8.0,S0_baseline
164102.0,0.0,46.97565392,176.1587022,211.39044264,0.0,23.48782696,25.165528885714284,23.48782696,0.0,2.0,7.0,9.0,S0_baseline
164195.0,0.0,100.09085944,200.18171888,275.24986346000003,0.0,33.36361981333334,25.02271486,25.022714860000004,0.0,3.0,8.0,11.0,S0_baseline
164279.0,0.0,155.08906805,276.944764375,288.02255495,0.0,25.84817800833333,27.6944764375,22.15558115,0.0,6.0,10.0,13.0,S0_baseline
164302.0,0.0,82.7423526,217.198675575,268.91264595,0.0,20.68558815,24.133186175,20.68558815,0.0,4.0,9.0,13.0,S0_baseline
164309.0,0.0,214.36291845,493.034712435,514.47100428,0.0,42.87258369,54.781634715,42.87258369,0.0,5.0,9.0,12.0,S0_baseline
164332.0,0.0,255.92870805,614.22889932,614.22889932,0.0,51.18574161,61.422889932,51.18574161,0.0,5.0,10.0,12.0,S0_baseline
164364.0,0.0,65.84955615,118.52920107,158.03893476000002,0.0,13.16991123,13.16991123,13.169911230000002,0.0,5.0,9.0,12.0,S0_baseline
164383.0,0.0,54.01986932,108.03973864,175.56457529,0.0,13.50496733,15.434248377142856,13.50496733,0.0,4.0,7.0,13.0,S0_baseline
164397.0,0.0,165.6755876,227.80393295,269.22282985,0.0,27.612597933333333,25.31154810555556,20.70944845,0.0,6.0,9.0,13.0,S0_baseline
164418.0,0.0,208.2993667,374.93886006,458.25860674,0.0,41.65987334,41.65987334,41.65987334,0.0,5.0,9.0,11.0,S0_baseline
164421.0,0.0,130.87172124,152.68367478000002,283.55539602,0.0,21.81195354,21.81195354,21.81195354,0.0,6.0,7.0,13.0,S0_baseline
164427.0,0.0,120.61752665,168.86453731,313.60556929,0.0,24.12350533,24.12350533,24.12350533,0.0,5.0,7.0,13.0,S0_baseline
164428.0,0.0,107.8811004,125.8612838,233.7423842,0.0,17.9801834,17.9801834,17.9801834,0.0,6.0,7.0,13.0,S0_baseline
164433.0,0.0,164.8662267,296.75920806,362.70569874,0.0,32.97324534,32.97324534,32.97324534,0.0,5.0,9.0,11.0,S0_baseline
164648.0,0.0,0.032691106,0.261528848,0.294219954,0.0,0.032691106,0.032691106,0.032691106,0.0,1.0,8.0,9.0,S0_baseline
164702.0,0.0,216.5360608,1136.8143192,974.4122736,0.0,108.2680304,126.31270213333332,108.2680304,0.0,2.0,9.0,9.0,S0_baseline
164722.0,0.0,0.031462875,0.251703,0.3303601875,0.0,0.031462875,0.031462875,0.0367066875,0.0,1.0,8.0,9.0,S0_baseline
164762.0,0.046413229,0.092826458,0.417719061,0.5337521335,0.046413229,0.046413229,0.046413229,0.0533752133499999,1.0,2.0,9.0,10.0,S0_baseline
164789.0,0.0,0.029894177,0.239153416,0.3138888585,0.0,0.029894177,0.029894177,0.0348765398333333,0.0,1.0,8.0,9.0,S0_baseline
164876.0,0.0,252.9372584,948.514719,1011.7490336,0.0,126.4686292,135.5021027142857,126.4686292,0.0,2.0,7.0,8.0,S0_baseline
164912.0,0.032418153,0.064836306,0.291763377,0.3728087595,0.032418153,0.032418153,0.032418153,0.03728087595,1.0,2.0,9.0,10.0,S0_baseline
164956.0,0.0,0.040504702,0.1417664569999999,0.2126496855,0.0,0.020252351,0.020252351,0.0236277428333333,0.0,2.0,7.0,9.0,S0_baseline
165022.0,0.0,0.053010276,0.238546242,0.26505138,0.0,0.026505138,0.026505138,0.026505138,0.0,2.0,9.0,10.0,S0_baseline
165036.0,0.03288257,0.06576514,0.26306056,0.3288257,0.03288257,0.03288257,0.03288257,0.03288257,1.0,2.0,8.0,10.0,S0_baseline
165041.0,0.0,0.035581982,0.284655856,0.35581982,0.0,0.035581982,0.035581982,0.035581982,0.0,1.0,8.0,10.0,S0_baseline
165055.0,0.0,0.041231699,0.2886218929999999,0.41231699,0.0,0.041231699,0.041231699,0.041231699,0.0,1.0,7.0,10.0,S0_baseline
165070.0,0.0,0.096520868,0.4826043399999999,0.4826043399999999,0.0,0.048260434,0.0536227044444444,0.048260434,0.0,2.0,9.0,10.0,S0_baseline
165104.0,0.028041579,0.028041579,0.224332632,0.28041579,0.028041579,0.028041579,0.028041579,0.028041579,1.0,1.0,8.0,10.0,S0_baseline
165167.0,0.0,0.1017329159999999,0.2034658319999999,0.4408426359999999,0.0,0.033910972,0.033910972,0.033910972,0.0,3.0,6.0,13.0,S0_baseline
165245.0,0.0,0.069752226,0.162755194,0.279008904,0.0,0.023250742,0.0271258656666666,0.023250742,0.0,3.0,6.0,12.0,S0_baseline
165264.0,0.0,0.060675698,0.182027094,0.364054188,0.0,0.030337849,0.030337849,0.030337849,0.0,2.0,6.0,12.0,S0_baseline
165541.0,0.0,0.1022249069999999,0.2896372364999999,0.34074969,0.0,0.034074969,0.0413767480714285,0.034074969,0.0,3.0,7.0,10.0,S0_baseline
165560.0,0.0,0.1070584289999999,0.2498030009999999,0.392547573,0.0,0.035686143,0.035686143,0.035686143,0.0,3.0,7.0,11.0,S0_baseline
165632.0,0.0,0.0,163.65804032,163.65804032,0.0,0.0,23.379720045714286,20.45725504,0.0,0.0,7.0,8.0,S0_baseline
165698.0,0.0,0.0,150.08325984,196.98427854,0.0,0.0,25.013876640000003,21.88714206,0.0,0.0,6.0,9.0,S0_baseline
165737.0,0.0,0.0,188.02304572,199.08322488,0.0,0.0,26.860435102857146,24.88540311,0.0,0.0,7.0,8.0,S0_baseline
165809.0,0.0,0.0,210.51170006,260.04386478,0.0,0.0,30.073100008571423,32.5054830975,0.0,0.0,7.0,8.0,S0_baseline
165822.0,0.0,0.0,243.5995386,324.7993848,0.0,0.0,34.79993408571429,36.08882053333333,0.0,0.0,7.0,9.0,S0_baseline
165961.0,0.0,0.0,192.51635865,175.0148715,0.0,0.0,21.390706516666665,19.44609683333333,0.0,0.0,9.0,9.0,S0_baseline
166029.0,0.0,0.0,230.227212395,218.10999069,0.0,0.0,28.778401549375,24.23444341,0.0,0.0,8.0,9.0,S0_baseline
166036.0,0.0,0.0,765.376582665,725.09360463,0.0,0.0,85.04184251833334,80.56595607,0.0,0.0,9.0,9.0,S0_baseline
166048.0,0.0,0.0,391.764886735,371.14568217,0.0,0.0,48.970610841875,41.23840913,0.0,0.0,8.0,9.0,S0_baseline
166055.0,0.0,0.0,173.60183659,198.40209896,0.0,0.0,24.80026237,24.80026237,0.0,0.0,7.0,8.0,S0_baseline
166064.0,0.0,0.0,208.39613431,256.48754992,0.0,0.0,34.73268905166666,32.06094374,0.0,0.0,6.0,8.0,S0_baseline
166078.0,0.0,0.0,221.44647785,272.5495112,0.0,0.0,36.90774630833333,34.0686889,0.0,0.0,6.0,8.0,S0_baseline
166097.0,0.0,0.0,578.073134795,800.40895587,0.0,0.0,96.34552246583333,88.93432843,0.0,0.0,6.0,9.0,S0_baseline
166109.0,0.0,0.0,308.660683045,379.89007144,0.0,0.0,51.44344717416666,47.48625893,0.0,0.0,6.0,8.0,S0_baseline
166112.0,0.0,0.0,173.01679752500002,212.9437508,0.0,0.0,28.836132920833336,26.61796885,0.0,0.0,6.0,8.0,S0_baseline
166115.0,0.0,0.0,409.658717325,504.1953444,0.0,0.0,68.2764528875,63.02441805,0.0,0.0,6.0,8.0,S0_baseline
166123.0,0.0,0.0,230.98260527500003,279.610522175,0.0,0.0,28.872825659375003,27.961052217500004,0.0,0.0,8.0,10.0,S0_baseline
166127.0,0.0,0.0,252.486780005,305.641891585,0.0,0.0,31.560847500625,30.5641891585,0.0,0.0,8.0,10.0,S0_baseline
166132.0,0.0,0.0,291.938773245,319.742465935,0.0,0.0,32.437641471666666,31.9742465935,0.0,0.0,9.0,10.0,S0_baseline
166137.0,0.0,0.0,402.704655055,445.0946187450001,0.0,0.0,44.74496167277778,44.509461874500005,0.0,0.0,9.0,10.0,S0_baseline
166140.0,0.0,0.0,258.146709765,244.56004083,0.0,0.0,28.68296775166667,27.17333787,0.0,0.0,9.0,9.0,S0_baseline
166149.0,0.0,0.0,209.76156902,198.72148644,0.0,0.0,23.30684100222222,22.08016516,0.0,0.0,9.0,9.0,S0_baseline
166174.0,0.0,0.0,479.956475375,590.715662,0.0,0.0,79.99274589583332,73.83945775,0.0,0.0,6.0,8.0,S0_baseline
166179.0,0.0,0.0,982.28907725,1208.971172,0.0,0.0,163.71484620833334,151.1213965,0.0,0.0,6.0,8.0,S0_baseline
166192.0,0.0,0.0,160.09254065,224.12955691,0.0,0.0,32.01850813,32.01850813,0.0,0.0,5.0,7.0,S0_baseline
166199.0,0.0,0.0,139.77619504,156.22045328000002,0.0,0.0,19.968027862857145,17.357828142222225,0.0,0.0,7.0,9.0,S0_baseline
166201.0,0.0,0.0,119.7737919,162.55014615,0.0,0.0,17.1105417,18.06112735,0.0,0.0,7.0,9.0,S0_baseline
166202.0,0.0,44.70944989,558.8681236250001,514.158673735,0.0,44.70944989,62.096458180555565,57.12874152611111,0.0,1.0,9.0,9.0,S0_baseline
166227.0,0.0,46.98402528,422.85622752,493.33226544,0.0,46.98402528,46.98402528,49.333226544,0.0,1.0,9.0,10.0,S0_baseline
166238.0,0.0,35.69757518,249.88302626,374.82453939,0.0,35.69757518,35.69757518,41.64717104333334,0.0,1.0,7.0,9.0,S0_baseline
166251.0,0.0,0.0,207.01592456,207.01592456,0.0,0.0,25.87699057,25.87699057,0.0,0.0,8.0,8.0,S0_baseline
166252.0,0.0,0.0,320.80099491000004,374.267827395,0.0,0.0,35.64455499,37.426782739500005,0.0,0.0,9.0,10.0,S0_baseline
166285.0,0.0,0.0,1686.6413192,2213.71673145,0.0,0.0,240.94875988571428,221.371673145,0.0,0.0,7.0,10.0,S0_baseline
166296.0,0.0,0.0,59.08936052599999,67.530697744,0.0,0.0,8.441337218,8.441337218,0.0,0.0,7.0,8.0,S0_baseline
166527.0,0.0,0.0,189.60438805,206.8411506,0.0,0.0,18.960438805000003,18.803740963636365,0.0,0.0,10.0,11.0,S0_baseline
166528.0,0.0,0.0,116.3496661,116.3496661,0.0,0.0,12.927740677777775,11.63496661,0.0,0.0,9.0,10.0,S0_baseline
166553.0,0.0,0.0,161.20035224999998,207.25759575,0.0,0.0,23.02862175,23.02862175,0.0,0.0,7.0,9.0,S0_baseline
166563.0,0.0,0.0,161.90226969,208.16006103,0.0,0.0,23.12889567,23.12889567,0.0,0.0,7.0,9.0,S0_baseline
166565.0,0.0,0.0,215.46392624,242.39691702,0.0,0.0,30.78056089142857,26.93299078,0.0,0.0,7.0,9.0,S0_baseline
166608.0,0.0,0.0,274.01735319,352.30802553,0.0,0.0,39.14533617,39.14533617,0.0,0.0,7.0,9.0,S0_baseline
166682.0,0.0,0.0,202.78183448,253.4772931,0.0,0.0,25.34772931,28.164143677777776,0.0,0.0,8.0,9.0,S0_baseline
166694.0,0.0,0.0,156.8801844,245.125288125,0.0,0.0,22.41145491428572,24.5125288125,0.0,0.0,7.0,10.0,S0_baseline
166698.0,0.0,0.0,298.91541713000004,394.024868035,0.0,0.0,37.364427141250005,39.4024868035,0.0,0.0,8.0,10.0,S0_baseline
166722.0,0.0,0.0,206.01471456,257.5183932,0.0,0.0,25.75183932,28.6131548,0.0,0.0,8.0,9.0,S0_baseline
166743.0,0.0,0.0,520.26836963,629.79855271,0.0,0.0,57.80759662555556,62.979855271,0.0,0.0,9.0,10.0,S0_baseline
166748.0,0.0,0.0,284.1861924,408.517651575,0.0,0.0,35.52327405,37.137968325,0.0,0.0,8.0,11.0,S0_baseline
166839.0,0.0,0.0,189.74592549,326.784649455,0.0,0.0,23.71824068625,27.23205412125,0.0,0.0,8.0,12.0,S0_baseline
166847.0,0.0,0.0,204.83133016,294.445037105,0.0,0.0,25.60391627,26.76773064590909,0.0,0.0,8.0,11.0,S0_baseline
166854.0,0.0,0.0,311.08089888,397.49225968,0.0,0.0,34.56454432,36.135659970909096,0.0,0.0,9.0,11.0,S0_baseline
167007.0,0.0,0.0,394.89741161,364.52068764,0.0,0.0,30.37672397,30.37672397,0.0,0.0,13.0,12.0,S0_baseline
167009.0,0.0,0.0,386.43585079,421.56638268,0.0,0.0,35.13053189,35.13053189,0.0,0.0,11.0,12.0,S0_baseline
167010.0,0.0,0.0,513.42465369,592.41306195,0.0,0.0,42.7853878075,49.3677551625,0.0,0.0,12.0,12.0,S0_baseline
167028.0,0.0,0.0,236.18713482,303.66917334000004,0.0,0.0,33.74101926,33.74101926,0.0,0.0,7.0,9.0,S0_baseline
167038.0,0.0,0.0,349.93690672,393.67902006,0.0,0.0,43.74211334,43.74211334,0.0,0.0,8.0,9.0,S0_baseline
167104.0,0.0,0.0,419.56003341,466.1778149,0.0,0.0,46.61778149,46.61778149,0.0,0.0,9.0,10.0,S0_baseline
167118.0,0.0,0.0,169.77833271,218.28642777,0.0,0.0,24.25404753,24.25404753,0.0,0.0,7.0,9.0,S0_baseline
167156.0,0.0,208.3076302,1614.38413405,1666.4610416,0.0,208.3076302,146.76219400454545,166.64610416,0.0,1.0,11.0,10.0,S0_baseline
167159.0,0.0,83.22289877,832.2289877000001,915.45188647,0.0,83.22289877,83.22289877,91.545188647,0.0,1.0,10.0,10.0,S0_baseline
167213.0,0.0,88.8876805,622.2137635,799.9891245,0.0,88.8876805,88.8876805,88.8876805,0.0,1.0,7.0,9.0,S0_baseline
167222.0,0.0,0.0,117.12020551,150.58312137,0.0,0.0,16.73145793,16.73145793,0.0,0.0,7.0,9.0,S0_baseline
167231.0,0.0,141.39145638000002,565.5658255200001,801.2182528200001,0.0,141.39145638000002,56.55658255200001,66.76818773500001,0.0,1.0,10.0,12.0,S0_baseline
167279.0,0.0,99.89860676,799.18885408,1098.8846743600002,0.0,99.89860676,99.89860676,99.89860676000002,0.0,1.0,8.0,11.0,S0_baseline
167287.0,0.0,121.9775575,731.865345,1219.775575,0.0,121.9775575,121.9775575,121.97755750000002,0.0,1.0,6.0,10.0,S0_baseline
167290.0,0.0,115.1718623,1036.5467607,1151.718623,0.0,115.1718623,115.1718623,115.1718623,0.0,1.0,9.0,10.0,S0_baseline
167302.0,0.0,97.72646771,586.3588062599999,977.2646771,0.0,97.72646771,97.72646771,97.72646771,0.0,1.0,6.0,10.0,S0_baseline
167305.0,0.0,47.07060742,282.42364452000004,470.7060742,0.0,47.07060742,47.07060742000001,47.07060742,0.0,1.0,6.0,10.0,S0_baseline
167311.0,0.0,80.05948352,400.2974176,800.5948352,0.0,80.05948352,80.05948352,80.05948352,0.0,1.0,5.0,10.0,S0_baseline
167319.0,0.0,77.34269756,193.35674390000003,386.71348780000005,0.0,38.67134878,38.67134878,38.67134878,0.0,2.0,5.0,10.0,S0_baseline
167440.0,0.0,0.0,6661.75728,16654.3932,0.0,0.0,1332.351456,1514.0357454545451,0.0,0.0,5.0,11.0,S0_baseline
167473.0,0.0,0.0,299.88893291,813.9842464699999,0.0,0.0,59.977786582,67.83202053916666,0.0,0.0,5.0,12.0,S0_baseline
167494.0,0.0,40.5358331,243.2149986,405.358331,0.0,40.5358331,40.5358331,40.5358331,0.0,1.0,6.0,10.0,S0_baseline
167506.0,0.0,25.54710988,127.7355494,281.01820868,0.0,25.54710988,25.54710988,28.101820868,0.0,1.0,5.0,10.0,S0_baseline
167507.0,0.0,47.92397959,479.2397959,623.01173467,0.0,47.92397959,53.24886621111111,51.91764455583333,0.0,1.0,9.0,12.0,S0_baseline
167511.0,0.0,26.10269048,156.61614287999998,261.0269048,0.0,26.10269048,26.10269048,26.10269048,0.0,1.0,6.0,10.0,S0_baseline
167513.0,0.0,68.37773854,410.26643124,683.7773854,0.0,68.37773854,68.37773854,68.37773854,0.0,1.0,6.0,10.0,S0_baseline
167516.0,0.0,21.01270268,126.07621608,231.13972948,0.0,21.01270268,21.01270268,23.113972948,0.0,1.0,6.0,10.0,S0_baseline
167518.0,0.0,44.88693372,269.32160232,448.8693372,0.0,44.88693372,44.88693372,44.88693372,0.0,1.0,6.0,10.0,S0_baseline
167525.0,0.0,32.88635874,197.31815244,328.8635874,0.0,32.88635874,32.88635874,32.88635874,0.0,1.0,6.0,10.0,S0_baseline
167527.0,0.0,66.58918274,199.76754822,332.9459137,0.0,66.58918274,33.29459137,33.29459137,0.0,1.0,6.0,10.0,S0_baseline
167528.0,0.0,65.49167138,196.47501414,360.20419259,0.0,65.49167138,32.74583569,36.020419259,0.0,1.0,6.0,10.0,S0_baseline
167537.0,0.0,99.48588848,596.91533088,994.8588848,0.0,99.48588848,99.48588848,99.48588848,0.0,1.0,6.0,10.0,S0_baseline
167538.0,0.0,51.94581859,415.56654872,727.24146026,0.0,51.94581859,51.94581859,55.94165078923077,0.0,1.0,8.0,13.0,S0_baseline
167542.0,0.0,66.59929783,399.59578698,665.9929783,0.0,66.59929783,66.59929783,66.59929783,0.0,1.0,6.0,10.0,S0_baseline
167556.0,0.0,32.62299637,228.36097459,358.85296007000005,0.0,32.62299637,32.62299637,32.62299637,0.0,1.0,7.0,11.0,S0_baseline
167557.0,0.0,31.09909377,217.69365639,342.09003147,0.0,31.09909377,31.09909377,31.09909377,0.0,1.0,7.0,11.0,S0_baseline
167573.0,0.0,93.51059379,748.08475032,1402.65890685,0.0,93.51059379,106.86925004571428,107.89683898846154,0.0,1.0,7.0,13.0,S0_baseline
167579.0,0.0,138.50671452,623.28021534,1177.30707342,0.0,69.25335726,77.9100269175,90.56208257076923,0.0,2.0,8.0,13.0,S0_baseline
167581.0,0.0,70.35603232,492.49222624,844.27238784,0.0,70.35603232,70.35603232,76.75203525818182,0.0,1.0,7.0,11.0,S0_baseline
167587.0,0.0,129.7132685,778.2796109999999,1297.132685,0.0,129.7132685,129.7132685,129.7132685,0.0,1.0,6.0,10.0,S0_baseline
167603.0,0.0,110.47242668,662.83456008,828.5432001,0.0,55.23621334,66.283456008,63.734092315384615,0.0,2.0,10.0,13.0,S0_baseline
167607.0,0.0,108.09571708,486.43072686,702.62216102,0.0,54.04785854,60.8038408575,54.04785854,0.0,2.0,8.0,13.0,S0_baseline
167632.0,0.0,201.34009203,738.24700411,1409.38064421,0.0,100.670046015,92.28087551375,93.958709614,0.0,2.0,8.0,15.0,S0_baseline
167635.0,0.0,47.57176038,333.00232266,570.86112456,0.0,47.57176038,47.57176038,47.57176038,0.0,1.0,7.0,12.0,S0_baseline
167646.0,0.0,60.84625603,425.92379221,851.84758442,0.0,60.84625603,60.84625603,65.52673726307692,0.0,1.0,7.0,13.0,S0_baseline
167652.0,0.0,291.22749636,800.8756149899999,1456.1374818,0.0,97.07583212,100.10945187375,112.01057552307692,0.0,3.0,8.0,13.0,S0_baseline
167655.0,0.0,527.1375744000001,702.8500992,1317.843936,0.0,105.42751488000002,100.40715702857143,109.820328,0.0,5.0,7.0,12.0,S0_baseline
167658.0,0.0,182.21968564,409.99429269,637.7688997399999,0.0,45.55492141,51.24928658625,53.14740831166666,0.0,4.0,8.0,12.0,S0_baseline
167672.0,0.0,152.7664912,611.0659648,916.5989472,0.0,76.3832456,76.3832456,83.32717701818181,0.0,2.0,8.0,11.0,S0_baseline
167780.0,0.0,312.1441226,1716.7926743,1716.7926743,0.0,156.0720613,171.67926743,171.67926743,0.0,2.0,10.0,10.0,S0_baseline
167806.0,0.0,53.36755796,533.6755796,640.41069552,0.0,53.36755796,59.297286622222224,64.041069552,0.0,1.0,9.0,10.0,S0_baseline
167812.0,65.30224292,32.65112146,326.5112146,424.46457898,32.65112146,32.65112146,36.279023844444446,38.58768899818182,2.0,1.0,9.0,11.0,S0_baseline
167884.0,0.0,29.93082455,179.5849473,299.3082455,0.0,29.93082455,29.93082455,29.93082455,0.0,1.0,6.0,10.0,S0_baseline
167901.0,0.0,86.27726238,172.55452476,287.5908746,0.0,28.75908746,28.75908746,28.75908746,0.0,3.0,6.0,10.0,S0_baseline
167972.0,0.0,30.06269648,150.3134824,300.6269648,0.0,30.06269648,30.06269648,30.06269648,0.0,1.0,5.0,10.0,S0_baseline
167976.0,0.0,29.89593462,179.37560772,328.85528082,0.0,29.89593462,29.89593462,32.88552808199999,0.0,1.0,6.0,10.0,S0_baseline
167984.0,0.0,32.98451142,197.90706852,329.84511419999995,0.0,32.98451142,32.98451142,32.98451142,0.0,1.0,6.0,10.0,S0_baseline
167988.0,0.0,187.51501775000003,262.52102485,487.5390461500001,0.0,37.50300355,43.75350414166667,40.628253845833335,0.0,5.0,6.0,12.0,S0_baseline
168042.0,0.0,94.12021808,423.54098136,517.66119944,0.0,47.06010904,52.94262267,47.06010904,0.0,2.0,8.0,11.0,S0_baseline
168044.0,36.17007073,36.17007073,488.295954855,578.72113168,36.17007073,36.17007073,48.8295954855,52.61101197090909,1.0,1.0,10.0,11.0,S0_baseline
168048.0,35.40286182,35.40286182,442.53577275,637.25151276,35.40286182,35.40286182,49.17064141666666,57.93195570545454,1.0,1.0,9.0,11.0,S0_baseline
168076.0,0.0,58.93279136,206.26476976,294.6639568,0.0,29.46639568,29.46639568,29.46639568,0.0,2.0,7.0,10.0,S0_baseline
168096.0,171.6053654,171.6053654,1973.4617021,2402.4751156,171.6053654,171.6053654,246.6827127625,240.24751156,1.0,1.0,8.0,10.0,S0_baseline
168104.0,21.80491454,21.80491454,228.95160267,239.85405994,21.80491454,21.80491454,28.61895033375,23.985405994,1.0,1.0,8.0,10.0,S0_baseline
168121.0,0.0,0.0,457.80451416000005,697.60687872,0.0,0.0,57.22556427000001,69.760687872,0.0,0.0,8.0,10.0,S0_baseline
172196.0,0.0,154.8281175,176.94642,265.41963,0.0,25.80468625,22.1183025,22.1183025,0.0,6.0,8.0,12.0,S0_baseline
172303.0,0.0,78.91867542,138.107681985,157.83735084,0.0,15.783735084,15.345297998333333,13.15311257,0.0,5.0,9.0,12.0,S0_baseline
172450.0,0.0,48.08009322,144.24027966,192.32037288,0.0,16.02669774,18.0300349575,16.02669774,0.0,3.0,8.0,12.0,S0_baseline
173787.0,0.0,156.5322698,1800.1211027,2504.5163168,0.0,156.5322698,257.1601575285714,250.45163168,0.0,1.0,7.0,10.0,S0_baseline
173794.0,0.0,67.22831547,605.05483923,1008.42473205,0.0,67.22831547,100.842473205,100.842473205,0.0,1.0,6.0,10.0,S0_baseline
173797.0,0.0,94.29285617,660.0499931899999,1225.80713021,0.0,94.29285617,110.00833219833332,122.580713021,0.0,1.0,6.0,10.0,S0_baseline
173800.0,0.0,78.36877653,391.84388265,783.6877653,0.0,78.36877653,78.36877653,78.36877653,0.0,1.0,5.0,10.0,S0_baseline
173811.0,0.0,60.3119328,512.6514288,964.9909248,0.0,60.3119328,85.44190479999999,96.49909248,0.0,1.0,6.0,10.0,S0_baseline
173839.0,0.0,62.80873104,314.0436552,690.89604144,0.0,62.80873104,62.80873104,62.80873104,0.0,1.0,5.0,11.0,S0_baseline
173840.0,0.0,46.27318213,231.36591065,462.7318213,0.0,46.27318213,46.27318213,46.27318213,0.0,1.0,5.0,10.0,S0_baseline
173843.0,0.0,57.29287533,572.9287533,859.39312995,0.0,57.29287533,81.84696475714286,66.1071638423077,0.0,1.0,7.0,13.0,S0_baseline
173854.0,0.0,136.5115377,1433.37114585,2457.2076786,0.0,136.5115377,179.17139323125,223.3825162363636,0.0,1.0,8.0,11.0,S0_baseline
173855.0,0.0,188.9887378,1984.3817469,3401.7972804,0.0,188.9887378,248.0477183625,309.2542982181818,0.0,1.0,8.0,11.0,S0_baseline
173877.0,0.0,85.90551658,601.3386160599999,1202.67723212,0.0,85.90551658,100.22310267666666,109.3342938290909,0.0,1.0,6.0,11.0,S0_baseline
173884.0,0.0,49.91386802,199.65547208,499.1386802,0.0,49.91386802,49.91386802,49.91386802,0.0,1.0,4.0,10.0,S0_baseline
173886.0,0.0,95.10529345,380.4211738,951.0529345,0.0,95.10529345,95.10529345,95.10529345,0.0,1.0,4.0,10.0,S0_baseline
173889.0,0.0,456.8604572,2284.302286,5025.4650292,0.0,456.8604572,456.8604572,502.54650292,0.0,1.0,5.0,10.0,S0_baseline
173903.0,0.0,0.0,396.38946223,792.77892446,0.0,0.0,66.06491037166667,79.277892446,0.0,0.0,6.0,10.0,S0_baseline
173913.0,0.0,79.51654022,596.37405165,1192.7481033,0.0,79.51654022,99.395675275,119.27481033,0.0,1.0,6.0,10.0,S0_baseline
173914.0,0.0,210.4546371,1578.40977825,3156.8195565,0.0,210.4546371,263.068296375,315.68195565,0.0,1.0,6.0,10.0,S0_baseline
173921.0,0.0,81.50896645,326.0358658,815.0896645,0.0,81.50896645,81.50896645,81.50896645,0.0,1.0,4.0,10.0,S0_baseline
173926.0,0.0,48.56394217,194.25576868,631.33124821,0.0,48.56394217,48.56394217,63.133124821,0.0,1.0,4.0,10.0,S0_baseline
173956.0,0.0,0.0,432.6615208,973.4884218,0.0,0.0,108.1653802,108.1653802,0.0,0.0,4.0,9.0,S0_baseline
173959.0,0.0,65.56263461,327.81317305000005,590.0637114900001,0.0,65.56263461,65.56263461,65.56263461,0.0,1.0,5.0,9.0,S0_baseline
173989.0,0.0,205.2735888,513.183972,923.7311496,0.0,102.6367944,102.6367944,102.6367944,0.0,2.0,5.0,9.0,S0_baseline
173991.0,0.0,142.03050312,426.09150936,710.1525156,0.0,71.01525156,71.01525156,78.90583506666667,0.0,2.0,6.0,9.0,S0_baseline
173994.0,0.0,85.93597358,429.6798679,773.42376222,0.0,85.93597358,85.93597358,85.93597358,0.0,1.0,5.0,9.0,S0_baseline
173998.0,0.0,82.32788732,411.6394366,740.95098588,0.0,82.32788732,82.32788732,82.32788732,0.0,1.0,5.0,9.0,S0_baseline
174007.0,0.0,125.76821614,314.42054035,565.95697263,0.0,62.88410807,62.88410807,62.88410807,0.0,2.0,5.0,9.0,S0_baseline
174010.0,0.0,104.40264864,261.0066216,522.0132432,0.0,52.20132432,52.201324320000005,58.00147146666667,0.0,2.0,5.0,9.0,S0_baseline
174013.0,0.0,103.55940564,310.67821691999995,466.01732538,0.0,51.77970282,62.13564338399999,51.77970282,0.0,2.0,5.0,9.0,S0_baseline
174036.0,0.0,59.11049491,295.55247455,709.32593892,0.0,59.11049491,73.8881186375,70.932593892,0.0,1.0,4.0,10.0,S0_baseline
174054.0,49.95015588,99.90031176,299.70093527999995,449.55140292,49.95015588,49.95015588,49.95015587999999,49.95015588,1.0,2.0,6.0,9.0,S0_baseline
174057.0,0.0,104.28527058,260.71317645,469.28371761,0.0,52.14263529,52.14263529,52.14263529,0.0,2.0,5.0,9.0,S0_baseline
174065.0,0.0,55.11359912,137.7839978,248.01119604,0.0,27.55679956,27.55679956,27.55679956,0.0,2.0,5.0,9.0,S0_baseline
174073.0,0.0,47.5069479,118.76736975,213.78126555,0.0,23.75347395,23.75347395,23.75347395,0.0,2.0,5.0,9.0,S0_baseline
174085.0,0.0,55.8411779,279.2058895,502.5706011,0.0,55.8411779,55.841177900000005,55.8411779,0.0,1.0,5.0,9.0,S0_baseline
174135.0,0.0,67.45974672,168.6493668,303.56886024,0.0,33.72987336,33.72987336,33.72987336,0.0,2.0,5.0,9.0,S0_baseline
174159.0,0.0,0.0,409.2522832,1125.4437788,0.0,0.0,102.3130708,102.3130708,0.0,0.0,4.0,11.0,S0_baseline
174188.0,42.472944,84.945888,169.891776,467.202384,42.472944,42.472944,42.472944,46.7202384,1.0,2.0,4.0,10.0,S0_baseline
174189.0,91.46570605,182.9314121,365.8628242,914.6570605,91.46570605,91.46570605,91.46570605,91.46570605,1.0,2.0,4.0,10.0,S0_baseline
174197.0,57.66848922,115.33697844,230.67395688,576.6848921999999,57.66848922,57.66848922,57.66848922,64.07609913333333,1.0,2.0,4.0,9.0,S0_baseline
174200.0,0.0,213.6998108,534.249527,1175.3489594,0.0,106.8499054,106.84990539999998,117.53489594,0.0,2.0,5.0,10.0,S0_baseline
174205.0,100.5878381,100.5878381,402.3513524,905.2905429,100.5878381,100.5878381,100.5878381,100.5878381,1.0,1.0,4.0,9.0,S0_baseline
174211.0,91.66489969,91.66489969,366.65959876,824.98409721,91.66489969,91.66489969,91.66489969,91.66489969,1.0,1.0,4.0,9.0,S0_baseline
174232.0,0.0,169.4547135,677.818854,1525.0924215,0.0,169.4547135,169.4547135,169.4547135,0.0,1.0,4.0,9.0,S0_baseline
174248.0,0.0,121.1285423,726.7712538000001,1090.1568807,0.0,121.1285423,145.35425076,121.1285423,0.0,1.0,5.0,9.0,S0_baseline
174271.0,0.0,73.35951905,366.79759525,660.23567145,0.0,73.35951905,73.35951905,73.35951905,0.0,1.0,5.0,9.0,S0_baseline
174290.0,0.0,76.33832057,381.69160285,687.0448851299999,0.0,76.33832057,76.33832057,76.33832057,0.0,1.0,5.0,9.0,S0_baseline
174318.0,0.0,0.0,141.23240052,353.0810013,0.0,0.0,35.30810013,35.30810013,0.0,0.0,4.0,10.0,S0_baseline
174352.0,0.0,0.0,269.90811008,775.9858164799999,0.0,0.0,67.47702752,70.54416513454545,0.0,0.0,4.0,11.0,S0_baseline
174362.0,0.0,0.0,120.66866022,422.34031077,0.0,0.0,40.22288674,42.234031077,0.0,0.0,3.0,10.0,S0_baseline
174399.0,0.0,23.40485002,117.0242501,280.85820024000003,0.0,23.40485002,29.256062525,28.085820024000004,0.0,1.0,4.0,10.0,S0_baseline
174403.0,0.0,46.25015046,185.00060184,462.5015046,0.0,46.25015046,46.25015046,46.25015046,0.0,1.0,4.0,10.0,S0_baseline
174407.0,0.0,79.78254704,319.13018816,718.04292336,0.0,79.78254704,79.78254704,79.78254704,0.0,1.0,4.0,9.0,S0_baseline
174496.0,0.0,0.0,44.06336048,253.36432276,0.0,0.0,22.03168024,23.03312025090909,0.0,0.0,2.0,11.0,S0_baseline
174580.0,0.0,0.0,81.62423268,258.47673682,0.0,0.0,27.208077560000003,28.719637424444443,0.0,0.0,3.0,9.0,S0_baseline
174587.0,0.0,33.38670648,166.9335324,434.02718424,0.0,33.38670648,41.7333831,43.402718424,0.0,1.0,4.0,10.0,S0_baseline
174592.0,0.0,20.31523725,81.260949,203.1523725,0.0,20.31523725,20.31523725,20.31523725,0.0,1.0,4.0,10.0,S0_baseline
174651.0,0.0,0.0,126.490862,404.7707584,0.0,0.0,31.6227155,40.47707584,0.0,0.0,4.0,10.0,S0_baseline
174654.0,0.0,0.0,137.53641588,343.8410397,0.0,0.0,34.38410397,34.38410397,0.0,0.0,4.0,10.0,S0_baseline
174655.0,0.0,0.0,308.89609255,803.12984063,0.0,0.0,77.2240231375,80.312984063,0.0,0.0,4.0,10.0,S0_baseline
174736.0,0.0,0.0,75.74598196,302.98392784,0.0,0.0,37.87299098,37.87299098,0.0,0.0,2.0,8.0,S0_baseline
174777.0,0.0,0.0,260.520239,677.3526214,0.0,0.0,65.13005975,67.73526214,0.0,0.0,4.0,10.0,S0_baseline
174862.0,27.72952408,27.72952408,55.45904816,249.56571672,27.72952408,27.72952408,27.72952408,27.72952408,1.0,1.0,2.0,9.0,S0_baseline
174881.0,0.0,0.0,110.23889354,440.95557416,0.0,0.0,55.11944677,55.11944677,0.0,0.0,2.0,8.0,S0_baseline
175072.0,0.0,0.0,103.61706238,414.46824952,0.0,0.0,51.80853119,51.80853119,0.0,0.0,2.0,8.0,S0_baseline
175494.0,0.0,0.0,367.83173410000006,956.36250866,0.0,0.0,91.95793352500002,95.636250866,0.0,0.0,4.0,10.0,S0_baseline
175517.0,0.0,0.0,327.80198135,786.7247552399999,0.0,0.0,81.9504953375,78.67247552399999,0.0,0.0,4.0,10.0,S0_baseline
175544.0,67.41409213,0.0,202.24227639,606.72682917,67.41409213,0.0,67.41409213,67.41409213,1.0,0.0,3.0,9.0,S0_baseline
175560.0,0.0,0.0,158.9240082,476.7720246,0.0,0.0,39.73100205,43.34291132727273,0.0,0.0,4.0,11.0,S0_baseline
175561.0,0.0,0.0,289.767877,811.3500556,0.0,0.0,72.44196925,73.75909596363637,0.0,0.0,4.0,11.0,S0_baseline
175565.0,0.0,0.0,153.07895524,535.77634334,0.0,0.0,38.26973881,44.64802861166667,0.0,0.0,4.0,12.0,S0_baseline
175567.0,28.36791074,0.0,113.47164296,340.41492888,28.36791074,0.0,28.36791074,34.041492888,1.0,0.0,4.0,10.0,S0_baseline
175587.0,0.0,0.0,121.44662517,485.78650068,0.0,0.0,40.48220839,48.578650068,0.0,0.0,3.0,10.0,S0_baseline
175593.0,51.88208528,0.0,103.76417056,518.8208528,51.88208528,0.0,51.88208528,51.88208528,1.0,0.0,2.0,10.0,S0_baseline
175608.0,0.0,0.0,889.6139928,2335.2367311,0.0,0.0,148.2689988,179.63359469999995,0.0,0.0,6.0,13.0,S0_baseline
175615.0,84.94378441,0.0,424.71892205000006,1444.04433497,84.94378441,0.0,106.17973051250002,111.0803334592308,1.0,0.0,4.0,13.0,S0_baseline
175619.0,117.7644932,0.0,706.5869592,1648.7029048,117.7644932,0.0,141.31739184,137.39190873333334,1.0,0.0,5.0,12.0,S0_baseline
175628.0,88.35983744,0.0,441.7991872,1060.3180492800002,88.35983744,0.0,88.35983744,88.35983744000002,1.0,0.0,5.0,12.0,S0_baseline
175629.0,42.02993386,0.0,168.11973544,504.35920632,42.02993386,0.0,42.02993386,42.02993386,1.0,0.0,4.0,12.0,S0_baseline
175630.0,51.71108384,0.0,206.84433536,620.53300608,51.71108384,0.0,51.71108384,51.71108383999999,1.0,0.0,4.0,12.0,S0_baseline
175632.0,88.48763101,0.0,442.43815505,1238.82683414,88.48763101,0.0,88.48763101,103.23556951166668,1.0,0.0,5.0,12.0,S0_baseline
175634.0,91.05867326,0.0,273.17601978000005,1001.64540586,91.05867326,0.0,91.05867326000002,100.16454058600002,1.0,0.0,3.0,10.0,S0_baseline
175637.0,0.0,0.0,208.84865634,696.1621878,0.0,0.0,69.61621878,69.61621878,0.0,0.0,3.0,10.0,S0_baseline
175639.0,0.0,0.0,259.00323615,863.3441204999999,0.0,0.0,86.33441205000001,86.33441205,0.0,0.0,3.0,10.0,S0_baseline
175652.0,0.0,0.0,195.7032876,508.82854776,0.0,0.0,39.14065752,46.25714070545455,0.0,0.0,5.0,11.0,S0_baseline
175658.0,0.0,0.0,190.29318776,475.7329694,0.0,0.0,47.57329694,47.57329694,0.0,0.0,4.0,10.0,S0_baseline
175668.0,0.0,0.0,159.09662552,437.51572018,0.0,0.0,39.77415638,39.77415638,0.0,0.0,4.0,11.0,S0_baseline
175677.0,0.0,0.0,118.78279329,534.522569805,0.0,0.0,39.59426443,44.54354748375,0.0,0.0,3.0,12.0,S0_baseline
175700.0,0.0,301.8526575,301.8526575,955.86674875,0.0,150.92632875,100.6175525,106.20741652777778,0.0,2.0,3.0,9.0,S0_baseline
175723.0,0.0,0.0,156.3830226,742.81935735,0.0,0.0,78.1915113,82.53548415,0.0,0.0,2.0,9.0,S0_baseline
175766.0,0.0,273.9769431,273.9769431,867.59365315,0.0,136.98847155,91.3256477,96.39929479444444,0.0,2.0,3.0,9.0,S0_baseline
175779.0,0.0,258.39970264,193.79977698,613.6992937699999,0.0,86.13323421333332,64.59992566,68.18881041888888,0.0,3.0,3.0,9.0,S0_baseline
175818.0,0.0,208.9249584,940.1623128,2037.0183444,0.0,104.4624792,134.30890182857144,169.75152870000002,0.0,2.0,7.0,12.0,S0_baseline
175862.0,0.0,0.0,345.3288652,1208.6510282,0.0,0.0,115.10962173333331,100.72091901666666,0.0,0.0,3.0,12.0,S0_baseline
175863.0,0.0,0.0,222.02933668,777.10267838,0.0,0.0,74.00977889333333,64.75855653166667,0.0,0.0,3.0,12.0,S0_baseline
175877.0,0.0,163.84741455,382.31063395,819.23707275,0.0,81.923707275,63.718438991666666,63.01823636538462,0.0,2.0,6.0,13.0,S0_baseline
175879.0,0.0,173.39066538,346.78133076,953.64865959,0.0,86.69533269,86.69533269,86.69533269,0.0,2.0,4.0,11.0,S0_baseline
175889.0,0.0,250.20051981,417.00086635,1167.60242578,0.0,125.100259905,104.2502165875,97.30020214833333,0.0,2.0,4.0,12.0,S0_baseline
175914.0,0.0,72.94609382,218.83828146,802.40703202,0.0,72.94609382,72.94609382,72.94609382,0.0,1.0,3.0,11.0,S0_baseline
175975.0,0.0,0.0,982.737711,1801.6858035,0.0,0.0,163.7896185,163.7896185,0.0,0.0,6.0,11.0,S0_baseline
175978.0,0.0,225.0222702,787.5779457,1575.1558914,0.0,225.0222702,131.26299095,143.19599012727272,0.0,1.0,6.0,11.0,S0_baseline
175985.0,0.0,311.042508,777.60627,1555.21254,0.0,311.042508,155.521254,155.521254,0.0,1.0,5.0,10.0,S0_baseline
175986.0,0.0,258.34705752,430.5784292,861.1568583999999,0.0,258.34705752,86.11568584,86.11568584,0.0,1.0,5.0,10.0,S0_baseline
175987.0,0.0,170.1852122,680.7408488,1701.852122,0.0,170.1852122,170.1852122,170.1852122,0.0,1.0,4.0,10.0,S0_baseline
175989.0,0.0,387.1220996,967.805249,2129.1715478,0.0,193.5610498,193.5610498,193.5610498,0.0,2.0,5.0,11.0,S0_baseline
175996.0,0.0,377.2919281,1886.4596405,3772.919281,0.0,377.2919281,377.2919281,377.2919281,0.0,1.0,5.0,10.0,S0_baseline
175997.0,0.0,126.9487489,507.7949956,1269.487489,0.0,126.9487489,126.9487489,126.9487489,0.0,1.0,4.0,10.0,S0_baseline
176031.0,0.0,0.0,315.743556,868.2947790000001,0.0,0.0,78.935889,78.935889,0.0,0.0,4.0,11.0,S0_baseline
176038.0,0.0,0.0,165.46751875,364.0285412500001,0.0,0.0,33.09350375,33.09350375,0.0,0.0,5.0,11.0,S0_baseline
176048.0,0.0,0.0,256.4612557,512.9225114,0.0,0.0,51.29225114,51.29225114,0.0,0.0,5.0,10.0,S0_baseline
176056.0,0.0,0.0,339.32398050000006,678.6479610000001,0.0,0.0,67.8647961,67.8647961,0.0,0.0,5.0,10.0,S0_baseline
176057.0,0.0,0.0,1085.821566,2171.643132,0.0,0.0,217.1643132,217.1643132,0.0,0.0,5.0,10.0,S0_baseline
176090.0,0.0,0.0,369.7574403,887.41785672,0.0,0.0,73.95148806,73.95148806,0.0,0.0,5.0,12.0,S0_baseline
176093.0,0.0,0.0,709.6198596,1951.4546139,0.0,0.0,177.4049649,177.4049649,0.0,0.0,4.0,11.0,S0_baseline
176096.0,0.0,0.0,351.96937388,1319.88515205,0.0,0.0,87.99234347,109.9904293375,0.0,0.0,4.0,12.0,S0_baseline
176121.0,0.0,45.65657427,273.93944562,456.5657427,0.0,45.65657427,45.65657427,50.72952696666667,0.0,1.0,6.0,9.0,S0_baseline
176132.0,0.0,273.9067262,684.7668154999999,1369.5336309999998,0.0,273.9067262,136.9533631,136.9533631,0.0,1.0,5.0,10.0,S0_baseline
176135.0,0.0,149.53540656,348.91594864,498.4513552,0.0,74.76770328,49.84513552,55.38348391111111,0.0,2.0,7.0,9.0,S0_baseline
176175.0,0.0,90.00391828,540.02350968,990.04310108,0.0,90.00391828,90.00391828,110.00478900888888,0.0,1.0,6.0,9.0,S0_baseline
176223.0,0.0,50.37930021,302.27580126,604.55160252,0.0,50.37930021,60.455160252,54.95923659272727,0.0,1.0,5.0,11.0,S0_baseline
176271.0,0.0,0.0,335.4505479,670.9010958,0.0,0.0,55.90842465,55.90842465,0.0,0.0,6.0,12.0,S0_baseline
176282.0,0.0,0.0,329.57772883,847.48558842,0.0,0.0,54.92962147166667,70.623799035,0.0,0.0,6.0,12.0,S0_baseline
176283.0,0.0,0.0,251.51924574000003,646.76377476,0.0,0.0,41.91987429,53.89698123,0.0,0.0,6.0,12.0,S0_baseline
176289.0,0.0,0.0,260.17470285,624.41928684,0.0,0.0,52.03494057,62.441928684,0.0,0.0,5.0,10.0,S0_baseline
176290.0,0.0,0.0,195.88229735,470.11751364,0.0,0.0,39.17645947,47.011751364,0.0,0.0,5.0,10.0,S0_baseline
176318.0,0.0,0.0,213.14950025,596.8186007,0.0,0.0,42.62990005,49.73488339166667,0.0,0.0,5.0,12.0,S0_baseline
176326.0,0.0,0.0,229.70056268,689.10168804,0.0,0.0,57.42514067,57.42514067,0.0,0.0,4.0,12.0,S0_baseline
176332.0,0.0,0.0,126.87917324,380.63751972,0.0,0.0,31.71979331,31.71979331,0.0,0.0,4.0,12.0,S0_baseline
176342.0,0.0,0.0,519.7053652999999,935.46965754,0.0,0.0,74.24362361428571,77.95580479499999,0.0,0.0,7.0,12.0,S0_baseline
176369.0,0.0,0.0,1665.4843107000002,2775.8071845,0.0,0.0,237.92633010000003,252.34610768181813,0.0,0.0,7.0,11.0,S0_baseline
176427.0,0.0,556.1102661,2224.4410644,7785.5437254,0.0,556.1102661,556.1102661,598.8879788769231,0.0,1.0,4.0,13.0,S0_baseline
176442.0,0.0,0.0,451.4983124,1173.89561224,0.0,0.0,90.29966248,90.29966248,0.0,0.0,5.0,13.0,S0_baseline
176474.0,0.0,0.0,76.31427252,203.50472672,0.0,0.0,15.262854504,16.958727226666667,0.0,0.0,5.0,12.0,S0_baseline
176541.0,0.0,0.0,171.08464724,384.94045629,0.0,0.0,42.77116181,42.77116181,0.0,0.0,4.0,9.0,S0_baseline
176597.0,0.0,0.0,714.1218918,1666.2844142,0.0,0.0,142.82437836,138.85703451666666,0.0,0.0,5.0,12.0,S0_baseline
176600.0,136.297557,0.0,817.7853420000001,1908.165798,136.297557,0.0,163.55706840000002,159.01381650000002,1.0,0.0,5.0,12.0,S0_baseline
176630.0,0.0,0.0,751.3544324999999,2103.792411,0.0,0.0,187.838608125,191.2538555454545,0.0,0.0,4.0,11.0,S0_baseline
176632.0,128.3091907,0.0,769.8551441999999,2052.9470512,128.3091907,0.0,192.46378605,186.63155010909088,1.0,0.0,4.0,11.0,S0_baseline
176640.0,143.4044674,0.0,860.4268043999999,1864.2580762,143.4044674,0.0,172.08536088,169.4780069272727,1.0,0.0,5.0,11.0,S0_baseline
176687.0,0.0,0.0,154.93081285,340.84778827,0.0,0.0,30.98616257,30.98616257,0.0,0.0,5.0,11.0,S0_baseline
176691.0,0.0,0.0,205.69683225,411.3936645,0.0,0.0,41.13936645,37.39942404545455,0.0,0.0,5.0,11.0,S0_baseline
176692.0,46.95132049,0.0,328.65924343,751.22112784,46.95132049,0.0,65.731848686,75.122112784,1.0,0.0,5.0,10.0,S0_baseline
176695.0,0.0,0.0,378.8713395,833.5169469,0.0,0.0,75.7742679,83.35169469,0.0,0.0,5.0,10.0,S0_baseline
176711.0,0.0,0.0,316.66899684000003,738.8943259600001,0.0,0.0,63.33379936800001,73.889432596,0.0,0.0,5.0,10.0,S0_baseline
176728.0,0.0,0.0,369.03941845,738.0788368999999,0.0,0.0,73.80788369,73.80788369,0.0,0.0,5.0,10.0,S0_baseline
176764.0,0.0,0.0,585.19575738,1267.92414099,0.0,0.0,117.039151476,126.792414099,0.0,0.0,5.0,10.0,S0_baseline
176766.0,0.0,0.0,478.51105974,1036.77396277,0.0,0.0,95.70221194799998,103.677396277,0.0,0.0,5.0,10.0,S0_baseline
176780.0,0.0,0.0,344.75298636,632.04714166,0.0,0.0,68.95059727200001,63.204714166,0.0,0.0,5.0,10.0,S0_baseline
176840.0,0.0,80.9862286,364.4380287,445.4242573,0.0,80.9862286,52.06257552857143,40.4931143,0.0,1.0,7.0,11.0,S0_baseline
176843.0,0.0,0.0,513.36465072,770.0469760799999,0.0,0.0,73.33780724571429,70.00427055272726,0.0,0.0,7.0,11.0,S0_baseline
176849.0,0.0,486.2850612,6807.990856799999,8266.8460404,0.0,486.2850612,756.4434285333332,688.9038366999999,0.0,1.0,9.0,12.0,S0_baseline
176881.0,0.0,0.0,1022.91061626,1101.59604828,0.0,0.0,113.65673513999998,100.1450952981818,0.0,0.0,9.0,11.0,S0_baseline
176888.0,329.37629284,0.0,282.32253672,517.59131732,47.05375612,0.0,47.05375612,51.759131732,7.0,0.0,6.0,10.0,S0_baseline
176975.0,0.0,68.4754651,479.3282557,1369.509302,0.0,68.4754651,95.86565113999998,105.34686938461536,0.0,1.0,5.0,13.0,S0_baseline
177019.0,0.0,56.40730536,169.22191607999997,357.24626728,0.0,56.40730536,42.30547901999999,39.69402969777778,0.0,1.0,4.0,9.0,S0_baseline
177024.0,0.0,136.366263855,500.009634135,863.6530044149999,0.0,136.366263855,125.00240853375,95.961444935,0.0,1.0,4.0,9.0,S0_baseline
177026.0,0.0,124.994039715,458.311478955,791.628918195,0.0,124.994039715,114.57786973875,87.95876868833334,0.0,1.0,4.0,9.0,S0_baseline
177027.0,0.0,198.153117075,435.936857565,911.504338545,0.0,198.153117075,108.98421439125,101.27825983833334,0.0,1.0,4.0,9.0,S0_baseline
177032.0,0.0,39.248961795,117.746885385,274.742732565,0.0,39.248961795,29.43672134625,30.526970285,0.0,1.0,4.0,9.0,S0_baseline
177052.0,0.0,254.4998627,2163.24883295,3181.24828375,0.0,254.4998627,360.54147215833336,353.4720315277778,0.0,1.0,6.0,9.0,S0_baseline
177068.0,0.0,99.59672915000002,298.79018745,517.90299158,0.0,99.59672915000002,49.798364575,57.54477684222223,0.0,1.0,6.0,9.0,S0_baseline
177070.0,0.0,43.06856926,323.01426945,559.8914003799999,0.0,43.06856926,53.835711575,62.21015559777777,0.0,1.0,6.0,9.0,S0_baseline
177087.0,0.0,160.1438184,480.4314552,1227.7692744,0.0,160.1438184,120.1078638,136.41880826666664,0.0,1.0,4.0,9.0,S0_baseline
177093.0,0.0,291.93989275,642.26776405,1342.92350665,0.0,291.93989275,128.45355281,149.2137229611111,0.0,1.0,5.0,9.0,S0_baseline
177108.0,0.0,309.3950975,804.4272535,1423.2174485,0.0,309.3950975,134.07120891666668,158.13527205555556,0.0,1.0,6.0,9.0,S0_baseline
177137.0,0.0,60.983303925,243.9332157,386.227591525,0.0,60.983303925,48.78664314,42.91417683611111,0.0,1.0,5.0,9.0,S0_baseline
177144.0,0.0,76.084371825,213.03624111,319.554361665,0.0,76.084371825,42.607248222,35.506040185,0.0,1.0,5.0,9.0,S0_baseline
177237.0,0.0,0.0,157.529786755,257.77601469,0.0,0.0,31.505957351,32.22200183625,0.0,0.0,5.0,8.0,S0_baseline
177284.0,0.0,0.0,248.0388801,405.8818038,0.0,0.0,49.60777602,50.735225475,0.0,0.0,5.0,8.0,S0_baseline
177301.0,0.0,0.0,277.211386265,453.61863207,0.0,0.0,55.442277253,56.70232900875,0.0,0.0,5.0,8.0,S0_baseline
177312.0,0.0,0.0,116.971890035,191.40854733,0.0,0.0,23.394378007,23.92606841625,0.0,0.0,5.0,8.0,S0_baseline
177419.0,0.0,0.0,146.592646365,239.87887587,0.0,0.0,29.318529273000003,29.98485948375,0.0,0.0,5.0,8.0,S0_baseline
177442.0,0.0,0.0,90.968445315,148.85745597,0.0,0.0,18.193689063,18.60718199625,0.0,0.0,5.0,8.0,S0_baseline
177512.0,0.0,0.0,170.98780523,170.98780523,0.0,0.0,21.37347565375,18.99864502555556,0.0,0.0,8.0,9.0,S0_baseline
177559.0,0.0,51.30930657,205.23722628,410.47445256,0.0,51.30930657,51.30930657,51.30930657,0.0,1.0,4.0,8.0,S0_baseline
177561.0,0.0,53.01974095,265.09870475,636.2368914,0.0,53.01974095,66.2746761875,70.69298793333333,0.0,1.0,4.0,9.0,S0_baseline
177563.0,0.0,54.19712237,379.37985659,812.95683555,0.0,54.19712237,75.87597131800001,90.32853728333332,0.0,1.0,5.0,9.0,S0_baseline
177569.0,0.0,64.35615023,257.42460092,579.20535207,0.0,64.35615023,64.35615023,64.35615023,0.0,1.0,4.0,9.0,S0_baseline
177586.0,0.0,47.43148308,189.72593232,426.88334772,0.0,47.43148308,47.43148308,47.43148308,0.0,1.0,4.0,9.0,S0_baseline
177592.0,0.0,65.0983885,455.6887195,976.4758275,0.0,65.0983885,91.1377439,108.49731416666664,0.0,1.0,5.0,9.0,S0_baseline
177602.0,0.0,26.28663535,105.1465414,236.57971815,0.0,26.28663535,26.28663535,26.28663535,0.0,1.0,4.0,9.0,S0_baseline
177605.0,0.0,61.98804453,433.91631171,929.82066795,0.0,61.98804453,86.783262342,103.31340755,0.0,1.0,5.0,9.0,S0_baseline
177606.0,0.0,52.10555784,208.42223136,468.95002056,0.0,52.10555784,52.10555784,52.10555784,0.0,1.0,4.0,9.0,S0_baseline
177611.0,0.0,53.33324711,373.33272977,799.99870665,0.0,53.33324711,74.666545954,88.88874518333334,0.0,1.0,5.0,9.0,S0_baseline
177614.0,0.0,121.59826028,303.9956507,729.5895616800001,0.0,121.59826028,75.998912675,81.06550685333335,0.0,1.0,4.0,9.0,S0_baseline
177615.0,59.61929333,119.23858666,417.33505331,894.28939995,59.61929333,119.23858666,83.46701066199999,99.36548888333331,1.0,1.0,5.0,9.0,S0_baseline
177617.0,56.51489588,113.02979176,395.60427116,847.7234381999999,56.51489588,113.02979176,79.120854232,94.19149313333332,1.0,1.0,5.0,9.0,S0_baseline
177620.0,0.0,72.4754734,144.9509468,326.1396303,0.0,72.4754734,36.2377367,36.2377367,0.0,1.0,4.0,9.0,S0_baseline
177626.0,34.18525741,34.18525741,136.74102964,307.66731669,34.18525741,34.18525741,34.18525741,34.18525741,1.0,1.0,4.0,9.0,S0_baseline
177627.0,73.86661246,73.86661246,295.46644984,664.7995121399999,73.86661246,73.86661246,73.86661246,73.86661246,1.0,1.0,4.0,9.0,S0_baseline
177629.0,67.35049022,67.35049022,336.7524511,942.90686308,67.35049022,67.35049022,84.188112775,104.76742923111112,1.0,1.0,4.0,9.0,S0_baseline
177632.0,129.1348703,193.70230545,451.97204605,968.51152725,129.1348703,64.56743515,90.39440921,107.61239191666668,1.0,3.0,5.0,9.0,S0_baseline
177636.0,241.24156,96.496624,337.738184,675.476368,60.31039,48.248312,67.54763679999999,84.434546,4.0,2.0,5.0,8.0,S0_baseline
177638.0,110.39368114,55.19684057,386.37788399,883.14944912,55.19684057,55.19684057,77.275576798,88.314944912,2.0,1.0,5.0,10.0,S0_baseline
177657.0,58.61808062,58.61808062,293.0904031,762.03504806,58.61808062,58.61808062,73.272600775,76.203504806,1.0,1.0,4.0,10.0,S0_baseline
177666.0,52.25576322,52.25576322,209.02305288,470.30186898,52.25576322,52.25576322,52.25576322,52.25576322,1.0,1.0,4.0,9.0,S0_baseline
177671.0,0.0,123.415313,617.076565,1480.983756,0.0,123.415313,154.26914125,164.55375066666667,0.0,1.0,4.0,9.0,S0_baseline
177676.0,0.0,58.83315476,352.99892856,705.9978571199999,0.0,58.83315476,70.599785712,78.44420634666666,0.0,1.0,5.0,9.0,S0_baseline
177688.0,0.0,41.49582741,165.98330964,373.46244669,0.0,41.49582741,41.49582741,41.49582741,0.0,1.0,4.0,9.0,S0_baseline
177695.0,0.0,70.92315422,283.69261688,780.15469642,0.0,70.92315422,70.92315422,86.68385515777778,0.0,1.0,4.0,9.0,S0_baseline
177703.0,0.0,51.53740035,257.68700175,721.5236049,0.0,51.53740035,64.4217504375,80.16928943333333,0.0,1.0,4.0,9.0,S0_baseline
177704.0,0.0,40.39181492,161.56725968,363.52633428,0.0,40.39181492,40.39181492,40.39181492,0.0,1.0,4.0,9.0,S0_baseline
177708.0,0.0,35.2438236,140.9752944,387.6820596,0.0,35.2438236,35.2438236,43.0757844,0.0,1.0,4.0,9.0,S0_baseline
177711.0,43.42359437,43.42359437,217.11797185,607.9303211800001,43.42359437,43.42359437,54.2794929625,67.54781346444446,1.0,1.0,4.0,9.0,S0_baseline
177712.0,0.0,44.49432861,311.46030026999995,667.4149291499999,0.0,44.49432861,62.29206005399999,74.15721434999999,0.0,1.0,5.0,9.0,S0_baseline
177720.0,0.0,63.16526039,315.82630195,821.14838507,0.0,63.16526039,78.9565754875,82.114838507,0.0,1.0,4.0,10.0,S0_baseline
177726.0,0.0,46.34351277,185.37405108,417.09161493,0.0,46.34351277,46.34351277,46.34351277,0.0,1.0,4.0,9.0,S0_baseline
177727.0,0.0,74.46190846,372.3095423,1116.9286269000002,0.0,74.46190846,93.077385575,111.69286269,0.0,1.0,4.0,10.0,S0_baseline
177731.0,232.38741885,77.46247295,309.8498918,774.6247295000001,116.193709425,77.46247295,77.46247295,86.0694143888889,2.0,1.0,4.0,9.0,S0_baseline
177732.0,241.41075897,80.47025299,321.88101196,643.76202392,120.705379485,80.47025299,80.47025299,80.47025299,2.0,1.0,4.0,8.0,S0_baseline
177754.0,0.0,0.0,300.41366072,1126.5512277,0.0,0.0,100.13788690666668,102.41374797272728,0.0,0.0,3.0,11.0,S0_baseline
177756.0,0.0,72.35302244,289.41208976,868.23626928,0.0,72.35302244,96.47069658666668,96.47069658666666,0.0,1.0,3.0,9.0,S0_baseline
177764.0,0.0,0.0,354.95415784,1153.60101298,0.0,0.0,118.31805261333334,115.360101298,0.0,0.0,3.0,10.0,S0_baseline
177930.0,0.0,112.30311754,224.60623508,533.439808315,0.0,112.30311754,56.15155877,59.27108981277778,0.0,1.0,4.0,9.0,S0_baseline
177942.0,43.0040864,43.0040864,129.0122592,408.5388208,43.0040864,43.0040864,43.0040864,45.39320231111111,1.0,1.0,3.0,9.0,S0_baseline
177959.0,216.4915512,216.4915512,541.228878,1028.3348682,108.2457756,216.4915512,135.3072195,114.2594298,2.0,1.0,4.0,9.0,S0_baseline
177969.0,0.0,50.95682744,76.43524116,229.30572348,0.0,50.95682744,25.47841372,25.47841372,0.0,1.0,3.0,9.0,S0_baseline
177972.0,55.01668222,55.01668222,165.05004666,522.65848109,55.01668222,55.01668222,55.01668222,58.07316456555556,1.0,1.0,3.0,9.0,S0_baseline
177973.0,36.6505083,36.6505083,146.6020332,348.17982885,36.6505083,36.6505083,36.6505083,38.68664765,1.0,1.0,4.0,9.0,S0_baseline
178053.0,0.0,0.0,159.15283872,424.40756992,0.0,0.0,53.05094624,53.05094624,0.0,0.0,3.0,8.0,S0_baseline
178058.0,0.0,0.0,104.28610868,417.14443472,0.0,0.0,52.14305434,52.14305434,0.0,0.0,2.0,8.0,S0_baseline
178065.0,0.0,0.0,88.39367062,353.57468248,0.0,0.0,44.19683531,44.19683531,0.0,0.0,2.0,8.0,S0_baseline
178145.0,0.0,48.68679172,97.37358344,462.52452134,0.0,48.68679172,48.68679172,51.39161348222223,0.0,1.0,2.0,9.0,S0_baseline
178150.0,0.0,63.70080796,127.40161592,605.15767562,0.0,63.70080796,63.70080796,67.23974173555555,0.0,1.0,2.0,9.0,S0_baseline
178179.0,0.0,187.8233102,563.4699306,1502.5864816,0.0,187.8233102,187.8233102,187.8233102,0.0,1.0,3.0,8.0,S0_baseline
178266.0,0.0,25.28678337,75.86035011,202.29426696,0.0,25.28678337,25.28678337,25.28678337,0.0,1.0,3.0,8.0,S0_baseline
178374.0,0.0,110.1453762,220.2907524,1046.3810739,0.0,110.1453762,110.1453762,116.26456376666668,0.0,1.0,2.0,9.0,S0_baseline
178378.0,0.0,216.6146807,433.2293614,2057.83946665,0.0,216.6146807,216.6146807,228.64882962777776,0.0,1.0,2.0,9.0,S0_baseline
178379.0,0.0,93.26145633,186.52291266,885.983835135,0.0,93.26145633,93.26145633,98.44264834833334,0.0,1.0,2.0,9.0,S0_baseline
178381.0,0.0,35.6243324,142.4973296,391.8676564,0.0,35.6243324,35.6243324,43.54085071111111,0.0,1.0,4.0,9.0,S0_baseline
178390.0,0.0,31.83162672,95.49488016,286.48464048,0.0,31.83162672,31.83162672,31.83162672,0.0,1.0,3.0,9.0,S0_baseline
178391.0,0.0,56.59697894,56.59697894,311.28338417,0.0,28.29848947,28.29848947,31.128338417,0.0,2.0,2.0,10.0,S0_baseline
178393.0,0.0,23.56892616,70.70677848,235.6892616,0.0,23.56892616,23.56892616,26.18769573333333,0.0,1.0,3.0,9.0,S0_baseline
178394.0,0.0,48.82889823,244.14449115,537.11788053,0.0,48.82889823,48.82889823,53.711788053,0.0,1.0,5.0,10.0,S0_baseline
178396.0,0.0,19.5602701,78.2410804,215.1629711,0.0,19.5602701,19.5602701,21.51629711,0.0,1.0,4.0,10.0,S0_baseline
178490.0,0.0,178.04621296,178.04621296,845.71951156,0.0,89.02310648,89.02310648,93.96883461777776,0.0,2.0,2.0,9.0,S0_baseline
178582.0,0.0,0.0,281.2052,1335.7247,0.0,0.0,140.6026,148.41385555555556,0.0,0.0,2.0,9.0,S0_baseline
178583.0,0.0,0.0,259.7884926,1233.99533985,0.0,0.0,129.8942463,137.11059331666667,0.0,0.0,2.0,9.0,S0_baseline
178597.0,0.0,0.0,230.87964021,731.1188606649999,0.0,0.0,76.95988007,81.23542896277777,0.0,0.0,3.0,9.0,S0_baseline
178631.0,0.0,0.0,110.4422703,176.70763248,0.0,0.0,22.08845406,22.08845406,0.0,0.0,5.0,8.0,S0_baseline
178646.0,0.0,19.43519644,97.1759822,184.63436618,0.0,19.43519644,19.43519644,20.514929575555552,0.0,1.0,5.0,9.0,S0_baseline
178662.0,0.0,0.0,178.34955166,802.57298247,0.0,0.0,89.17477583,89.17477583,0.0,0.0,2.0,9.0,S0_baseline
178701.0,0.0,59.81369459,388.789014835,598.1369459,0.0,59.81369459,64.79816913916666,59.81369459,0.0,1.0,6.0,10.0,S0_baseline
178721.0,0.0,0.0,70.04675658000001,186.79135088,0.0,0.0,23.34891886,23.34891886,0.0,0.0,3.0,8.0,S0_baseline
178729.0,0.0,0.0,278.19098545,377.544908825,0.0,0.0,46.36516424166666,41.94943431388889,0.0,0.0,6.0,9.0,S0_baseline
178730.0,0.0,0.0,51.94026016,246.71623576,0.0,0.0,25.97013008,27.41291508444445,0.0,0.0,2.0,9.0,S0_baseline
178734.0,0.0,44.8337261,44.8337261,235.377062025,0.0,22.41686305,22.41686305,26.153006891666664,0.0,2.0,2.0,9.0,S0_baseline
178737.0,0.0,30.79966501,123.19866004,323.396482605,0.0,30.79966501,30.79966501,32.3396482605,0.0,1.0,4.0,10.0,S0_baseline
178748.0,0.0,30.52851857,183.17111142,290.020926415,0.0,30.52851857,36.634222284,32.22454737944444,0.0,1.0,5.0,9.0,S0_baseline
178826.0,0.0,210.8015118,210.8015118,667.5381207,0.0,105.4007559,70.2671706,74.17090230000001,0.0,2.0,3.0,9.0,S0_baseline
178832.0,0.0,200.72322308,150.54241731,476.717654815,0.0,66.90774102666667,50.18080577,52.96862831277778,0.0,3.0,3.0,9.0,S0_baseline
178847.0,0.0,0.0,36.45132531,69.257518089,0.0,0.0,9.1128313275,7.695279787666667,0.0,0.0,4.0,9.0,S0_baseline
178918.0,0.0,33.79213596,67.58427192,405.50563152000007,0.0,33.79213596,33.79213596,40.55056315200001,0.0,1.0,2.0,10.0,S0_baseline
178923.0,0.0,36.43777533,72.87555066,364.3777533,0.0,36.43777533,36.43777533,40.48641703333333,0.0,1.0,2.0,9.0,S0_baseline
178926.0,0.0,0.0,37.06906946,148.27627784,0.0,0.0,18.53453473,18.53453473,0.0,0.0,2.0,8.0,S0_baseline
178928.0,0.0,14.74431856,29.48863712,147.4431856,0.0,14.74431856,14.74431856,16.38257617777778,0.0,1.0,2.0,9.0,S0_baseline
178930.0,0.0,0.0,41.90960582,188.59322619,0.0,0.0,20.95480291,23.574153273750003,0.0,0.0,2.0,8.0,S0_baseline
178988.0,0.0,89.05842705,178.1168541,846.0550569750001,0.0,89.05842705,89.05842705,94.00611744166667,0.0,1.0,2.0,9.0,S0_baseline
178994.0,0.0,0.0,112.39477372,266.937587585,0.0,0.0,28.09869343,29.65973195388889,0.0,0.0,4.0,9.0,S0_baseline
179050.0,0.0,0.0,119.7898499,539.0543245499999,0.0,0.0,59.89492495,59.89492494999999,0.0,0.0,2.0,9.0,S0_baseline
179131.0,0.0,0.0,177.12183822,797.04827199,0.0,0.0,88.56091911,88.56091911,0.0,0.0,2.0,9.0,S0_baseline
179174.0,0.0,34.77024862,69.54049724,312.93223758,0.0,34.77024862,34.77024862,34.77024862,0.0,1.0,2.0,9.0,S0_baseline
179222.0,0.0,64.5934605,129.186921,516.747684,0.0,64.5934605,64.5934605,64.5934605,0.0,1.0,2.0,8.0,S0_baseline
179260.0,98.37022532,98.37022532,196.74045064,467.25857027,49.18511266,98.37022532,49.18511266,51.91761891888889,2.0,1.0,4.0,9.0,S0_baseline
179336.0,0.0,0.0,167.65278596,754.43753682,0.0,0.0,83.82639298,83.82639298,0.0,0.0,2.0,9.0,S0_baseline
179345.0,0.0,0.0,72.7840548,145.5681096,0.0,0.0,18.1960137,18.1960137,0.0,0.0,4.0,8.0,S0_baseline
179351.0,0.0,45.59066728,136.77200184,250.74867004,0.0,45.59066728,27.354400368,22.79533364,0.0,1.0,5.0,11.0,S0_baseline
179404.0,0.0,65.36598999,130.73197998,620.9769049050001,0.0,65.36598999,65.36598999,68.99743387833334,0.0,1.0,2.0,9.0,S0_baseline
179405.0,0.0,0.0,60.46250194,287.196884215,0.0,0.0,30.23125097,31.91076491277778,0.0,0.0,2.0,9.0,S0_baseline
179431.0,0.0,253.5981884,633.995471,1394.7900362,0.0,126.7990942,158.49886775,126.7990942,0.0,2.0,4.0,11.0,S0_baseline
179435.0,0.0,114.20535208,114.20535208,571.0267604,0.0,114.20535208,57.10267604,57.10267603999999,0.0,1.0,2.0,10.0,S0_baseline
179502.0,0.0,54.64910761,218.59643044,683.113845125,0.0,54.64910761,54.64910761,56.92615376041667,0.0,1.0,4.0,12.0,S0_baseline
179518.0,0.0,32.19431532,64.38863064,305.84599554,0.0,32.19431532,32.19431532,33.98288839333333,0.0,1.0,2.0,9.0,S0_baseline
179524.0,0.0,0.0,168.3383317,799.607075575,0.0,0.0,84.16916585,88.84523061944444,0.0,0.0,2.0,9.0,S0_baseline
179527.0,117.21748524,351.65245572000003,351.65245572000003,732.60928275,58.60874262,58.60874262000001,58.60874262000001,61.050773562500005,2.0,6.0,6.0,12.0,S0_baseline
179554.0,0.0,93.46212186,186.92424372,887.89015767,0.0,93.46212186,93.46212186,98.65446196333332,0.0,1.0,2.0,9.0,S0_baseline
179579.0,0.0,0.0,100.58716755,318.526030575,0.0,0.0,33.52905585,35.391781175,0.0,0.0,3.0,9.0,S0_baseline
179598.0,0.0,0.0,269.65201935,431.44323096,0.0,0.0,53.93040387,53.93040387,0.0,0.0,5.0,8.0,S0_baseline
179614.0,0.0,0.0,123.0619775,246.123955,0.0,0.0,24.6123955,24.6123955,0.0,0.0,5.0,10.0,S0_baseline
179684.0,0.0,0.0,181.98046743,545.94140229,0.0,0.0,90.990233715,60.660155810000006,0.0,0.0,2.0,9.0,S0_baseline
179697.0,0.0,0.0,77.69735457,207.19294552,0.0,0.0,25.89911819,25.89911819,0.0,0.0,3.0,8.0,S0_baseline
179709.0,0.0,59.84301256,179.52903768,299.2150628,0.0,29.92150628,29.92150628,33.24611808888889,0.0,2.0,6.0,9.0,S0_baseline
179716.0,0.0,0.0,277.45787024,554.91574048,0.0,0.0,69.36446756,69.36446756,0.0,0.0,4.0,8.0,S0_baseline
179728.0,113.39248026,0.0,113.39248026,188.9874671,18.89874671,0.0,18.89874671,18.89874671,6.0,0.0,6.0,10.0,S0_baseline
179738.0,0.0,117.28673378,117.28673378,469.14693512,0.0,58.64336689,58.64336689,58.64336689,0.0,2.0,2.0,8.0,S0_baseline
179740.0,0.0,0.0,324.37422567,530.79418746,0.0,0.0,64.874845134,58.97713194,0.0,0.0,5.0,9.0,S0_baseline
179760.0,0.0,295.8295685,1774.9774109999998,3254.1252535,0.0,295.8295685,295.8295685,325.41252535,0.0,1.0,6.0,10.0,S0_baseline
179762.0,187.3528605,187.3528605,1124.117163,2435.5871865,187.3528605,187.3528605,187.3528605,243.55871865,1.0,1.0,6.0,10.0,S0_baseline
179763.0,0.0,175.4934918,1052.9609508,1930.4284098,0.0,175.4934918,175.4934918,193.04284098,0.0,1.0,6.0,10.0,S0_baseline
179766.0,0.0,291.4106166,2039.8743162,3788.3380158,0.0,291.4106166,339.9790527,378.83380158000006,0.0,1.0,6.0,10.0,S0_baseline
179770.0,293.5158208,293.5158208,2054.6107456,4109.2214912,293.5158208,293.5158208,342.43512426666666,410.92214912,1.0,1.0,6.0,10.0,S0_baseline
179772.0,0.0,163.2558741,979.5352446,1632.558741,0.0,163.2558741,163.2558741,181.39541566666668,0.0,1.0,6.0,9.0,S0_baseline
179785.0,0.0,0.0,1080.980445,1621.4706675,0.0,0.0,180.16340750000003,180.1634075,0.0,0.0,6.0,9.0,S0_baseline
179820.0,357.6094297,357.6094297,2145.6565782,3576.094297,357.6094297,357.6094297,357.6094297,357.6094297,1.0,1.0,6.0,10.0,S0_baseline
179821.0,320.026564,320.026564,1920.159384,3200.26564,320.026564,320.026564,320.026564,320.026564,1.0,1.0,6.0,10.0,S0_baseline
179833.0,150.9161142,150.9161142,1056.4127994,1509.1611420000002,150.9161142,150.9161142,150.9161142,150.9161142,1.0,1.0,7.0,10.0,S0_baseline
179841.0,134.0637974,268.1275948,938.4465818,1742.8293662,134.0637974,134.0637974,156.40776363333333,193.64770735555555,1.0,2.0,6.0,9.0,S0_baseline
179852.0,0.0,385.8139372,964.534843,2121.9766546,0.0,192.9069686,241.13371075,265.247081825,0.0,2.0,4.0,8.0,S0_baseline
179855.0,197.5584489,395.1168978,790.2337956,1580.4675912,197.5584489,197.5584489,197.5584489,197.5584489,1.0,2.0,4.0,8.0,S0_baseline
179883.0,0.0,124.2168406,621.084203,1366.3852466,0.0,124.2168406,155.27105075,170.798155825,0.0,1.0,4.0,8.0,S0_baseline
179898.0,226.319323,452.638646,1810.554584,2489.512553,226.319323,226.319323,226.319323,226.319323,1.0,2.0,8.0,11.0,S0_baseline
179899.0,88.52549217,177.05098434,708.20393736,973.78041387,88.52549217,88.52549217,88.52549217,88.52549217,1.0,2.0,8.0,11.0,S0_baseline
179904.0,93.16752747,186.33505494,465.83763735,931.6752747,93.16752747,93.16752747,93.16752747,93.16752747,1.0,2.0,5.0,10.0,S0_baseline
179908.0,79.49321525,158.9864305,635.945722,874.4253677500001,79.49321525,79.49321525,79.49321525,79.49321525,1.0,2.0,8.0,11.0,S0_baseline
179912.0,132.66784858,132.66784858,530.67139432,729.67316719,66.33392429,66.33392429,66.33392429,66.33392429,2.0,2.0,8.0,11.0,S0_baseline
179913.0,161.02023976,161.02023976,644.08095904,885.6113186800001,80.51011988,80.51011988,80.51011988,80.51011988,2.0,2.0,8.0,11.0,S0_baseline
179925.0,202.218328,101.109164,808.873312,1112.200804,101.109164,101.109164,101.109164,101.109164,2.0,1.0,8.0,11.0,S0_baseline
179928.0,262.4725584,131.2362792,918.6539544,1574.8353504000002,131.2362792,131.2362792,131.2362792,131.2362792,2.0,1.0,7.0,12.0,S0_baseline
179931.0,243.6405454,243.6405454,730.9216362,1461.8432724,121.8202727,121.8202727,121.8202727,121.8202727,2.0,2.0,6.0,12.0,S0_baseline
179934.0,205.870007,102.9350035,720.5450245,1235.220042,102.9350035,102.9350035,102.9350035,102.9350035,2.0,1.0,7.0,12.0,S0_baseline
179953.0,198.32584026,99.16292013,793.30336104,1189.9550415600002,99.16292013,99.16292013,99.16292013,99.16292013000002,2.0,1.0,8.0,12.0,S0_baseline
179956.0,147.60878984,73.80439492,590.43515936,885.6527390399999,73.80439492,73.80439492,73.80439492,73.80439492,2.0,1.0,8.0,12.0,S0_baseline
179964.0,212.6923146,106.3461573,850.7692584,1276.1538876,106.3461573,106.3461573,106.3461573,106.3461573,2.0,1.0,8.0,12.0,S0_baseline
179969.0,180.71420896,90.35710448,722.85683584,993.92814928,90.35710448,90.35710448,90.35710448,90.35710448,2.0,1.0,8.0,11.0,S0_baseline
179991.0,247.4340519,247.4340519,1979.4724152,2969.2086228,247.4340519,247.4340519,247.4340519,247.4340519,1.0,1.0,8.0,12.0,S0_baseline
179995.0,599.0820242,299.5410121,2396.3280968,3294.9511331,299.5410121,299.5410121,299.5410121,299.5410121,2.0,1.0,8.0,11.0,S0_baseline
180006.0,0.0,194.8640958,1558.9127664,2338.3691496,0.0,194.8640958,194.8640958,194.8640958,0.0,1.0,8.0,12.0,S0_baseline
180008.0,145.03606344,72.51803172,507.62622204,870.2163806399999,72.51803172,72.51803172,72.51803172,72.51803172,2.0,1.0,7.0,12.0,S0_baseline
180015.0,678.5612038,339.2806019,2714.2448152,4071.367222800001,339.2806019,339.2806019,339.2806019,339.2806019,2.0,1.0,8.0,12.0,S0_baseline
180016.0,803.600892,401.800446,3214.403568,4821.6053520000005,401.800446,401.800446,401.800446,401.800446,2.0,1.0,8.0,12.0,S0_baseline
180023.0,227.7349188,113.8674594,797.0722158,1366.4095128,113.8674594,113.8674594,113.8674594,113.8674594,2.0,1.0,7.0,12.0,S0_baseline
180030.0,363.491585,181.7457925,1272.2205475,2180.94951,181.7457925,181.7457925,181.7457925,181.7457925,2.0,1.0,7.0,12.0,S0_baseline
180034.0,183.37393722,91.68696861,641.8087802699999,1100.24362332,91.68696861,91.68696861,91.68696861,91.68696861,2.0,1.0,7.0,12.0,S0_baseline
180049.0,1060.465159,530.2325795,3711.6280565,6362.790954,530.2325795,530.2325795,530.2325795,530.2325795,2.0,1.0,7.0,12.0,S0_baseline
180094.0,477.4002582,238.7001291,1670.9009037,2864.4015492,238.7001291,238.7001291,238.7001291,238.7001291,2.0,1.0,7.0,12.0,S0_baseline
180109.0,225.4717062,112.7358531,789.1509717,1352.8302372,112.7358531,112.7358531,112.7358531,112.7358531,2.0,1.0,7.0,12.0,S0_baseline
180110.0,3802.424248,1901.212124,13308.484868,24715.757612,1901.212124,1901.212124,1901.212124,1901.212124,2.0,1.0,7.0,13.0,S0_baseline
180122.0,359.843283,179.9216415,1259.4514905,2338.9813395,179.9216415,179.9216415,179.9216415,179.92164150000002,2.0,1.0,7.0,13.0,S0_baseline
180131.0,499.9013722,249.9506861,1749.6548027,3249.3589193000003,249.9506861,249.9506861,249.9506861,249.9506861,2.0,1.0,7.0,13.0,S0_baseline
180138.0,0.0,0.0,626.2468584,1252.4937168,0.0,0.0,156.5617146,156.5617146,0.0,0.0,4.0,8.0,S0_baseline
180148.0,400.7712742,0.0,1402.6994597,2204.2420081,200.3856371,0.0,200.3856371,200.3856371,2.0,0.0,7.0,11.0,S0_baseline
180160.0,391.2119368,195.6059684,1369.2417788,2542.8775892,195.6059684,195.6059684,195.6059684,195.6059684,2.0,1.0,7.0,13.0,S0_baseline
180165.0,321.314391,160.6571955,1285.257564,2088.5435415,160.6571955,160.6571955,160.6571955,160.6571955,2.0,1.0,8.0,13.0,S0_baseline
180167.0,314.7934526,157.3967263,1101.7770841,2046.1574419,157.3967263,157.3967263,157.3967263,157.3967263,2.0,1.0,7.0,13.0,S0_baseline
180168.0,271.5192358,135.7596179,950.3173253,1764.8750327,135.7596179,135.7596179,135.7596179,135.7596179,2.0,1.0,7.0,13.0,S0_baseline
180175.0,384.0315172,192.0157586,1536.1260688,2496.2048618,192.0157586,192.0157586,192.0157586,192.0157586,2.0,1.0,8.0,13.0,S0_baseline
180195.0,958.359107,479.1795535,3354.2568745,6229.3341955,479.1795535,479.1795535,479.1795535,479.1795535,2.0,1.0,7.0,13.0,S0_baseline
180205.0,0.0,0.0,523.0168005,1150.6369611,0.0,0.0,104.6033601,104.6033601,0.0,0.0,5.0,11.0,S0_baseline
180215.0,233.5655485,0.0,1167.8277425,2102.0899365,233.5655485,0.0,233.56554850000003,233.5655485,1.0,0.0,5.0,9.0,S0_baseline
180228.0,343.0715814,171.5357907,1372.2863256,2229.9652791,171.5357907,171.5357907,171.5357907,171.53579069999998,2.0,1.0,8.0,13.0,S0_baseline
180232.0,0.0,0.0,244.63247592,652.35326912,0.0,0.0,81.54415864,81.54415864,0.0,0.0,3.0,8.0,S0_baseline
180260.0,0.0,133.4012901,400.20387030000006,1067.2103208,0.0,133.4012901,133.4012901,133.4012901,0.0,1.0,3.0,8.0,S0_baseline
180277.0,0.0,0.0,235.70839335,628.5557156,0.0,0.0,78.56946445,78.56946445,0.0,0.0,3.0,8.0,S0_baseline
180320.0,146.58246668,73.29123334,586.32986672,732.9123334000001,73.29123334,73.29123334,73.29123334,73.29123334,2.0,1.0,8.0,10.0,S0_baseline
180346.0,0.0,363.058819,726.117638,1452.235276,0.0,181.5294095,181.5294095,181.5294095,0.0,2.0,4.0,8.0,S0_baseline
180360.0,0.0,87.28326952,349.13307808,698.26615616,0.0,87.28326952,87.28326952,87.28326952,0.0,1.0,4.0,8.0,S0_baseline
180372.0,0.0,0.0,403.29403596,604.94105394,0.0,0.0,67.21567266,67.21567266,0.0,0.0,6.0,9.0,S0_baseline
180398.0,0.0,21.98399925,197.85599325,219.8399925,0.0,21.98399925,28.265141892857145,27.4799990625,0.0,1.0,7.0,8.0,S0_baseline
180405.0,0.0,196.5260381,1179.1562285999998,2947.8905715,0.0,196.5260381,294.78905715,327.54339683333336,0.0,1.0,4.0,9.0,S0_baseline
180413.0,0.0,136.5886108,546.3544432,1229.2974972,0.0,136.5886108,136.5886108,136.5886108,0.0,1.0,4.0,9.0,S0_baseline
180459.0,0.0,89.11910374,222.79775935,445.5955187,0.0,44.55955187,55.6994398375,63.656502671428576,0.0,2.0,4.0,7.0,S0_baseline
180464.0,0.0,32.19181838,128.76727352,225.34272866,0.0,32.19181838,32.19181838,32.19181838,0.0,1.0,4.0,7.0,S0_baseline
180465.0,0.0,54.92046258,109.84092516,192.22161903,0.0,27.46023129,27.46023129,27.46023129,0.0,2.0,4.0,7.0,S0_baseline
180472.0,0.0,67.31984698,134.63969396,235.61946443,0.0,33.65992349,33.65992349,33.65992349,0.0,2.0,4.0,7.0,S0_baseline
180473.0,0.0,97.70474762,195.40949524,341.96661667,0.0,48.85237381,48.85237381,48.85237381,0.0,2.0,4.0,7.0,S0_baseline
180508.0,0.0,138.22551402,414.67654206,691.1275701,0.0,69.11275701,69.11275701,69.11275701,0.0,2.0,6.0,10.0,S0_baseline
180509.0,0.0,125.87155602,440.55044607,629.3577801,0.0,62.93577801,62.93577801,62.93577801,0.0,2.0,7.0,10.0,S0_baseline
180510.0,0.0,73.66516143,515.65613001,810.31677573,0.0,73.66516143,73.66516143,81.031677573,0.0,1.0,7.0,10.0,S0_baseline
180555.0,0.0,47.56446717,190.25786868,475.6446717,0.0,47.56446717,47.56446717,47.56446717,0.0,1.0,4.0,10.0,S0_baseline
180592.0,0.0,38.44991588,153.79966352,269.14941116,0.0,38.44991588,38.44991588,38.44991588,0.0,1.0,4.0,7.0,S0_baseline
180593.0,0.0,50.37816856,302.26901136,554.15985416,0.0,50.37816856,60.453802272,79.16569345142857,0.0,1.0,5.0,7.0,S0_baseline
180594.0,46.14353637,46.14353637,369.14829096,599.86597281,46.14353637,46.14353637,61.52471516,85.69513897285715,1.0,1.0,6.0,7.0,S0_baseline
180595.0,0.0,16.56893127,99.41358762,215.39610651,0.0,16.56893127,24.853396905,30.77087235857143,0.0,1.0,4.0,7.0,S0_baseline
180598.0,0.0,65.44881845,327.24409225,654.4881845,0.0,65.44881845,81.8110230625,93.49831207142856,0.0,1.0,4.0,7.0,S0_baseline
180600.0,72.28389604,36.14194802,216.85168812,361.4194802,36.14194802,36.14194802,43.370337624,51.63135431428572,2.0,1.0,5.0,7.0,S0_baseline
180602.0,0.0,33.32393235,166.61966175,233.26752645,0.0,33.32393235,33.32393235,33.32393235,0.0,1.0,5.0,7.0,S0_baseline
180603.0,0.0,62.42996856,312.1498428,749.15962272,0.0,62.42996856,78.0374607,107.02280324571429,0.0,1.0,4.0,7.0,S0_baseline
180608.0,0.0,49.5229683,297.1378098,594.2756196,0.0,49.5229683,59.427561960000006,84.8965170857143,0.0,1.0,5.0,7.0,S0_baseline
180630.0,0.0,0.0,93.83481045,131.36873463,0.0,0.0,18.76696209,18.76696209,0.0,0.0,5.0,7.0,S0_baseline
180639.0,0.0,0.0,200.5337081,320.85393296,0.0,0.0,40.10674162,40.10674162,0.0,0.0,5.0,8.0,S0_baseline
180655.0,0.0,49.80530912,199.22123648,348.63716384,0.0,49.80530912,49.80530912,49.80530912,0.0,1.0,4.0,7.0,S0_baseline
180664.0,0.0,119.8322044,599.161022,958.6576352,0.0,119.8322044,119.8322044,119.8322044,0.0,1.0,5.0,8.0,S0_baseline
180667.0,0.0,199.69753158,266.26337544,465.96090702,0.0,99.84876579,66.56584386,66.56584386,0.0,2.0,4.0,7.0,S0_baseline
180670.0,0.0,181.01649972,301.6941662,422.37183268,0.0,90.50824986,60.33883324,60.33883324,0.0,2.0,5.0,7.0,S0_baseline
180689.0,0.0,100.50732306,167.5122051,301.52196918,0.0,33.50244102,33.50244102,33.50244102,0.0,3.0,5.0,9.0,S0_baseline
180707.0,0.0,0.0,200.41255212,400.82510424,0.0,0.0,50.10313803,50.10313803,0.0,0.0,4.0,8.0,S0_baseline
180716.0,0.0,0.0,136.09036131,362.90763016,0.0,0.0,45.36345377,45.36345377,0.0,0.0,3.0,8.0,S0_baseline
180718.0,0.0,0.0,77.59340363999999,206.91574304,0.0,0.0,25.86446788,25.86446788,0.0,0.0,3.0,8.0,S0_baseline
180719.0,0.0,0.0,136.71049587,364.56132232,0.0,0.0,45.57016529,45.57016529,0.0,0.0,3.0,8.0,S0_baseline
180864.0,0.0,58.48155996,175.44467988,467.85247968,0.0,29.24077998,43.86116997,46.785247968,0.0,2.0,4.0,10.0,S0_baseline
180903.0,0.0,187.193189,233.99148625,467.9829725,0.0,46.79829725,46.79829725,46.79829725,0.0,4.0,5.0,10.0,S0_baseline
180910.0,0.0,50.21663608,100.43327216,251.0831804,0.0,25.10831804,25.10831804,25.10831804,0.0,2.0,4.0,10.0,S0_baseline
180914.0,0.0,76.24078444,152.48156888,343.08352998,0.0,38.12039222,38.12039222,38.12039222,0.0,2.0,4.0,9.0,S0_baseline
180955.0,0.0,13.48142333,53.92569332,121.33280997,0.0,13.48142333,13.48142333,13.48142333,0.0,1.0,4.0,9.0,S0_baseline
180983.0,0.0,253.58076868,316.97596085,633.9519217,0.0,63.39519217,63.39519217,63.39519217,0.0,4.0,5.0,10.0,S0_baseline
181026.0,0.0,62.67692832,104.46154719999998,208.9230944,0.0,20.89230944,20.89230944,20.89230944,0.0,3.0,5.0,10.0,S0_baseline
181138.0,0.0,14.0094001,56.0376004,140.094001,0.0,14.0094001,14.0094001,14.0094001,0.0,1.0,4.0,10.0,S0_baseline
181179.0,0.0,249.97441182,416.6240197,833.2480393999999,0.0,83.32480394,83.32480394,83.32480394,0.0,3.0,5.0,10.0,S0_baseline
181185.0,0.0,22.51850388,90.07401552,225.1850388,0.0,22.51850388,22.51850388,22.51850388,0.0,1.0,4.0,10.0,S0_baseline
181210.0,0.0,69.99186345,93.3224846,209.97559035,0.0,23.33062115,23.33062115,23.33062115,0.0,3.0,4.0,9.0,S0_baseline
181217.0,0.0,277.12222869,461.87038115,923.7407623,0.0,92.37407623,92.37407623,92.37407623,0.0,3.0,5.0,10.0,S0_baseline
181222.0,0.0,0.0,69.36231204,184.96616544,0.0,0.0,23.120770680000003,23.12077068,0.0,0.0,3.0,8.0,S0_baseline
181243.0,0.0,98.17505256,122.7188157,245.4376314,0.0,24.54376314,24.54376314,24.54376314,0.0,4.0,5.0,10.0,S0_baseline
181258.0,0.0,31.9719115,95.9157345,319.719115,0.0,31.9719115,31.9719115,31.9719115,0.0,1.0,3.0,10.0,S0_baseline
181283.0,0.0,60.88539681,81.18052908,202.9513227,0.0,20.29513227,20.29513227,20.29513227,0.0,3.0,4.0,10.0,S0_baseline
181288.0,0.0,463.143598,463.143598,1621.002593,0.0,115.7858995,115.7858995,135.08354941666667,0.0,4.0,4.0,12.0,S0_baseline
181290.0,0.0,102.8869761,102.8869761,342.956587,0.0,34.2956587,34.2956587,34.2956587,0.0,3.0,3.0,10.0,S0_baseline
181333.0,0.0,116.5091308,349.5273924,1165.091308,0.0,116.5091308,116.5091308,116.5091308,0.0,1.0,3.0,10.0,S0_baseline
181351.0,0.0,0.0,55.93829946,167.81489838,0.0,0.0,18.64609982,18.64609982,0.0,0.0,3.0,9.0,S0_baseline
181356.0,0.0,0.0,242.88703809000003,809.6234603,0.0,0.0,80.96234603,80.96234603,0.0,0.0,3.0,10.0,S0_baseline
181357.0,0.0,0.0,195.8290953,652.7636510000001,0.0,0.0,65.2763651,65.2763651,0.0,0.0,3.0,10.0,S0_baseline
181379.0,0.0,0.0,98.65141452,328.83804840000005,0.0,0.0,32.88380484,32.88380484,0.0,0.0,3.0,10.0,S0_baseline
181393.0,0.0,0.0,64.96122438,216.5374146,0.0,0.0,21.653741460000003,21.65374146,0.0,0.0,3.0,10.0,S0_baseline
181395.0,0.0,0.0,165.58626468,496.75879404,0.0,0.0,55.19542156,55.19542156,0.0,0.0,3.0,9.0,S0_baseline
181424.0,26.36172246,131.8086123,131.8086123,263.6172246,26.36172246,26.36172246,26.36172246,26.36172246,1.0,5.0,5.0,10.0,S0_baseline
181455.0,0.0,0.0,330.46293848,743.54161158,0.0,0.0,82.61573462,82.61573462,0.0,0.0,4.0,9.0,S0_baseline
181480.0,0.0,0.0,104.2499202,347.499734,0.0,0.0,34.7499734,34.7499734,0.0,0.0,3.0,10.0,S0_baseline
181497.0,0.0,0.0,153.93607956,410.49621216,0.0,0.0,51.31202652,51.31202652,0.0,0.0,3.0,8.0,S0_baseline
181498.0,0.0,2243.5356304,2243.5356304,5608.839076,0.0,560.8839076,560.8839076,560.8839076,0.0,4.0,4.0,10.0,S0_baseline
181509.0,0.0,0.0,484.65661565,872.38190817,0.0,0.0,96.93132313,96.93132313,0.0,0.0,5.0,9.0,S0_baseline
181510.0,0.0,967.9337988,1451.9006982,2903.8013964,0.0,241.9834497,290.38013964000004,263.98194512727275,0.0,4.0,5.0,11.0,S0_baseline
181527.0,0.0,74.51480971,223.54442913,745.1480971,0.0,74.51480971,74.51480971,74.51480971,0.0,1.0,3.0,10.0,S0_baseline
181590.0,0.0,812.1563421000001,1082.8751228,2707.187807,0.0,270.7187807,270.7187807,270.7187807,0.0,3.0,4.0,10.0,S0_baseline
181598.0,0.0,0.0,97.74144,260.64384,0.0,0.0,32.58048,32.58048,0.0,0.0,3.0,8.0,S0_baseline
181699.0,0.0,606.1528497,808.2037996,2020.509499,0.0,202.0509499,202.0509499,202.0509499,0.0,3.0,4.0,10.0,S0_baseline
181714.0,0.0,148.23655215,197.6487362,543.53402455,0.0,49.41218405,49.41218405,49.41218405,0.0,3.0,4.0,11.0,S0_baseline
181718.0,0.0,854.0576878,1281.0865317,4270.288439,0.0,427.0288439,427.0288439,427.0288439,0.0,2.0,3.0,10.0,S0_baseline
181838.0,0.0,82.1402629,123.21039435,410.7013145,0.0,41.07013145,41.07013145,41.07013145,0.0,2.0,3.0,10.0,S0_baseline
181879.0,37.46668141,37.46668141,112.40004423,412.13349551,37.46668141,37.46668141,37.46668141,37.46668141,1.0,1.0,3.0,11.0,S0_baseline
181912.0,0.0,222.4984108,333.7476162,1112.4920539999998,0.0,111.2492054,111.2492054,111.24920539999998,0.0,2.0,3.0,10.0,S0_baseline
182047.0,0.0,1247.3652459,1247.3652459,4157.884153,0.0,415.7884153,415.7884153,415.7884153,0.0,3.0,3.0,10.0,S0_baseline
182147.0,101.3520763,101.3520763,709.4645340999999,810.8166104,101.3520763,101.3520763,101.3520763,101.3520763,1.0,1.0,7.0,8.0,S0_baseline
182191.0,0.0,588.4140084,441.31050629999993,1471.035021,0.0,147.1035021,147.1035021,147.1035021,0.0,4.0,3.0,10.0,S0_baseline
182192.0,0.0,173.3652409,520.0957227,1733.652409,0.0,173.3652409,173.3652409,173.3652409,0.0,1.0,3.0,10.0,S0_baseline
182219.0,0.0,793.9794105,476.3876463,1587.958821,0.0,158.7958821,158.7958821,158.7958821,0.0,5.0,3.0,10.0,S0_baseline
182242.0,0.0,0.0,608.092421,1216.184842,0.0,0.0,121.61848419999998,121.61848419999998,0.0,0.0,5.0,10.0,S0_baseline
182317.0,0.0,189.9989077,569.9967230999999,1899.989077,0.0,189.9989077,189.9989077,189.9989077,0.0,1.0,3.0,10.0,S0_baseline
182335.0,153.5406037,0.0,767.7030185,2303.1090555,153.5406037,0.0,191.925754625,230.31090555,1.0,0.0,4.0,10.0,S0_baseline
182336.0,229.6504635,0.0,1148.2523175,3444.7569525,229.6504635,0.0,287.06307937500003,344.47569525,1.0,0.0,4.0,10.0,S0_baseline
182337.0,0.0,0.0,788.3548639999999,2365.064592,0.0,0.0,197.088716,236.5064592,0.0,0.0,4.0,10.0,S0_baseline
182359.0,0.0,224.6081647,673.8244941,2246.081647,0.0,224.6081647,224.6081647,224.6081647,0.0,1.0,3.0,10.0,S0_baseline
182434.0,0.0,123.6925176,371.0775528,1360.6176936,0.0,123.6925176,123.69251760000002,123.6925176,0.0,1.0,3.0,11.0,S0_baseline
182571.0,143.4124181,143.4124181,860.4745086,2294.5986896,143.4124181,143.4124181,215.11862715,229.45986896,1.0,1.0,4.0,10.0,S0_baseline
182811.0,28.92194012,0.0,173.53164071999998,433.8291018,28.92194012,0.0,43.38291018,43.38291018,1.0,0.0,4.0,10.0,S0_baseline
183037.0,0.0,191.1173666,764.4694664,2484.5257658,0.0,191.1173666,254.82315546666663,248.45257658,0.0,1.0,3.0,10.0,S0_baseline
183083.0,0.0,0.0,721.2281493,2644.5032141,0.0,0.0,240.4093831,264.45032141,0.0,0.0,3.0,10.0,S0_baseline
183086.0,0.0,0.0,430.1801847,1433.933949,0.0,0.0,143.3933949,143.3933949,0.0,0.0,3.0,10.0,S0_baseline
183138.0,0.0,86.86241355,347.4496542,868.6241355,0.0,86.86241355,86.86241355,86.86241355,0.0,1.0,4.0,10.0,S0_baseline
183206.0,0.0,60.27211235,301.36056175,542.44901115,0.0,60.27211235,60.27211235,60.27211235000001,0.0,1.0,5.0,9.0,S0_baseline
183243.0,160.4654955,320.930991,641.861982,1925.585946,160.4654955,160.4654955,213.953994,192.5585946,1.0,2.0,3.0,10.0,S0_baseline
183309.0,0.0,252.3227034,630.8067585,1513.9362204,0.0,126.1613517,157.701689625,151.39362204,0.0,2.0,4.0,10.0,S0_baseline
183369.0,0.0,180.8390755,542.5172265,1989.2298305,0.0,180.8390755,180.8390755,180.8390755,0.0,1.0,3.0,11.0,S0_baseline
183383.0,0.0,280.556495,561.11299,1543.0607225,0.0,140.2782475,140.2782475,140.2782475,0.0,2.0,4.0,11.0,S0_baseline
183419.0,0.0,714.2294024,1428.4588048,3928.2617132,0.0,357.1147012,357.1147012,357.1147012,0.0,2.0,4.0,11.0,S0_baseline
183427.0,0.0,212.8388872,638.5166615999999,2341.2277592,0.0,212.8388872,212.8388872,212.8388872,0.0,1.0,3.0,11.0,S0_baseline
183435.0,0.0,153.8412011,461.5236033,1692.2532121000002,0.0,153.8412011,153.8412011,153.8412011,0.0,1.0,3.0,11.0,S0_baseline
183453.0,0.0,202.9293904,405.8587808,1116.1116472,0.0,101.4646952,101.4646952,101.4646952,0.0,2.0,4.0,11.0,S0_baseline
183461.0,0.0,381.7742427,509.0323236,1399.8388899,0.0,127.2580809,127.2580809,127.2580809,0.0,3.0,4.0,11.0,S0_baseline
183494.0,0.0,550.4534202,825.6801303,3027.4938111,0.0,275.2267101,275.2267101,275.2267101,0.0,2.0,3.0,11.0,S0_baseline
183510.0,0.0,351.0191302,526.5286953,1930.6052161,0.0,175.5095651,175.5095651,175.5095651,0.0,2.0,3.0,11.0,S0_baseline
183536.0,0.0,958.3245548,1437.4868322,5270.7850514,0.0,479.1622774,479.1622774,479.1622774,0.0,2.0,3.0,11.0,S0_baseline
183552.0,0.0,358.524808,717.049616,1971.886444,0.0,179.262404,179.262404,179.262404,0.0,2.0,4.0,11.0,S0_baseline
183554.0,0.0,243.55423779,324.73898372,893.03220523,0.0,81.18474593,81.18474593,81.18474593,0.0,3.0,4.0,11.0,S0_baseline
183585.0,0.0,504.737953,1009.475906,2776.0587415,0.0,252.3689765,252.3689765,252.3689765,0.0,2.0,4.0,11.0,S0_baseline
183599.0,0.0,820.8156362,1231.2234543,4514.485999099999,0.0,410.4078181,410.4078181,410.40781809999993,0.0,2.0,3.0,11.0,S0_baseline
183615.0,0.0,887.9970016,1331.9955024,4883.9835088,0.0,443.9985008,443.9985008,443.9985008,0.0,2.0,3.0,11.0,S0_baseline
183692.0,0.0,143.75617322,287.51234644,790.65895271,0.0,71.87808661,71.87808661,71.87808661,0.0,2.0,4.0,11.0,S0_baseline
183699.0,0.0,243.5427772,487.0855544,1339.4852746,0.0,121.7713886,121.7713886,121.7713886,0.0,2.0,4.0,11.0,S0_baseline
183729.0,0.0,339.5992972,679.1985944,1867.7961346,0.0,169.7996486,169.7996486,169.7996486,0.0,2.0,4.0,11.0,S0_baseline
183745.0,0.0,87.18174409,261.54523227,958.99918499,0.0,87.18174409,87.18174409,87.18174409,0.0,1.0,3.0,11.0,S0_baseline
183755.0,0.0,267.8071282,535.6142564,1472.9392051000002,0.0,133.9035641,133.9035641,133.9035641,0.0,2.0,4.0,11.0,S0_baseline
183770.0,0.0,116.53992286,233.07984572,640.96957573,0.0,58.26996143,58.26996143,58.26996143,0.0,2.0,4.0,11.0,S0_baseline
183771.0,0.0,261.9693772,523.9387544,1440.8315746,0.0,130.9846886,130.9846886,130.9846886,0.0,2.0,4.0,11.0,S0_baseline
183782.0,0.0,226.1902014,452.3804028,1244.0461077,0.0,113.0951007,113.0951007,113.0951007,0.0,2.0,4.0,11.0,S0_baseline
183800.0,0.0,280.2134476,560.4268952,1541.1739618,0.0,140.1067238,140.1067238,140.1067238,0.0,2.0,4.0,11.0,S0_baseline
183828.0,0.0,217.569896,435.139792,1196.634428,0.0,108.784948,108.784948,108.784948,0.0,2.0,4.0,11.0,S0_baseline
183831.0,0.0,162.4167121,649.6668484,1786.5838331000002,0.0,162.4167121,162.4167121,162.4167121,0.0,1.0,4.0,11.0,S0_baseline
183832.0,0.0,550.6532973,1651.9598919,6057.1862703,0.0,550.6532973,550.6532973,550.6532973,0.0,1.0,3.0,11.0,S0_baseline
183841.0,0.0,64.39184786,193.17554358,708.3103264599999,0.0,64.39184786,64.39184786,64.39184786,0.0,1.0,3.0,11.0,S0_baseline
183862.0,0.0,353.2475296,706.4950592,1766.237648,0.0,176.6237648,176.6237648,176.6237648,0.0,2.0,4.0,10.0,S0_baseline
183878.0,0.0,559.2183044,1118.4366088,2796.091522,0.0,279.6091522,279.6091522,279.6091522,0.0,2.0,4.0,10.0,S0_baseline
183881.0,0.0,231.4575368,462.9150736,1273.0164524000002,0.0,115.7287684,115.7287684,115.72876840000002,0.0,2.0,4.0,11.0,S0_baseline
183916.0,0.0,295.715959,591.431918,1626.4377745,0.0,147.8579795,147.8579795,147.8579795,0.0,2.0,4.0,11.0,S0_baseline
183919.0,0.0,323.9600542,647.9201084,1781.7802981,0.0,161.9800271,161.9800271,161.9800271,0.0,2.0,4.0,11.0,S0_baseline
183946.0,0.0,183.78021518,275.67032277,1010.79118349,0.0,91.89010759,91.89010759,91.89010759,0.0,2.0,3.0,11.0,S0_baseline
183955.0,0.0,388.8365556,777.6731112,2138.6010558,0.0,194.4182778,194.4182778,194.4182778,0.0,2.0,4.0,11.0,S0_baseline
183983.0,0.0,122.8994517,184.34917755,675.94698435,0.0,61.44972585,61.44972585,61.44972585,0.0,2.0,3.0,11.0,S0_baseline
184073.0,0.0,201.8778128,403.7556256,1110.3279704,0.0,100.9389064,100.9389064,100.9389064,0.0,2.0,4.0,11.0,S0_baseline
184094.0,0.0,237.3540532,474.7081064,1305.4472926,0.0,118.6770266,118.6770266,118.6770266,0.0,2.0,4.0,11.0,S0_baseline
184150.0,0.0,246.1793514,492.3587028,1353.9864327,0.0,123.0896757,123.0896757,123.0896757,0.0,2.0,4.0,11.0,S0_baseline
184208.0,0.0,973.6403494,1947.2806988,5355.0219217,0.0,486.8201747,486.8201747,486.82017470000005,0.0,2.0,4.0,11.0,S0_baseline
184274.0,0.0,113.0791454,339.2374362,1243.8705994,0.0,113.0791454,113.0791454,113.0791454,0.0,1.0,3.0,11.0,S0_baseline
184360.0,0.0,108.372118,433.488472,1192.093298,0.0,108.372118,108.372118,108.372118,0.0,1.0,4.0,11.0,S0_baseline
184375.0,0.0,234.5407508,469.0815016,1289.9741294,0.0,117.2703754,117.2703754,117.2703754,0.0,2.0,4.0,11.0,S0_baseline
184446.0,0.0,418.3098844,627.4648265999999,2300.7043642,0.0,209.1549422,209.1549422,209.1549422,0.0,2.0,3.0,11.0,S0_baseline
184510.0,0.0,309.2251838,618.4503676,1700.7385109000002,0.0,154.6125919,154.6125919,154.6125919,0.0,2.0,4.0,11.0,S0_baseline
184515.0,0.0,227.1941716,454.3883432,1249.5679438,0.0,113.5970858,113.5970858,113.5970858,0.0,2.0,4.0,11.0,S0_baseline
184517.0,0.0,290.659016,581.318032,1598.624588,0.0,145.329508,145.329508,145.329508,0.0,2.0,4.0,11.0,S0_baseline
184527.0,0.0,292.3082524,584.6165048,1607.6953882,0.0,146.1541262,146.1541262,146.1541262,0.0,2.0,4.0,11.0,S0_baseline
184557.0,0.0,308.2949772,462.4424658,1695.6223746,0.0,154.1474886,154.1474886,154.1474886,0.0,2.0,3.0,11.0,S0_baseline
184583.0,0.0,261.4592074,522.9184148,1438.0256407000002,0.0,130.7296037,130.7296037,130.7296037,0.0,2.0,4.0,11.0,S0_baseline
184619.0,0.0,221.4702256,442.9404512,1218.0862408,0.0,110.7351128,110.7351128,110.7351128,0.0,2.0,4.0,11.0,S0_baseline
184629.0,0.0,569.9791456,1139.9582912,3134.8853008,0.0,284.9895728,284.9895728,284.9895728,0.0,2.0,4.0,11.0,S0_baseline
184644.0,0.0,183.1476545,366.295309,1007.31209975,0.0,91.57382725,91.57382725,91.57382725,0.0,2.0,4.0,11.0,S0_baseline
184658.0,0.0,185.5602243,556.6806729,2041.1624673,0.0,185.5602243,185.5602243,185.5602243,0.0,1.0,3.0,11.0,S0_baseline
184701.0,0.0,261.3580274,392.0370411,1437.4691507000002,0.0,130.6790137,130.6790137,130.6790137,0.0,2.0,3.0,11.0,S0_baseline
184711.0,0.0,115.61079738,231.22159476,635.85938559,0.0,57.80539869,57.80539869,57.80539869,0.0,2.0,4.0,11.0,S0_baseline
184734.0,0.0,102.38145136,204.76290272,563.09798248,0.0,51.19072568,51.19072568,51.19072568000001,0.0,2.0,4.0,11.0,S0_baseline
184742.0,0.0,430.952173,861.904346,2154.760865,0.0,215.4760865,215.4760865,215.4760865,0.0,2.0,4.0,10.0,S0_baseline
184763.0,0.0,201.4820238,402.9640476,1007.410119,0.0,100.7410119,100.7410119,100.7410119,0.0,2.0,4.0,10.0,S0_baseline
184865.0,0.0,219.0131484,438.0262968,985.5591678,0.0,109.5065742,109.5065742,109.5065742,0.0,2.0,4.0,9.0,S0_baseline
184878.0,0.0,117.4098417,352.2295251,1056.6885753,0.0,117.4098417,117.4098417,117.4098417,0.0,1.0,3.0,9.0,S0_baseline
185054.0,0.0,384.0081964,576.0122945999999,1920.040982,0.0,192.0040982,192.0040982,192.0040982,0.0,2.0,3.0,10.0,S0_baseline
185140.0,0.0,224.4486446,448.8972892,1010.0189007,0.0,112.2243223,112.2243223,112.2243223,0.0,2.0,4.0,9.0,S0_baseline
185193.0,0.0,224.7628068,449.5256136,1011.4326306,0.0,112.3814034,112.3814034,112.3814034,0.0,2.0,4.0,9.0,S0_baseline
185217.0,0.0,80.56808424,161.13616848,362.55637908,0.0,40.28404212,40.28404212,40.28404212,0.0,2.0,4.0,9.0,S0_baseline
185232.0,0.0,384.791547,1539.166188,3463.123923,0.0,384.791547,384.791547,384.791547,0.0,1.0,4.0,9.0,S0_baseline
185277.0,0.0,135.6715072,407.0145216,1356.715072,0.0,135.6715072,135.6715072,135.6715072,0.0,1.0,3.0,10.0,S0_baseline
185300.0,0.0,338.7818734,677.5637468,1524.5184303,0.0,169.3909367,169.3909367,169.3909367,0.0,2.0,4.0,9.0,S0_baseline
185331.0,0.0,234.2330206,468.4660412,1054.0485927,0.0,117.1165103,117.1165103,117.1165103,0.0,2.0,4.0,9.0,S0_baseline
185333.0,0.0,369.0084574,738.0169148,1660.5380583,0.0,184.5042287,184.5042287,184.5042287,0.0,2.0,4.0,9.0,S0_baseline
185356.0,0.0,393.84512,787.69024,1772.30304,0.0,196.92256,196.92256,196.92256,0.0,2.0,4.0,9.0,S0_baseline
185440.0,0.0,166.0722464,498.2167392,1660.7224640000002,0.0,166.0722464,166.0722464,166.0722464,0.0,1.0,3.0,10.0,S0_baseline
185549.0,0.0,180.56968606,361.13937212,812.5635872700001,0.0,90.28484303,90.28484303,90.28484303,0.0,2.0,4.0,9.0,S0_baseline
185675.0,0.0,152.48104,762.4052,1372.3293600000002,0.0,152.48104,190.6013,152.48104,0.0,1.0,4.0,9.0,S0_baseline
185799.0,0.0,119.89717792,239.79435584,539.53730064,0.0,59.94858896,59.94858896,59.94858896,0.0,2.0,4.0,9.0,S0_baseline
185930.0,0.0,131.8694295,527.477718,1186.8248655,0.0,131.8694295,131.8694295,131.8694295,0.0,1.0,4.0,9.0,S0_baseline
186201.0,0.0,40.87102179,163.48408716,367.83919611,0.0,40.87102179,40.87102179,40.87102179,0.0,1.0,4.0,9.0,S0_baseline
186258.0,0.0,306.811443,613.622886,1380.6514935,0.0,153.4057215,153.4057215,153.4057215,0.0,2.0,4.0,9.0,S0_baseline
186259.0,0.0,166.2699511,665.0798044,1496.4295599,0.0,166.2699511,166.2699511,166.2699511,0.0,1.0,4.0,9.0,S0_baseline
186275.0,0.0,70.51020079,282.04080316,564.08160632,0.0,70.51020079,70.51020079,70.51020079,0.0,1.0,4.0,8.0,S0_baseline
186307.0,0.0,177.0703734,885.351867,1593.6333605999998,0.0,177.0703734,221.33796675,177.0703734,0.0,1.0,4.0,9.0,S0_baseline
186401.0,0.0,348.5158788,464.6878384,1161.719596,0.0,116.1719596,116.1719596,116.1719596,0.0,3.0,4.0,10.0,S0_baseline
186417.0,0.0,61.25032833,245.00131332,551.25295497,0.0,61.25032833,61.25032833,61.25032833,0.0,1.0,4.0,9.0,S0_baseline
186505.0,0.0,449.178936,598.905248,1497.26312,0.0,149.726312,149.726312,149.726312,0.0,3.0,4.0,10.0,S0_baseline
186625.0,0.0,291.66230247,388.88306996,972.2076749,0.0,97.22076749,97.22076749,97.22076749,0.0,3.0,4.0,10.0,S0_baseline
186664.0,0.0,51.1761576,255.880788,409.4092608,0.0,51.1761576,63.970197000000006,51.1761576,0.0,1.0,4.0,8.0,S0_baseline
186943.0,0.0,168.78048016,253.17072024,759.51216072,0.0,84.39024008,84.39024008,84.39024008,0.0,2.0,3.0,9.0,S0_baseline
187441.0,0.0,103.64091585,138.1878878,310.92274755,0.0,34.54697195,34.54697195,34.54697195,0.0,3.0,4.0,9.0,S0_baseline
187735.0,0.0,57.42226152,229.68904608,459.37809216,0.0,57.42226152,57.42226152,57.42226152,0.0,1.0,4.0,8.0,S0_baseline
188173.0,0.0,238.13878053,317.51837404,793.7959351000001,0.0,79.37959351,79.37959351,88.19954834444445,0.0,3.0,4.0,9.0,S0_baseline
188224.0,0.0,45.58085355,75.96808925,136.74256065,0.0,15.19361785,18.9920223125,15.19361785,0.0,3.0,4.0,9.0,S0_baseline
188294.0,0.0,53.49672702,71.32896936,160.49018106,0.0,17.83224234,17.83224234,17.83224234,0.0,3.0,4.0,9.0,S0_baseline
188309.0,0.0,42.77972634,57.03963512,128.33917902,0.0,14.259908779999998,14.25990878,14.259908779999998,0.0,3.0,4.0,9.0,S0_baseline
188334.0,0.0,15.74852143,62.99408572,141.73669287,0.0,15.74852143,15.74852143,15.748521430000002,0.0,1.0,4.0,9.0,S0_baseline
188404.0,0.0,36.34038384,90.8509596,163.53172728,0.0,18.17019192,22.712739900000003,18.17019192,0.0,2.0,4.0,9.0,S0_baseline
188425.0,0.0,32.50226586,65.00453172,146.26019637000002,0.0,16.25113293,16.25113293,16.25113293,0.0,2.0,4.0,9.0,S0_baseline
188447.0,0.0,167.49183948,334.98367896,921.20511714,0.0,83.74591974,83.74591974,92.120511714,0.0,2.0,4.0,10.0,S0_baseline
188548.0,0.0,70.33220574,93.77627432,210.99661722,0.0,23.444068580000003,23.44406858,23.44406858,0.0,3.0,4.0,9.0,S0_baseline
188565.0,0.0,29.8739445,59.747889,134.43275025,0.0,14.93697225,14.93697225,14.93697225,0.0,2.0,4.0,9.0,S0_baseline
188580.0,0.0,35.67264,71.34528,160.52688,0.0,17.83632,17.83632,17.83632,0.0,2.0,4.0,9.0,S0_baseline
188644.0,0.0,22.00195083,88.00780332,198.01755747,0.0,22.00195083,22.00195083,22.00195083,0.0,1.0,4.0,9.0,S0_baseline
188650.0,0.0,136.42545218,272.85090436,682.1272609,0.0,68.21272609,68.21272609,75.79191787777778,0.0,2.0,4.0,9.0,S0_baseline
188679.0,0.0,41.74064958,83.48129916,187.83292311,0.0,20.87032479,20.87032479,20.87032479,0.0,2.0,4.0,9.0,S0_baseline
188685.0,0.0,114.22573188,228.45146376,571.1286594,0.0,57.11286594,57.11286594,63.45873993333333,0.0,2.0,4.0,9.0,S0_baseline
188702.0,0.0,29.52774642,118.11098568,295.2774642,0.0,29.52774642,29.52774642,29.52774642,0.0,1.0,4.0,10.0,S0_baseline
188712.0,0.0,28.45711032,56.91422064,128.05699644,0.0,14.22855516,14.22855516,14.22855516,0.0,2.0,4.0,9.0,S0_baseline
188728.0,0.0,14.64640436,58.58561744,131.81763924,0.0,14.64640436,14.64640436,14.64640436,0.0,1.0,4.0,9.0,S0_baseline
188732.0,0.0,30.3135482,121.2541928,303.135482,0.0,30.3135482,30.3135482,30.313548200000003,0.0,1.0,4.0,10.0,S0_baseline
188753.0,0.0,33.55517978,67.11035956,150.99830901,0.0,16.77758989,16.77758989,16.77758989,0.0,2.0,4.0,9.0,S0_baseline
188796.0,0.0,58.426587600000005,77.9021168,175.2797628,0.0,19.4755292,19.4755292,19.4755292,0.0,3.0,4.0,9.0,S0_baseline
188868.0,0.0,51.58290496,77.37435744,232.12307232,0.0,25.79145248,25.79145248,25.79145248,0.0,2.0,3.0,9.0,S0_baseline
188915.0,0.0,256.92330282,342.56440376,770.76990846,0.0,85.64110094,85.64110094,85.64110094,0.0,3.0,4.0,9.0,S0_baseline
188923.0,0.0,19.91829646,59.75488938,179.26466814,0.0,19.91829646,19.91829646,19.91829646,0.0,1.0,3.0,9.0,S0_baseline
188926.0,0.0,28.8477894,43.2716841,129.8150523,0.0,14.4238947,14.4238947,14.423894699999998,0.0,2.0,3.0,9.0,S0_baseline
188934.0,0.0,526.0066406999999,701.3421876,1578.0199221,0.0,175.33554689999997,175.3355469,175.3355469,0.0,3.0,4.0,9.0,S0_baseline
188936.0,0.0,179.18535423,238.91380564,597.2845141,0.0,59.72845141,59.72845141,66.36494601111112,0.0,3.0,4.0,9.0,S0_baseline
188968.0,0.0,226.51228116,302.01637488,679.53684348,0.0,75.50409372,75.50409372,75.50409372,0.0,3.0,4.0,9.0,S0_baseline
188979.0,0.0,67.83952590000001,67.83952590000001,203.5185777,0.0,22.613175300000005,22.613175300000005,22.6131753,0.0,3.0,3.0,9.0,S0_baseline
189010.0,0.0,30.45015226,45.67522839,137.02568517,0.0,15.22507613,15.22507613,15.22507613,0.0,2.0,3.0,9.0,S0_baseline
189011.0,0.0,30.71150346,46.06725519,138.20176557,0.0,15.35575173,15.35575173,15.35575173,0.0,2.0,3.0,9.0,S0_baseline
189053.0,0.0,0.0,155.68406232,233.52609348,0.0,0.0,31.136812464,25.94734372,0.0,0.0,5.0,9.0,S0_baseline
189101.0,0.0,31.57112565,157.85562825,252.5690052,0.0,31.57112565,31.57112565,31.57112565,0.0,1.0,5.0,8.0,S0_baseline
189102.0,0.0,44.20546058,221.0273029,353.64368464,0.0,44.20546058,44.20546058,44.20546058,0.0,1.0,5.0,8.0,S0_baseline
189135.0,0.0,0.0,45.24970878,150.8323626,0.0,0.0,15.08323626,15.08323626,0.0,0.0,3.0,10.0,S0_baseline
189208.0,0.0,53.59286794,107.18573588,241.16790573,0.0,26.79643397,26.79643397,26.79643397,0.0,2.0,4.0,9.0,S0_baseline
189280.0,0.0,26.36478733,79.09436199,237.28308597,0.0,26.36478733,26.36478733,26.36478733,0.0,1.0,3.0,9.0,S0_baseline
189348.0,0.0,0.0,46.83535041,156.1178347,0.0,0.0,15.61178347,15.61178347,0.0,0.0,3.0,10.0,S0_baseline
189355.0,0.0,0.0,83.58566025,250.75698075,0.0,0.0,27.86188675,27.86188675,0.0,0.0,3.0,9.0,S0_baseline
189385.0,0.0,177.59961203999998,236.79948272,591.9987067999999,0.0,59.19987068,59.19987068,59.19987067999999,0.0,3.0,4.0,10.0,S0_baseline
189470.0,0.0,0.0,84.72679203,254.18037609,0.0,0.0,28.24226401,28.24226401,0.0,0.0,3.0,9.0,S0_baseline
189509.0,0.0,0.0,92.53748553,277.61245659,0.0,0.0,30.84582851,30.845828510000004,0.0,0.0,3.0,9.0,S0_baseline
189550.0,0.0,0.0,253.34482206,760.03446618,0.0,0.0,84.44827402,84.44827402,0.0,0.0,3.0,9.0,S0_baseline
189731.0,0.0,56.87546642,113.75093284,255.93959889,0.0,28.43773321,28.43773321,28.43773321,0.0,2.0,4.0,9.0,S0_baseline
189896.0,0.0,0.0,109.1486739,327.4460217,0.0,0.0,36.3828913,36.3828913,0.0,0.0,3.0,9.0,S0_baseline
189920.0,0.0,115.41235534,230.82471068,519.35559903,0.0,57.70617767,57.70617767,57.70617767,0.0,2.0,4.0,9.0,S0_baseline
189935.0,0.0,64.99295274,129.98590548,292.46828733,0.0,32.49647637,32.49647637,32.49647637,0.0,2.0,4.0,9.0,S0_baseline
189962.0,0.0,94.73328344,189.46656688,378.93313376,0.0,47.36664172,47.36664172,47.36664172,0.0,2.0,4.0,8.0,S0_baseline
190748.0,47.68346573,0.0,143.05039719,333.78426011,47.68346573,0.0,47.68346573,47.68346573,1.0,0.0,3.0,7.0,S0_baseline
190750.0,176.8515687,0.0,530.5547061,1237.9609809,176.8515687,0.0,176.8515687,176.8515687,1.0,0.0,3.0,7.0,S0_baseline
190757.0,78.63746364,0.0,235.91239092,629.09970912,78.63746364,0.0,78.63746364,78.63746364,1.0,0.0,3.0,8.0,S0_baseline
191051.0,0.0,224.5173982,898.0695928,3143.2435748,0.0,224.5173982,299.3565309333333,349.2492860888889,0.0,1.0,3.0,9.0,S0_baseline
191060.0,0.0,156.9469342,470.8408026,1412.5224078,0.0,156.9469342,156.9469342,156.9469342,0.0,1.0,3.0,9.0,S0_baseline
191074.0,61.96721203,0.0,309.83606015,681.63933233,61.96721203,0.0,77.4590150375,75.73770359222222,1.0,0.0,4.0,9.0,S0_baseline
191308.0,0.0,65.75209264,197.25627792,723.27301904,0.0,65.75209264,65.75209264,65.75209264,0.0,1.0,3.0,11.0,S0_baseline
191339.0,0.0,46.84603726,140.53811178,421.61433534,0.0,46.84603726,46.84603726,46.84603726,0.0,1.0,3.0,9.0,S0_baseline
191358.0,0.0,229.0879382,343.6319073,1145.439691,0.0,114.5439691,114.54396909999998,114.5439691,0.0,2.0,3.0,10.0,S0_baseline
191679.0,0.0,162.71815419,216.95753892,542.3938473,0.0,54.239384730000005,54.23938473,54.23938473,0.0,3.0,4.0,10.0,S0_baseline
191680.0,0.0,123.56095125000002,164.747935,411.8698375,0.0,41.18698375,41.18698375,41.18698375,0.0,3.0,4.0,10.0,S0_baseline
191681.0,0.0,128.83191236,322.07978089999995,579.7436056199999,0.0,64.41595618,80.51994522499999,64.41595618,0.0,2.0,4.0,9.0,S0_baseline
191682.0,0.0,161.22270548,403.0567637,806.1135274000001,0.0,80.61135274,100.764190925,80.61135274,0.0,2.0,4.0,10.0,S0_baseline
191707.0,0.0,108.03633612,216.07267224,486.16351254,0.0,54.01816806,54.01816806,54.01816806,0.0,2.0,4.0,9.0,S0_baseline
191738.0,0.0,126.20632344,252.41264688,567.92845548,0.0,63.10316172,63.10316172,63.10316172,0.0,2.0,4.0,9.0,S0_baseline
191793.0,0.0,54.57913988,218.31655952,491.21225892,0.0,54.57913988,54.57913988,54.57913988,0.0,1.0,4.0,9.0,S0_baseline
191879.0,0.0,158.73342034,317.46684068,714.3003915300001,0.0,79.36671017,79.36671017,79.36671017,0.0,2.0,4.0,9.0,S0_baseline
191900.0,0.0,39.65660789,158.62643156,396.5660789,0.0,39.65660789,39.65660789,39.65660789,0.0,1.0,4.0,10.0,S0_baseline
191979.0,0.0,105.37148732,210.74297464,421.48594928,0.0,52.68574366,52.68574366,52.68574366,0.0,2.0,4.0,8.0,S0_baseline
191980.0,0.0,205.8192548,411.6385096,823.2770192,0.0,102.9096274,102.9096274,102.9096274,0.0,2.0,4.0,8.0,S0_baseline
192068.0,0.0,379.592547,759.185094,1328.5739145,0.0,189.7962735,189.7962735,189.7962735,0.0,2.0,4.0,7.0,S0_baseline
192098.0,0.0,97.8294162,195.6588324,391.3176648,0.0,48.9147081,48.9147081,48.9147081,0.0,2.0,4.0,8.0,S0_baseline
192171.0,0.0,53.90229524,107.80459048,188.65803334,0.0,26.95114762,26.95114762,26.95114762,0.0,2.0,4.0,7.0,S0_baseline
192190.0,0.0,148.49530898,296.99061796,519.73358143,0.0,74.24765449,74.24765449,74.24765448999999,0.0,2.0,4.0,7.0,S0_baseline
192201.0,0.0,58.56256853,292.81284265,585.6256853,0.0,58.56256853,58.56256853,65.06952058888889,0.0,1.0,5.0,9.0,S0_baseline
192208.0,0.0,251.07815127,334.77086836,585.84901963,0.0,83.69271709,83.69271709,83.69271709,0.0,3.0,4.0,7.0,S0_baseline
192222.0,0.0,0.0,192.88205416,385.76410832,0.0,0.0,48.22051354,48.22051354,0.0,0.0,4.0,8.0,S0_baseline
192229.0,0.0,35.6971354,178.485677,285.5770832,0.0,35.6971354,35.6971354,35.6971354,0.0,1.0,5.0,8.0,S0_baseline
192365.0,0.0,105.71172388,211.42344776,422.84689552,0.0,52.85586194,52.85586194,52.85586194,0.0,2.0,4.0,8.0,S0_baseline
192370.0,0.0,90.84730566,454.2365283,726.77844528,0.0,90.84730566,90.84730566,90.84730566,0.0,1.0,5.0,8.0,S0_baseline
192506.0,0.0,244.4467484,366.6701226,1222.233742,0.0,122.2233742,122.2233742,122.2233742,0.0,2.0,3.0,10.0,S0_baseline
192666.0,0.0,0.0,208.052763,554.807368,0.0,0.0,69.350921,69.350921,0.0,0.0,3.0,8.0,S0_baseline
192668.0,0.0,0.0,551.573868,1654.721604,0.0,0.0,183.857956,183.857956,0.0,0.0,3.0,9.0,S0_baseline
192672.0,0.0,0.0,539.313216,1617.939648,0.0,0.0,179.771072,179.771072,0.0,0.0,3.0,9.0,S0_baseline
192674.0,0.0,0.0,254.74502838,764.2350851399999,0.0,0.0,84.91500946,84.91500946,0.0,0.0,3.0,9.0,S0_baseline
192706.0,0.0,0.0,273.30428949,819.91286847,0.0,0.0,91.10142983,91.10142983,0.0,0.0,3.0,9.0,S0_baseline
192714.0,0.0,0.0,197.44288467,592.32865401,0.0,0.0,65.81429489,65.81429489,0.0,0.0,3.0,9.0,S0_baseline
192785.0,0.0,0.0,165.13835247,440.36893992,0.0,0.0,55.04611749,55.04611749,0.0,0.0,3.0,8.0,S0_baseline
192793.0,0.0,0.0,191.99205804,511.97882144,0.0,0.0,63.99735268,63.99735268,0.0,0.0,3.0,8.0,S0_baseline
192797.0,0.0,0.0,200.59708758,534.92556688,0.0,0.0,66.86569586,66.86569586,0.0,0.0,3.0,8.0,S0_baseline
193020.0,90.18620856,0.0,541.11725136,1262.60691984,90.18620856,0.0,135.27931284,157.82586498,1.0,0.0,4.0,8.0,S0_baseline
193022.0,0.0,0.0,396.11926712,990.2981678,0.0,0.0,132.03975570666668,141.47116682857146,0.0,0.0,3.0,7.0,S0_baseline
193036.0,0.0,0.0,490.6122711,1144.7619659,0.0,0.0,163.5374237,163.5374237,0.0,0.0,3.0,7.0,S0_baseline
193042.0,0.0,0.0,287.75080803000003,671.41855207,0.0,0.0,95.91693601,95.91693601,0.0,0.0,3.0,7.0,S0_baseline
193056.0,0.0,0.0,173.83412858999998,405.61296671,0.0,0.0,57.94470952999999,57.94470953,0.0,0.0,3.0,7.0,S0_baseline
193059.0,0.0,0.0,273.41689629,637.97275801,0.0,0.0,91.13896543,91.13896543,0.0,0.0,3.0,7.0,S0_baseline
193065.0,0.0,0.0,530.5143177,1414.7048472,0.0,0.0,176.8381059,176.8381059,0.0,0.0,3.0,8.0,S0_baseline
193072.0,0.0,0.0,321.4040637,964.2121911,0.0,0.0,107.1346879,107.1346879,0.0,0.0,3.0,9.0,S0_baseline
193085.0,0.0,0.0,428.5736427,1000.0051663,0.0,0.0,142.8578809,142.8578809,0.0,0.0,3.0,7.0,S0_baseline
193146.0,0.0,0.0,157.27037823,314.54075646,0.0,0.0,52.42345941,52.42345941,0.0,0.0,3.0,6.0,S0_baseline
193149.0,0.0,0.0,412.2114219,824.4228438,0.0,0.0,137.4038073,137.4038073,0.0,0.0,3.0,6.0,S0_baseline
193187.0,0.0,0.0,230.68396941,461.36793882,0.0,0.0,76.89465647,76.89465647,0.0,0.0,3.0,6.0,S0_baseline
193222.0,0.0,0.0,228.81810993,457.63621986,0.0,0.0,76.27270331,76.27270331,0.0,0.0,3.0,6.0,S0_baseline
193254.0,0.0,0.0,266.64298026,533.28596052,0.0,0.0,88.88099342,88.88099342,0.0,0.0,3.0,6.0,S0_baseline
193299.0,0.0,0.0,313.3017204,626.6034408,0.0,0.0,104.4339068,104.4339068,0.0,0.0,3.0,6.0,S0_baseline
193311.0,0.0,0.0,207.26558916,345.4426486,0.0,0.0,69.08852972,69.08852972,0.0,0.0,3.0,5.0,S0_baseline
193351.0,0.0,0.0,232.56503649,387.60839415,0.0,0.0,77.52167883,77.52167883,0.0,0.0,3.0,5.0,S0_baseline
193375.0,0.0,0.0,468.8978451,781.4964084999999,0.0,0.0,156.2992817,156.2992817,0.0,0.0,3.0,5.0,S0_baseline
193395.0,0.0,0.0,733.1576796,1283.0259393,0.0,0.0,183.2894199,183.2894199,0.0,0.0,4.0,7.0,S0_baseline
193448.0,0.0,0.0,508.7542064,890.3198612,0.0,0.0,127.1885516,127.1885516,0.0,0.0,4.0,7.0,S0_baseline
193478.0,0.0,0.0,513.076946,769.615419,0.0,0.0,128.2692365,128.2692365,0.0,0.0,4.0,6.0,S0_baseline
193488.0,0.0,0.0,504.8109736,757.2164604,0.0,0.0,126.2027434,126.2027434,0.0,0.0,4.0,6.0,S0_baseline
193497.0,0.0,0.0,733.9501628,1100.9252442000002,0.0,0.0,183.4875407,183.48754070000004,0.0,0.0,4.0,6.0,S0_baseline
193585.0,0.0,0.0,416.4924834,971.8157946,0.0,0.0,138.8308278,138.8308278,0.0,0.0,3.0,7.0,S0_baseline
193594.0,0.0,0.0,576.1648889999999,1344.3847409999998,0.0,0.0,192.054963,192.054963,0.0,0.0,3.0,7.0,S0_baseline
193597.0,0.0,0.0,776.5913628000001,1553.1827256,0.0,0.0,194.1478407,221.88324651428573,0.0,0.0,4.0,7.0,S0_baseline
193601.0,0.0,0.0,539.3315175,1258.4402075,0.0,0.0,179.7771725,179.7771725,0.0,0.0,3.0,7.0,S0_baseline
193608.0,0.0,0.0,350.6676003,818.2244006999999,0.0,0.0,116.8892001,116.8892001,0.0,0.0,3.0,7.0,S0_baseline
193616.0,0.0,0.0,193.18500348000003,450.76500812000006,0.0,0.0,64.39500116,64.39500116,0.0,0.0,3.0,7.0,S0_baseline
193617.0,0.0,0.0,319.99116030000005,746.6460407000001,0.0,0.0,106.66372010000002,106.6637201,0.0,0.0,3.0,7.0,S0_baseline
193622.0,0.0,0.0,426.55240559999993,995.2889464,0.0,0.0,142.1841352,142.1841352,0.0,0.0,3.0,7.0,S0_baseline
193634.0,0.0,134.1866082,402.5598246,939.3062574,0.0,134.1866082,134.1866082,134.1866082,0.0,1.0,3.0,7.0,S0_baseline
193638.0,0.0,0.0,279.76193379,652.77784551,0.0,0.0,93.25397793,93.25397793,0.0,0.0,3.0,7.0,S0_baseline
193643.0,125.0331359,125.0331359,500.1325436,1250.331359,125.0331359,125.0331359,166.71084786666668,178.61876557142858,1.0,1.0,3.0,7.0,S0_baseline
193651.0,0.0,87.1967191,261.5901573,610.3770337,0.0,87.1967191,87.1967191,87.1967191,0.0,1.0,3.0,7.0,S0_baseline
193657.0,0.0,0.0,329.6191911,769.1114459,0.0,0.0,109.8730637,109.8730637,0.0,0.0,3.0,7.0,S0_baseline
193665.0,0.0,0.0,696.6058074,1161.009679,0.0,0.0,139.32116148,165.85852557142857,0.0,0.0,5.0,7.0,S0_baseline
193669.0,151.5697054,151.5697054,757.848527,1515.697054,151.5697054,151.5697054,189.46213175,216.52815057142857,1.0,1.0,4.0,7.0,S0_baseline
193679.0,0.0,59.72578452,179.17735356,418.08049164,0.0,59.72578452,59.72578452,59.72578452,0.0,1.0,3.0,7.0,S0_baseline
193680.0,0.0,0.0,174.8049447,407.8782043,0.0,0.0,58.2683149,58.2683149,0.0,0.0,3.0,7.0,S0_baseline
193683.0,0.0,0.0,336.0651194,672.1302387999999,0.0,0.0,84.01627984999999,112.02170646666666,0.0,0.0,4.0,6.0,S0_baseline
193694.0,0.0,0.0,344.1839942,774.41398695,0.0,0.0,114.72799806666666,129.068997825,0.0,0.0,3.0,6.0,S0_baseline
193709.0,0.0,0.0,762.186279,1524.372558,0.0,0.0,254.062093,254.062093,0.0,0.0,3.0,6.0,S0_baseline
193714.0,0.0,0.0,423.0977166,846.1954332,0.0,0.0,141.0325722,141.0325722,0.0,0.0,3.0,6.0,S0_baseline
193717.0,0.0,0.0,252.95356434,505.90712868,0.0,0.0,84.31785478,84.31785478,0.0,0.0,3.0,6.0,S0_baseline
193719.0,0.0,0.0,458.2416474,916.4832948,0.0,0.0,152.7472158,152.7472158,0.0,0.0,3.0,6.0,S0_baseline
193723.0,0.0,0.0,448.50362999999993,1046.50847,0.0,0.0,149.50121,149.50121,0.0,0.0,3.0,7.0,S0_baseline
193733.0,0.0,0.0,299.56694295,599.1338859,0.0,0.0,99.85564765,99.85564765,0.0,0.0,3.0,6.0,S0_baseline
193739.0,0.0,0.0,252.19491324,588.4547975600001,0.0,0.0,84.06497108,84.06497108,0.0,0.0,3.0,7.0,S0_baseline
193771.0,0.0,0.0,644.2301064000001,1288.4602128,0.0,0.0,214.7433688,214.7433688,0.0,0.0,3.0,6.0,S0_baseline
193776.0,0.0,0.0,813.5665518000001,1355.944253,0.0,0.0,271.1888506,271.1888506,0.0,0.0,3.0,5.0,S0_baseline
193785.0,0.0,0.0,462.67480649999993,925.349613,0.0,0.0,154.2249355,154.2249355,0.0,0.0,3.0,6.0,S0_baseline
193810.0,53.68436073,0.0,268.42180365,590.52796803,53.68436073,0.0,89.47393455000001,98.421328005,1.0,0.0,3.0,6.0,S0_baseline
193816.0,0.0,0.0,453.5042244,907.0084488,0.0,0.0,151.1680748,151.1680748,0.0,0.0,3.0,6.0,S0_baseline
193821.0,186.7345308,0.0,1120.4071848,1867.345308,186.7345308,0.0,280.1017962,311.224218,1.0,0.0,4.0,6.0,S0_baseline
193827.0,0.0,0.0,290.4493254,580.8986508,0.0,0.0,96.8164418,96.8164418,0.0,0.0,3.0,6.0,S0_baseline
193833.0,0.0,0.0,898.849203,1797.698406,0.0,0.0,299.616401,299.616401,0.0,0.0,3.0,6.0,S0_baseline
193853.0,0.0,0.0,179.46364401,358.92728802,0.0,0.0,59.82121467,59.82121467,0.0,0.0,3.0,6.0,S0_baseline
193855.0,0.0,0.0,170.76084918,341.52169836,0.0,0.0,56.92028306,56.92028306,0.0,0.0,3.0,6.0,S0_baseline
193862.0,0.0,0.0,224.47028997,448.94057994,0.0,0.0,74.82342999,74.82342999,0.0,0.0,3.0,6.0,S0_baseline
193885.0,0.0,0.0,311.339439,622.678878,0.0,0.0,103.779813,103.779813,0.0,0.0,3.0,6.0,S0_baseline
193886.0,0.0,0.0,321.1884837,535.3141395,0.0,0.0,107.0628279,107.0628279,0.0,0.0,3.0,5.0,S0_baseline
193889.0,0.0,0.0,218.77613658,364.6268943,0.0,0.0,72.92537886,72.92537886,0.0,0.0,3.0,5.0,S0_baseline
193898.0,0.0,0.0,352.08954655,633.76118379,0.0,0.0,88.0223866375,105.626863965,0.0,0.0,4.0,6.0,S0_baseline
193904.0,0.0,0.0,566.309062,1132.618124,0.0,0.0,188.7696873333333,188.7696873333333,0.0,0.0,3.0,6.0,S0_baseline
193908.0,0.0,0.0,1802.1373045,3243.8471481,0.0,0.0,600.7124348333333,540.64119135,0.0,0.0,3.0,6.0,S0_baseline
193923.0,0.0,0.0,861.3961784999999,1722.7923569999998,0.0,0.0,287.1320595,287.1320595,0.0,0.0,3.0,6.0,S0_baseline
193924.0,0.0,0.0,181.309141,317.29099675000003,0.0,0.0,60.43638033333334,52.88183279166668,0.0,0.0,3.0,6.0,S0_baseline
193926.0,0.0,0.0,499.2869684,1123.3956789,0.0,0.0,166.42898946666665,187.23261315,0.0,0.0,3.0,6.0,S0_baseline
193932.0,0.0,0.0,246.28418442,492.56836884,0.0,0.0,82.09472814,82.09472814,0.0,0.0,3.0,6.0,S0_baseline
193941.0,0.0,0.0,178.21807641,356.43615282,0.0,0.0,59.40602547,59.40602547,0.0,0.0,3.0,6.0,S0_baseline
193963.0,103.1433488,0.0,515.716744,825.1467904,103.1433488,0.0,128.929186,137.52446506666666,1.0,0.0,4.0,6.0,S0_baseline
193975.0,0.0,0.0,492.025614,984.051228,0.0,0.0,164.008538,164.008538,0.0,0.0,3.0,6.0,S0_baseline
193984.0,0.0,0.0,313.630326,627.2606519999999,0.0,0.0,104.54344199999998,104.54344199999998,0.0,0.0,3.0,6.0,S0_baseline
193989.0,0.0,0.0,373.4652231,746.9304462,0.0,0.0,124.4884077,124.4884077,0.0,0.0,3.0,6.0,S0_baseline
193994.0,371.4794434,0.0,1857.397217,3343.3149906,371.4794434,0.0,464.34930425,477.6164272285714,1.0,0.0,4.0,7.0,S0_baseline
194008.0,0.0,158.6611748,793.305874,951.9670488,0.0,158.6611748,158.6611748,158.6611748,0.0,1.0,5.0,6.0,S0_baseline
194023.0,36.83097146,36.83097146,257.81680022,331.47874314,36.83097146,36.83097146,51.563360044,55.24645719,1.0,1.0,5.0,6.0,S0_baseline
194047.0,40.10082972,40.10082972,200.5041486,360.90746748,40.10082972,40.10082972,50.12603715,60.15124458,1.0,1.0,4.0,6.0,S0_baseline
194061.0,0.0,66.42108998,398.52653988,597.7898098200001,0.0,66.42108998,99.63163497,99.63163497,0.0,1.0,4.0,6.0,S0_baseline
194072.0,55.6724884,0.0,278.362442,389.7074188,55.6724884,0.0,55.6724884,64.95123646666666,1.0,0.0,5.0,6.0,S0_baseline
194127.0,0.0,0.0,377.3557155,880.4966695,0.0,0.0,125.7852385,125.7852385,0.0,0.0,3.0,7.0,S0_baseline
194443.0,0.0,0.0,435.19300965,609.27021351,0.0,0.0,87.03860193,87.03860193,0.0,0.0,5.0,7.0,S0_baseline
194490.0,0.0,0.0,321.2036348,562.1063608999999,0.0,0.0,80.3009087,80.3009087,0.0,0.0,4.0,7.0,S0_baseline
194511.0,0.0,0.0,292.03044235,408.84261929,0.0,0.0,58.40608847,58.40608847,0.0,0.0,5.0,7.0,S0_baseline
194578.0,117.9953293,117.9953293,471.9813172,707.9719758,117.9953293,117.9953293,117.9953293,117.9953293,1.0,1.0,4.0,6.0,S0_baseline
194581.0,367.8599302,0.0,735.7198604,1287.5097557,183.9299651,0.0,183.9299651,183.9299651,2.0,0.0,4.0,7.0,S0_baseline
194583.0,98.04731656,98.04731656,392.18926624,588.28389936,98.04731656,98.04731656,98.04731656,98.04731656,1.0,1.0,4.0,6.0,S0_baseline
194622.0,0.0,0.0,348.44338336,609.77592088,0.0,0.0,87.11084584,87.11084584,0.0,0.0,4.0,7.0,S0_baseline
194634.0,118.8359572,237.6719144,713.0157432,831.8517004,118.8359572,118.8359572,118.8359572,118.8359572,1.0,2.0,6.0,7.0,S0_baseline
194687.0,204.716265,818.86506,818.86506,1228.29759,204.716265,204.716265,204.716265,204.716265,1.0,4.0,4.0,6.0,S0_baseline
194825.0,0.0,54.68803824,218.75215296,328.12822944,0.0,54.68803824,54.68803824,54.68803824,0.0,1.0,4.0,6.0,S0_baseline
194888.0,0.0,66.41557297,265.66229188,464.90901079,0.0,66.41557297,66.41557297,66.41557297,0.0,1.0,4.0,7.0,S0_baseline
194940.0,0.0,104.5777158,522.8885789999999,732.0440106,0.0,104.5777158,104.5777158,104.5777158,0.0,1.0,5.0,7.0,S0_baseline
195060.0,0.0,50.65620359,253.28101795,354.59342513,0.0,50.65620359,50.65620359,50.65620359,0.0,1.0,5.0,7.0,S0_baseline
195069.0,0.0,54.19711194,270.9855597,379.37978358,0.0,54.19711194,54.19711194,54.19711194,0.0,1.0,5.0,7.0,S0_baseline
195078.0,0.0,52.87530755,211.5012302,370.12715285,0.0,52.87530755,52.87530755,52.87530755,0.0,1.0,4.0,7.0,S0_baseline
195080.0,0.0,59.16326853,236.65307412,414.1428797100001,0.0,59.16326853,59.16326853,59.16326853,0.0,1.0,4.0,7.0,S0_baseline
195090.0,0.0,38.29646659,191.48233295,268.07526613,0.0,38.29646659,38.29646659,38.29646659,0.0,1.0,5.0,7.0,S0_baseline
195094.0,0.0,43.29233457,173.16933828,432.9233457,0.0,43.29233457,43.29233457,48.10259396666667,0.0,1.0,4.0,9.0,S0_baseline
195106.0,0.0,59.94403888,179.83211664,359.66423328,0.0,59.94403888,59.94403888,59.94403888,0.0,1.0,3.0,6.0,S0_baseline
195112.0,0.0,0.0,439.7645004,879.5290008000001,0.0,0.0,146.5881668,146.5881668,0.0,0.0,3.0,6.0,S0_baseline
195195.0,0.0,0.0,414.5436054,690.906009,0.0,0.0,138.1812018,138.1812018,0.0,0.0,3.0,5.0,S0_baseline
195318.0,0.0,0.0,297.31930696,520.30878718,0.0,0.0,74.32982674,74.32982674,0.0,0.0,4.0,7.0,S0_baseline
195325.0,0.0,0.0,384.0390588,672.0683529,0.0,0.0,96.0097647,96.0097647,0.0,0.0,4.0,7.0,S0_baseline
195350.0,0.0,0.0,252.73699544,631.8424886,0.0,0.0,84.24566514666667,90.26321265714286,0.0,0.0,3.0,7.0,S0_baseline
195375.0,0.0,0.0,175.97991765,351.9598353,0.0,0.0,58.65997255,58.65997255,0.0,0.0,3.0,6.0,S0_baseline
195430.0,0.0,82.00091357,246.00274071,410.00456785,0.0,82.00091357,82.00091357,82.00091357,0.0,1.0,3.0,5.0,S0_baseline
195433.0,0.0,0.0,136.68603482999998,227.81005805,0.0,0.0,45.56201160999999,45.56201161,0.0,0.0,3.0,5.0,S0_baseline
195450.0,0.0,132.8439515,398.5318545,664.2197575,0.0,132.8439515,132.8439515,132.8439515,0.0,1.0,3.0,5.0,S0_baseline
195468.0,59.589924,238.359696,178.76977200000002,357.53954400000003,59.589924,59.589924,59.589924,59.589924,1.0,4.0,3.0,6.0,S0_baseline
195469.0,0.0,0.0,407.5930818,679.321803,0.0,0.0,135.8643606,135.8643606,0.0,0.0,3.0,5.0,S0_baseline
195472.0,282.48171252,0.0,282.48171252,494.34299691,94.16057084,0.0,94.16057084,98.868599382,3.0,0.0,3.0,5.0,S0_baseline
195522.0,0.0,74.99036511,224.97109533,374.95182555,0.0,74.99036511,74.99036511,74.99036511,0.0,1.0,3.0,5.0,S0_baseline
195577.0,0.0,136.2377507,408.7132521,817.4265042,0.0,136.2377507,136.2377507,136.2377507,0.0,1.0,3.0,6.0,S0_baseline
195744.0,59.09590159,59.09590159,354.57540954,531.86311431,59.09590159,59.09590159,70.915081908,75.98044490142857,1.0,1.0,5.0,7.0,S0_baseline
195748.0,0.0,89.9569199,539.7415194,719.6553592,0.0,89.9569199,107.94830388,119.94255986666668,0.0,1.0,5.0,6.0,S0_baseline
195799.0,0.0,158.8278979,476.4836937,794.1394895000001,0.0,158.8278979,158.8278979,158.8278979,0.0,1.0,3.0,5.0,S0_baseline
195822.0,0.0,73.02510264,219.07530792,511.17571848,0.0,73.02510264,73.02510264,73.02510264,0.0,1.0,3.0,7.0,S0_baseline
195823.0,0.0,107.21017282,214.42034564,321.63051846,0.0,53.60508641,53.60508641,53.60508640999999,0.0,2.0,4.0,6.0,S0_baseline
195827.0,0.0,79.86558981,319.46235924,399.32794905,0.0,79.86558981,79.86558981,79.86558981,0.0,1.0,4.0,5.0,S0_baseline
195835.0,0.0,44.29250034,177.17000136,487.21750374,0.0,44.29250034,44.29250034,48.721750374,0.0,1.0,4.0,10.0,S0_baseline
195848.0,0.0,34.78234137,173.91170684999997,243.47638959,0.0,34.78234137,43.47792671249999,48.695277918,0.0,1.0,4.0,5.0,S0_baseline
195869.0,130.0959816,65.0479908,325.23995399999995,520.3839264,65.0479908,65.0479908,81.30998849999999,104.07678528,2.0,1.0,4.0,5.0,S0_baseline
195881.0,50.41594073,50.41594073,201.66376292,252.07970365,50.41594073,50.41594073,50.41594073,50.41594073,1.0,1.0,4.0,5.0,S0_baseline
195962.0,47.42780075,47.42780075,237.13900375000003,331.99460525,47.42780075,47.42780075,59.28475093750001,47.42780075,1.0,1.0,4.0,7.0,S0_baseline
195969.0,97.42118406,146.13177609000002,146.13177609000002,389.68473624,48.71059203,48.71059203000001,48.71059203000001,48.71059203,2.0,3.0,3.0,8.0,S0_baseline
195981.0,383.22145308,191.61072654,479.02681635,1053.85899597,95.80536327,95.80536327,119.7567040875,131.73237449625,4.0,2.0,4.0,8.0,S0_baseline
196044.0,0.0,0.0,145.78974465000002,388.7726524,0.0,0.0,48.59658155,48.59658155,0.0,0.0,3.0,8.0,S0_baseline
196070.0,63.24806148,0.0,252.99224592,758.97673776,63.24806148,0.0,84.33074864,84.33074864,1.0,0.0,3.0,9.0,S0_baseline
196106.0,0.0,0.0,85.65925994,256.97777982,0.0,0.0,42.82962997,42.829629970000006,0.0,0.0,2.0,6.0,S0_baseline
196115.0,176.2834857,0.0,352.5669714,1057.7009142,88.14174285,0.0,117.5223238,117.5223238,2.0,0.0,3.0,9.0,S0_baseline
196117.0,150.020618,0.0,750.1030900000001,1650.226798,150.020618,0.0,250.0343633333333,206.27834975,1.0,0.0,3.0,8.0,S0_baseline
196139.0,0.0,0.0,115.96190832,347.88572495999995,0.0,0.0,38.65396944,38.65396944,0.0,0.0,3.0,9.0,S0_baseline
196141.0,0.0,0.0,124.76733336,374.30200008,0.0,0.0,41.58911112,41.58911112,0.0,0.0,3.0,9.0,S0_baseline
196149.0,0.0,26.64156038,79.92468114,293.05716418000003,0.0,26.64156038,26.64156038,26.64156038,0.0,1.0,3.0,11.0,S0_baseline
196151.0,0.0,0.0,1249.5270582,3332.0721552,0.0,0.0,249.90541164,277.6726796,0.0,0.0,5.0,12.0,S0_baseline
196153.0,0.0,0.0,1817.5777595,5452.7332785,0.0,0.0,454.394439875,454.394439875,0.0,0.0,4.0,12.0,S0_baseline
196154.0,0.0,0.0,1581.2173039999998,4743.651911999999,0.0,0.0,395.304326,395.304326,0.0,0.0,4.0,12.0,S0_baseline
196155.0,0.0,0.0,2039.3143482,5098.285870500001,0.0,0.0,407.86286964,424.8571558750001,0.0,0.0,5.0,12.0,S0_baseline
196159.0,0.0,49.82825796,249.1412898,847.08038532,0.0,49.82825796,62.28532245,65.16002964,0.0,1.0,4.0,13.0,S0_baseline
196166.0,0.0,0.0,280.6441922,841.9325766000001,0.0,0.0,70.16104805,70.16104805,0.0,0.0,4.0,12.0,S0_baseline
196167.0,0.0,0.0,266.59155105,853.09296336,0.0,0.0,66.6478877625,71.09108028,0.0,0.0,4.0,12.0,S0_baseline
196168.0,0.0,0.0,1830.7690686,4576.9226715,0.0,0.0,457.69226715,381.410222625,0.0,0.0,4.0,12.0,S0_baseline
196171.0,0.0,0.0,233.183095,641.25351125,0.0,0.0,58.29577375,58.29577375,0.0,0.0,4.0,11.0,S0_baseline
196173.0,0.0,36.1710206,144.6840824,361.710206,0.0,36.1710206,36.1710206,36.1710206,0.0,1.0,4.0,10.0,S0_baseline
196174.0,0.0,48.67485494,340.72398458000004,730.1228241,0.0,48.67485494,68.144796916,60.843568675,0.0,1.0,5.0,12.0,S0_baseline
196192.0,0.0,0.0,1743.8424372,4359.606093,0.0,0.0,435.9606093,435.9606093,0.0,0.0,4.0,10.0,S0_baseline
196196.0,0.0,0.0,820.0798968,1640.1597936,0.0,0.0,205.0199742,205.0199742,0.0,0.0,4.0,8.0,S0_baseline
196202.0,0.0,0.0,186.40288292,372.80576584,0.0,0.0,46.60072073,46.60072073,0.0,0.0,4.0,8.0,S0_baseline
196242.0,0.0,0.0,228.45256064,399.79198112,0.0,0.0,57.11314016,57.11314016,0.0,0.0,4.0,7.0,S0_baseline
196245.0,0.0,0.0,433.3348396,758.3359693,0.0,0.0,108.3337099,108.3337099,0.0,0.0,4.0,7.0,S0_baseline
196246.0,0.0,0.0,317.8729873,508.59677968,0.0,0.0,63.57459745999999,63.57459746,0.0,0.0,5.0,8.0,S0_baseline
196268.0,0.0,0.0,325.62892328,569.85061574,0.0,0.0,81.40723082,81.40723082,0.0,0.0,4.0,7.0,S0_baseline
196275.0,0.0,0.0,109.12712112,190.97246196,0.0,0.0,27.28178028,27.28178028,0.0,0.0,4.0,7.0,S0_baseline
196292.0,0.0,0.0,82.2254572,143.8945501,0.0,0.0,20.5563643,20.5563643,0.0,0.0,4.0,7.0,S0_baseline
196314.0,0.0,0.0,416.8794608,729.5390564,0.0,0.0,104.2198652,104.2198652,0.0,0.0,4.0,7.0,S0_baseline
196315.0,51.9828576,0.0,311.89714560000004,675.7771488000001,51.9828576,0.0,77.97428640000001,67.57771488,1.0,0.0,4.0,10.0,S0_baseline
196320.0,108.23316598,54.11658299,324.69949794,703.51557887,54.11658299,54.11658299,81.174874485,70.351557887,2.0,1.0,4.0,10.0,S0_baseline
196327.0,0.0,0.0,187.76728810000003,262.87420334,0.0,0.0,37.55345762,37.55345762,0.0,0.0,5.0,7.0,S0_baseline
196356.0,0.0,0.0,688.211945,1651.7086680000002,0.0,0.0,137.642389,137.642389,0.0,0.0,5.0,12.0,S0_baseline
196359.0,0.0,0.0,603.2871995,1447.8892788,0.0,0.0,120.6574399,120.6574399,0.0,0.0,5.0,12.0,S0_baseline
196362.0,0.0,0.0,576.038996,1382.4935904,0.0,0.0,115.2077992,115.2077992,0.0,0.0,5.0,12.0,S0_baseline
196364.0,0.0,0.0,573.9406085,1262.6693387,0.0,0.0,114.7881217,114.7881217,0.0,0.0,5.0,11.0,S0_baseline
196380.0,0.0,116.22715762,290.56789405,581.1357881,0.0,58.11357881,58.11357881,58.11357881,0.0,2.0,5.0,10.0,S0_baseline
196419.0,0.0,60.76984176,151.9246044,334.23412968,0.0,30.38492088,30.38492088,30.38492088,0.0,2.0,5.0,11.0,S0_baseline
196460.0,0.0,0.0,463.9166572,1275.7708073,0.0,0.0,115.9791643,115.9791643,0.0,0.0,4.0,11.0,S0_baseline
196724.0,0.0,86.02242179,516.13453074,688.17937432,0.0,86.02242179,86.02242179,86.02242179,0.0,1.0,6.0,8.0,S0_baseline
196726.0,0.0,169.2023091,1015.2138546,1353.6184728,0.0,169.2023091,169.2023091,169.2023091,0.0,1.0,6.0,8.0,S0_baseline
196744.0,0.0,136.790096,820.740576,1094.320768,0.0,136.790096,136.790096,136.790096,0.0,1.0,6.0,8.0,S0_baseline
196772.0,0.0,60.79634641,303.98173205,486.37077128,0.0,60.79634641,60.79634641,60.79634641,0.0,1.0,5.0,8.0,S0_baseline
196823.0,0.0,43.10639209,215.53196045,301.74474463,0.0,43.10639209,43.10639209,43.10639209,0.0,1.0,5.0,7.0,S0_baseline
196824.0,0.0,46.15377698,184.61510792,323.07643886000005,0.0,46.15377698,46.15377698,46.15377698000001,0.0,1.0,4.0,7.0,S0_baseline
196845.0,0.0,47.83684341,239.18421705,334.85790387,0.0,47.83684341,47.83684341,47.83684340999999,0.0,1.0,5.0,7.0,S0_baseline
196862.0,0.0,0.0,243.94713315,341.52598641000003,0.0,0.0,48.78942663,48.78942663,0.0,0.0,5.0,7.0,S0_baseline
196871.0,0.0,0.0,190.81345665,305.30153064,0.0,0.0,38.16269133,38.16269133,0.0,0.0,5.0,8.0,S0_baseline
196906.0,0.0,53.49475441,213.97901764,374.46328087,0.0,53.49475441,53.49475441,53.49475441,0.0,1.0,4.0,7.0,S0_baseline
196936.0,0.0,84.74090041,254.22270123,677.92720328,0.0,84.74090041,84.74090041,84.74090041,0.0,1.0,3.0,8.0,S0_baseline
196942.0,0.0,79.89076077,399.45380385,559.23532539,0.0,79.89076077,79.89076077,79.89076077,0.0,1.0,5.0,7.0,S0_baseline
197007.0,0.0,138.8561021,416.5683063,971.9927147,0.0,138.8561021,138.8561021,138.8561021,0.0,1.0,3.0,7.0,S0_baseline
197074.0,0.0,0.0,172.99762776,518.99288328,0.0,0.0,43.24940694,43.24940694,0.0,0.0,4.0,12.0,S0_baseline
198124.0,0.0,0.0,297.74648312,521.05634546,0.0,0.0,74.43662078,74.43662078,0.0,0.0,4.0,7.0,S0_baseline
198547.0,0.0,105.85419236,264.6354809,582.19805798,0.0,52.92709618,66.158870225,52.92709618000001,0.0,2.0,4.0,11.0,S0_baseline
198548.0,0.0,135.27083478,338.17708695,676.3541739,0.0,67.63541739,84.5442717375,67.63541739,0.0,2.0,4.0,10.0,S0_baseline
198934.0,0.0,164.12790168,328.25580336,738.57555756,0.0,82.06395084,82.06395084,82.06395084,0.0,2.0,4.0,9.0,S0_baseline
198935.0,0.0,202.8227326,405.6454652,912.7022967,0.0,101.4113663,101.4113663,101.4113663,0.0,2.0,4.0,9.0,S0_baseline
199149.0,0.0,71.12110788,142.24221576,320.04498546,0.0,35.56055394,35.56055394,35.56055394,0.0,2.0,4.0,9.0,S0_baseline
199406.0,0.0,39.18093688,156.72374752,352.62843192,0.0,39.18093688,39.18093688,39.18093688,0.0,1.0,4.0,9.0,S0_baseline
199538.0,0.0,64.64713368,193.94140104,452.52993576,0.0,64.64713368,64.64713368,64.64713368,0.0,1.0,3.0,7.0,S0_baseline
199887.0,0.0,32.30960882,129.23843528,258.47687056,0.0,32.30960882,32.30960882,32.30960882,0.0,1.0,4.0,8.0,S0_baseline
199968.0,0.0,153.5917314,307.1834628,921.5503884,0.0,76.7958657,76.7958657,76.7958657,0.0,2.0,4.0,12.0,S0_baseline
200034.0,0.0,181.85796741,303.09661235,545.57390223,0.0,60.61932247000001,75.7741530875,60.61932247000001,0.0,3.0,4.0,9.0,S0_baseline
200208.0,0.0,124.35616749,165.80822332,497.42466996,0.0,62.178083745,41.45205583,41.45205583,0.0,2.0,4.0,12.0,S0_baseline
200256.0,0.0,73.1566107,292.6264428,877.8793284000001,0.0,73.1566107,73.1566107,79.80721167272728,0.0,1.0,4.0,11.0,S0_baseline
200262.0,0.0,30.14825929,120.59303716,271.33433361,0.0,30.14825929,30.14825929,30.14825929,0.0,1.0,4.0,9.0,S0_baseline
200392.0,0.0,87.80646122,175.61292244,439.0323061,0.0,43.90323061,43.90323061,43.90323061,0.0,2.0,4.0,10.0,S0_baseline
200456.0,0.0,82.16299864,164.32599728,410.8149932,0.0,41.08149932,41.08149932,41.08149932,0.0,2.0,4.0,10.0,S0_baseline
200523.0,0.0,0.0,162.37638963,378.87824247,0.0,0.0,54.12546321,54.12546321,0.0,0.0,3.0,7.0,S0_baseline
200587.0,52.72985339,52.72985339,158.18956017,421.83882712,52.72985339,52.72985339,52.72985339,52.72985339,1.0,1.0,3.0,8.0,S0_baseline
200689.0,0.0,155.09088552,310.18177104,775.4544276,0.0,77.54544276,77.54544276,77.54544276,0.0,2.0,4.0,10.0,S0_baseline
200694.0,0.0,56.81576265,170.44728795,454.5261012,0.0,56.81576265,56.81576265,56.81576265,0.0,1.0,3.0,8.0,S0_baseline
200696.0,0.0,58.56657496,175.69972488,409.96602472,0.0,58.56657496,58.56657496,58.56657495999999,0.0,1.0,3.0,7.0,S0_baseline
200737.0,0.0,0.0,189.20125326,504.53667536,0.0,0.0,63.06708441999999,63.06708442,0.0,0.0,3.0,8.0,S0_baseline
200840.0,0.0,42.98573808,128.95721423999998,300.90016656,0.0,42.98573808,42.98573808,42.98573808,0.0,1.0,3.0,7.0,S0_baseline
200907.0,0.0,40.5611195,162.244478,324.488956,0.0,40.5611195,40.5611195,40.5611195,0.0,1.0,4.0,8.0,S0_baseline
200928.0,0.0,129.36616845,129.36616845,206.98586952,0.0,32.3415421125,25.87323369,25.87323369,0.0,4.0,5.0,8.0,S0_baseline
200993.0,0.0,27.38792262,82.16376786000001,191.71545834,0.0,27.38792262,27.38792262,27.38792262,0.0,1.0,3.0,7.0,S0_baseline
201016.0,0.0,0.0,85.43109303,199.33921707,0.0,0.0,28.47703101,28.47703101,0.0,0.0,3.0,7.0,S0_baseline
201177.0,0.0,0.0,86.1326727,172.2653454,0.0,0.0,17.22653454,17.22653454,0.0,0.0,5.0,10.0,S0_baseline
201265.0,0.0,0.0,69.42815672,138.85631344,0.0,0.0,17.35703918,17.35703918,0.0,0.0,4.0,8.0,S0_baseline
201363.0,0.0,17.99663106,143.97304848,197.96294166,0.0,17.99663106,23.99550808,24.7453677075,0.0,1.0,6.0,8.0,S0_baseline
201370.0,0.0,0.0,54.44152088,108.88304176,0.0,0.0,13.61038022,13.61038022,0.0,0.0,4.0,8.0,S0_baseline
201374.0,0.0,11.32138418,79.24968926000001,124.53522598,0.0,11.32138418,15.849937852000002,15.5669032475,0.0,1.0,5.0,8.0,S0_baseline
201426.0,0.0,26.64854215,159.8912529,159.8912529,0.0,26.64854215,31.97825058,26.64854215,0.0,1.0,5.0,6.0,S0_baseline
201427.0,0.0,20.83878516,125.03271096,125.03271096,0.0,20.83878516,25.006542192,20.83878516,0.0,1.0,5.0,6.0,S0_baseline
201712.0,0.0,16.33562135,32.6712427,98.0137281,0.0,16.33562135,16.33562135,16.33562135,0.0,1.0,2.0,6.0,S0_baseline
201972.0,0.0,0.0,66.21981639,132.43963278,0.0,0.0,22.073272130000003,22.073272130000003,0.0,0.0,3.0,6.0,S0_baseline
202100.0,0.0,85.87867606,85.87867606,322.045035225,0.0,42.93933803,42.93933803,53.6741725375,0.0,2.0,2.0,6.0,S0_baseline
202126.0,0.0,37.92967301,151.71869204,284.472547575,0.0,37.92967301,37.92967301,47.412091262500006,0.0,1.0,4.0,6.0,S0_baseline
202131.0,0.0,44.1901686,44.1901686,143.61804795,0.0,22.0950843,22.0950843,23.936341325,0.0,2.0,2.0,6.0,S0_baseline
202134.0,0.0,53.29971916,53.29971916,173.22408727,0.0,26.64985958,26.64985958,28.870681211666668,0.0,2.0,2.0,6.0,S0_baseline
202147.0,0.0,133.9907328,267.9814656,435.4698816,0.0,66.9953664,66.9953664,72.57831359999999,0.0,2.0,4.0,6.0,S0_baseline
202163.0,0.0,71.93953308,107.90929962,233.80348251,0.0,35.96976654,35.96976654,38.967247085,0.0,2.0,3.0,6.0,S0_baseline
202164.0,0.0,55.18427344,82.77641016,179.34888868,0.0,27.59213672,27.59213672,29.891481446666663,0.0,2.0,3.0,6.0,S0_baseline
202181.0,0.0,25.7776297,180.4434079,206.2210376,0.0,25.7776297,36.08868158,34.37017293333333,0.0,1.0,5.0,6.0,S0_baseline
202421.0,0.0,0.0,86.19099692,73.87799736,0.0,0.0,17.238199384,14.775599472,0.0,0.0,5.0,5.0,S0_baseline
202484.0,0.0,25.32034232,75.96102696,63.30085580000001,0.0,25.32034232,15.192205392,12.66017116,0.0,1.0,5.0,5.0,S0_baseline
202578.0,10.43380226,20.86760452,62.60281356,67.81971469,10.43380226,20.86760452,12.520562712,13.563942938,1.0,1.0,5.0,5.0,S0_baseline
202591.0,11.86492422,23.72984844,59.3246211,77.12200743000001,11.86492422,23.72984844,11.86492422,15.424401486000002,1.0,1.0,5.0,5.0,S0_baseline
202650.0,0.0,18.08574717,72.34298868,99.471609435,0.0,18.08574717,18.08574717,19.894321887,0.0,1.0,4.0,5.0,S0_baseline
202656.0,0.0,10.54302308,42.17209232,57.98662694,0.0,10.54302308,10.54302308,11.597325387999998,0.0,1.0,4.0,5.0,S0_baseline
202664.0,0.0,19.19931183,76.79724732,86.396903235,0.0,19.19931183,19.19931183,21.59922580875,0.0,1.0,4.0,4.0,S0_baseline
202670.0,0.0,15.72440143,47.17320429,70.759806435,0.0,15.72440143,15.72440143,17.68995160875,0.0,1.0,3.0,4.0,S0_baseline
202684.0,0.0,16.31166082,65.24664328,89.71413451000001,0.0,16.31166082,16.31166082,17.942826902,0.0,1.0,4.0,5.0,S0_baseline
202715.0,0.0,36.82997726,55.24496589,82.867448835,0.0,18.41498863,18.41498863,20.71686220875,0.0,2.0,3.0,4.0,S0_baseline
202718.0,0.0,43.46035998,65.19053997,97.785809955,0.0,21.73017999,21.73017999,24.44645248875,0.0,2.0,3.0,4.0,S0_baseline
202732.0,0.0,50.33833578,75.50750367,113.261255505,0.0,25.16916789,25.16916789,28.31531387625,0.0,2.0,3.0,4.0,S0_baseline
202737.0,0.0,44.84553182,67.26829773,100.902446595,0.0,22.42276591,22.42276591,25.22561164875,0.0,2.0,3.0,4.0,S0_baseline
202743.0,0.0,54.98520338,82.47780507,123.716707605,0.0,27.49260169,27.49260169,30.929176901250003,0.0,2.0,3.0,4.0,S0_baseline
202748.0,0.0,49.3195307,73.97929605,110.968944075,0.0,24.65976535,24.65976535,27.74223601875,0.0,2.0,3.0,4.0,S0_baseline
202750.0,0.0,33.05560057,99.16680171000002,148.75020256500002,0.0,33.05560057,33.05560057,37.187550641250006,0.0,1.0,3.0,4.0,S0_baseline
202752.0,0.0,26.62724041,79.88172123,119.822581845,0.0,26.62724041,26.62724041,29.95564546125,0.0,1.0,3.0,4.0,S0_baseline
202762.0,0.0,59.57465148,89.36197722,134.04296583,0.0,29.78732574,29.78732574,33.5107414575,0.0,2.0,3.0,4.0,S0_baseline
202763.0,0.0,43.19562478,64.79343717,97.190155755,0.0,21.59781239,21.59781239,24.29753893875,0.0,2.0,3.0,4.0,S0_baseline
202809.0,0.0,37.49975216,56.24962824,84.37444236,0.0,18.74987608,18.74987608,21.09361059,0.0,2.0,3.0,4.0,S0_baseline
202815.0,0.0,13.45057209,40.35171627,60.527574405,0.0,13.45057209,13.45057209,15.13189360125,0.0,1.0,3.0,4.0,S0_baseline
202834.0,0.0,18.35548069,55.06644207,82.599663105,0.0,18.35548069,18.35548069,20.64991577625,0.0,1.0,3.0,4.0,S0_baseline
202882.0,18.960939195,12.64062613,75.84375677999999,69.523443715,18.960939195,12.64062613,15.168751355999998,13.904688743,1.0,1.0,5.0,5.0,S0_baseline
202910.0,0.0,69.35477918,104.03216877,156.048253155,0.0,34.67738959,34.67738959,39.01206328875,0.0,2.0,3.0,4.0,S0_baseline
202915.0,0.0,51.3524689,77.02870335,115.543055025,0.0,25.67623445,25.67623445,28.88576375625,0.0,2.0,3.0,4.0,S0_baseline
202916.0,0.0,40.26279338,60.39419006999999,90.591285105,0.0,20.13139669,20.13139669,22.64782127625,0.0,2.0,3.0,4.0,S0_baseline
202960.0,0.0,33.72481894,50.58722841,92.743252085,0.0,16.86240947,16.86240947,23.18581302125,0.0,2.0,3.0,4.0,S0_baseline
202966.0,0.0,42.75972816,64.13959224,96.20938836,0.0,21.37986408,21.37986408,24.05234709,0.0,2.0,3.0,4.0,S0_baseline
202974.0,0.0,44.95272222,67.42908333,101.143624995,0.0,22.47636111,22.47636111,25.28590624875,0.0,2.0,3.0,4.0,S0_baseline
202979.0,0.0,40.92617336,61.38926004,92.08389006,0.0,20.46308668,20.46308668,23.020972515,0.0,2.0,3.0,4.0,S0_baseline
202982.0,0.0,27.7819853,83.34595589999999,125.01893385,0.0,27.7819853,27.7819853,31.2547334625,0.0,1.0,3.0,4.0,S0_baseline
202985.0,0.0,18.48722437,55.46167311,83.192509665,0.0,18.48722437,18.48722437,20.79812741625,0.0,1.0,3.0,4.0,S0_baseline
203006.0,0.0,19.52648728,58.57946184000001,87.86919276,0.0,19.52648728,19.52648728,21.96729819,0.0,1.0,3.0,4.0,S0_baseline
203037.0,0.0,19.41552649,58.24657947,87.369869205,0.0,19.41552649,19.41552649,21.84246730125,0.0,1.0,3.0,4.0,S0_baseline
203046.0,0.0,58.69783238,88.04674857,132.070122855,0.0,29.34891619,29.34891619,33.01753071375,0.0,2.0,3.0,4.0,S0_baseline
203056.0,0.0,14.22756756,42.682702680000006,64.02405402000001,0.0,14.22756756,14.227567560000002,16.006013505000002,0.0,1.0,3.0,4.0,S0_baseline
203061.0,0.0,18.56034163,55.68102489,83.521537335,0.0,18.56034163,18.56034163,20.88038433375,0.0,1.0,3.0,4.0,S0_baseline
203084.0,0.0,54.363163,81.54474450000001,176.68027975,0.0,27.1815815,27.181581500000004,44.1700699375,0.0,2.0,3.0,4.0,S0_baseline
203122.0,0.0,82.64450955000001,82.64450955000001,179.063104025,0.0,27.548169850000004,27.548169850000004,44.76577600625,0.0,3.0,3.0,4.0,S0_baseline
203128.0,0.0,74.18202424,148.36404848,278.18259090000004,0.0,37.09101212,37.09101212,55.63651818000001,0.0,2.0,4.0,5.0,S0_baseline
203132.0,0.0,124.964195,374.892585,687.3030725,0.0,124.964195,124.964195,137.4606145,0.0,1.0,3.0,5.0,S0_baseline
203133.0,0.0,134.0401854,536.1607416,1005.3013905,0.0,134.0401854,134.0401854,201.0602781,0.0,1.0,4.0,5.0,S0_baseline
203134.0,0.0,130.125308,520.501232,1106.065118,0.0,130.125308,130.125308,184.3441863333333,0.0,1.0,4.0,6.0,S0_baseline
203136.0,0.0,38.33765664,153.35062656,249.19476816,0.0,38.33765664,38.33765664,41.53246136,0.0,1.0,4.0,6.0,S0_baseline
203139.0,0.0,33.46028445,133.8411378,184.031564475,0.0,33.46028445,33.46028445,36.806312895000005,0.0,1.0,4.0,5.0,S0_baseline
203146.0,0.0,26.60190573,79.80571719,172.912387245,0.0,26.60190573,26.60190573,28.8187312075,0.0,1.0,3.0,6.0,S0_baseline
203147.0,0.0,44.85023987,224.25119935,246.67631928500003,0.0,44.85023987,44.85023987,49.33526385700001,0.0,1.0,5.0,5.0,S0_baseline
203161.0,0.0,116.1227956,174.1841934,377.3990857,0.0,58.0613978,58.0613978,62.89984761666667,0.0,2.0,3.0,6.0,S0_baseline
203168.0,0.0,253.218992,633.04748,949.57122,0.0,126.609496,126.609496,189.914244,0.0,2.0,5.0,5.0,S0_baseline
203172.0,0.0,108.5919154,542.9595770000001,597.2555347,0.0,108.5919154,108.59191540000002,119.45110694,0.0,1.0,5.0,5.0,S0_baseline
203188.0,0.0,94.79035824,221.17750256,189.58071648,0.0,31.59678608,31.59678608,31.59678608,0.0,3.0,7.0,6.0,S0_baseline
203189.0,0.0,208.78327392,487.16097248,487.16097248,0.0,69.59442464,69.59442464,69.59442464,0.0,3.0,7.0,7.0,S0_baseline
203205.0,0.0,83.77688022,223.40501392,307.18189414,0.0,27.92562674,31.915001988571422,38.3977367675,0.0,3.0,7.0,8.0,S0_baseline
203212.0,0.0,73.55166980999999,171.62056289,232.913621065,0.0,24.51722327,24.51722327,29.114202633125,0.0,3.0,7.0,8.0,S0_baseline
203220.0,0.0,48.46102118,121.15255295,181.728829425,0.0,24.23051059,24.23051059,30.288138237500004,0.0,2.0,5.0,6.0,S0_baseline
203222.0,0.0,102.11645964,238.27173916,255.2911491,0.0,34.03881988,34.03881988,42.54852485,0.0,3.0,7.0,6.0,S0_baseline
203227.0,0.0,91.24791813,273.74375439,228.119795325,0.0,30.415972709999995,30.41597271,38.0199658875,0.0,3.0,9.0,6.0,S0_baseline
203229.0,0.0,49.25368958,147.76106873999998,184.701335925,0.0,24.62684479,24.62684479,30.7835559875,0.0,2.0,6.0,6.0,S0_baseline
203251.0,0.0,149.18481065,268.53265917,223.777215975,0.0,29.83696213,29.83696213,37.2962026625,0.0,5.0,9.0,6.0,S0_baseline
203254.0,0.0,81.74696979000001,245.24090937,204.367424475,0.0,27.248989930000004,27.24898993,34.0612374125,0.0,3.0,9.0,6.0,S0_baseline
203262.0,0.0,80.24506084,361.10277378,260.79644772999995,0.0,40.12253042,40.12253042,43.46607462166666,0.0,2.0,9.0,6.0,S0_baseline
203273.0,0.0,88.85380695,266.56142085,251.752453025,0.0,29.617935650000003,33.32017760625,35.96463614642857,0.0,3.0,8.0,7.0,S0_baseline
203274.0,0.0,86.08722678,200.87019582,200.87019582,0.0,28.69574226,28.69574226,28.69574226,0.0,3.0,7.0,7.0,S0_baseline
203277.0,0.0,56.858501,255.8632545,213.21937875,0.0,28.4292505,28.4292505,35.536563124999994,0.0,2.0,9.0,6.0,S0_baseline
203816.0,0.0,0.0,31.08420948,82.89122528,0.0,0.0,10.36140316,10.36140316,0.0,0.0,3.0,8.0,S0_baseline
203977.0,0.0,0.0,126.95245389000002,296.22239241,0.0,0.0,42.31748463,42.31748463,0.0,0.0,3.0,7.0,S0_baseline
203986.0,0.0,0.0,191.23533564,573.7060069199999,0.0,0.0,63.74511188,63.74511188,0.0,0.0,3.0,9.0,S0_baseline
203995.0,0.0,0.0,175.74179928,410.06419832,0.0,0.0,58.580599760000005,58.58059976,0.0,0.0,3.0,7.0,S0_baseline
204026.0,0.0,0.0,167.90294436,391.77353684,0.0,0.0,55.96764812,55.96764812,0.0,0.0,3.0,7.0,S0_baseline
204056.0,21.20977932,0.0,42.41955864,106.0488966,21.20977932,0.0,21.20977932,21.20977932,1.0,0.0,2.0,5.0,S0_baseline
204229.0,107.7053004,0.0,753.9371028,1723.2848064,107.7053004,0.0,150.78742056000002,172.32848064,1.0,0.0,5.0,10.0,S0_baseline
204271.0,0.0,0.0,1291.601952,4520.606832,0.0,0.0,322.900488,410.9642574545454,0.0,0.0,4.0,11.0,S0_baseline
204287.0,0.0,0.0,33.44225577,111.4741859,0.0,0.0,11.14741859,11.14741859,0.0,0.0,3.0,10.0,S0_baseline
204307.0,0.0,0.0,1389.079964,3611.6079064,0.0,0.0,347.269991,361.16079064,0.0,0.0,4.0,10.0,S0_baseline
204317.0,0.0,0.0,2175.1151308,7612.902957799999,0.0,0.0,725.0383769333333,692.0820870727272,0.0,0.0,3.0,11.0,S0_baseline
204328.0,0.0,0.0,126.51129636,316.2782409,0.0,0.0,42.17043212,45.18260584285714,0.0,0.0,3.0,7.0,S0_baseline
204329.0,0.0,0.0,71.46939675,166.76192575,0.0,0.0,23.82313225,23.82313225,0.0,0.0,3.0,7.0,S0_baseline
204346.0,0.0,0.0,382.2582566,860.08107735,0.0,0.0,95.56456415,95.56456415,0.0,0.0,4.0,9.0,S0_baseline
204386.0,295.8340364,0.0,887.5021092,2366.6722912,295.8340364,0.0,295.8340364,295.8340364,1.0,0.0,3.0,8.0,S0_baseline
204405.0,0.0,77.94219866,233.82659598,623.53758928,0.0,77.94219866,77.94219866,77.94219866,0.0,1.0,3.0,8.0,S0_baseline
204406.0,0.0,102.6038054,307.8114162,820.8304432,0.0,102.6038054,102.6038054,102.6038054,0.0,1.0,3.0,8.0,S0_baseline
204565.0,0.0,0.0,209.8517336,209.8517336,0.0,0.0,104.9258668,104.9258668,0.0,0.0,2.0,2.0,S0_baseline
204575.0,0.0,0.0,277.76270649,185.17513766,0.0,0.0,138.881353245,92.58756883,0.0,0.0,2.0,2.0,S0_baseline
204576.0,0.0,0.0,186.60969862,186.60969862,0.0,0.0,93.30484931,93.30484931,0.0,0.0,2.0,2.0,S0_baseline
204661.0,0.0,22.44076511,89.76306044,123.424208105,0.0,22.44076511,22.44076511,24.684841621,0.0,1.0,4.0,5.0,S0_baseline
204709.0,0.0,52.57301786,78.85952679,118.289290185,0.0,26.28650893,26.28650893,29.57232254625,0.0,2.0,3.0,4.0,S0_baseline
204721.0,0.0,21.97245299,65.91735897000001,98.876038455,0.0,21.97245299,21.972452990000004,24.719009613750003,0.0,1.0,3.0,4.0,S0_baseline
204750.0,0.0,50.60629109999999,67.4750548,101.2125822,0.0,16.8687637,16.8687637,16.8687637,0.0,3.0,4.0,6.0,S0_baseline
204823.0,0.0,0.0,50.03525752,175.12340132,0.0,0.0,25.01762876,25.01762876,0.0,0.0,2.0,7.0,S0_baseline
205047.0,0.0,30.21737858,60.43475716,120.86951432,0.0,15.10868929,15.10868929,15.10868929,0.0,2.0,4.0,8.0,S0_baseline
205167.0,0.0,66.02921572,99.04382358,264.11686288,0.0,33.01460786,33.01460786,33.01460786,0.0,2.0,3.0,8.0,S0_baseline
205182.0,0.0,147.31062844,220.96594266,515.5871995399999,0.0,73.65531422,73.65531422,73.65531422,0.0,2.0,3.0,7.0,S0_baseline
205187.0,0.0,14.33921199,57.35684796,129.05290791000002,0.0,14.33921199,14.33921199,16.131613488750002,0.0,1.0,4.0,8.0,S0_baseline
205217.0,0.0,169.93876992,254.90815488,594.78569472,0.0,84.96938496,84.96938496,84.96938496,0.0,2.0,3.0,7.0,S0_baseline
205309.0,0.0,16.04382909,48.13148727,112.30680363,0.0,16.04382909,16.04382909,16.04382909,0.0,1.0,3.0,7.0,S0_baseline
205371.0,0.0,0.0,274.0348546,548.0697092,0.0,0.0,68.50871365,68.50871365,0.0,0.0,4.0,8.0,S0_baseline
205380.0,0.0,0.0,382.8472396,765.6944792,0.0,0.0,95.7118099,95.7118099,0.0,0.0,4.0,8.0,S0_baseline
205410.0,0.0,0.0,232.87006311,543.36348059,0.0,0.0,77.62335437,77.62335437,0.0,0.0,3.0,7.0,S0_baseline
205422.0,0.0,0.0,175.56677865,409.65581685,0.0,0.0,58.52225955,58.52225955,0.0,0.0,3.0,7.0,S0_baseline
205481.0,0.0,0.0,68.36999541,159.52998929,0.0,0.0,22.78999847,22.78999847,0.0,0.0,3.0,7.0,S0_baseline
205610.0,0.0,44.53650558,178.14602232,267.21903348,0.0,44.53650558,44.53650558,44.53650558,0.0,1.0,4.0,6.0,S0_baseline
205622.0,0.0,26.4167413,105.6669652,158.50044780000002,0.0,26.4167413,26.4167413,26.4167413,0.0,1.0,4.0,6.0,S0_baseline
205890.0,0.0,44.83185092,134.49555276,268.99110552,0.0,44.83185092,44.83185092,44.83185092,0.0,1.0,3.0,6.0,S0_baseline
205891.0,0.0,52.67538434,79.01307651,158.02615302,0.0,52.67538434,26.33769217,26.33769217,0.0,1.0,3.0,6.0,S0_baseline
205975.0,0.0,12.78000469,38.34001407,76.68002814,0.0,12.78000469,12.78000469,12.78000469,0.0,1.0,3.0,6.0,S0_baseline
206008.0,0.0,0.0,40.57361232,91.29062772,0.0,0.0,10.14340308,10.14340308,0.0,0.0,4.0,9.0,S0_baseline
206048.0,0.0,13.20235011,39.60705033,79.21410066,0.0,13.20235011,13.20235011,13.20235011,0.0,1.0,3.0,6.0,S0_baseline
206056.0,16.8318222,11.2212148,56.106074,61.7166814,16.8318222,11.2212148,11.2212148,12.34333628,1.0,1.0,5.0,5.0,S0_baseline
206069.0,0.0,26.61570154,79.84710462,159.69420924,0.0,26.61570154,26.61570154,26.61570154,0.0,1.0,3.0,6.0,S0_baseline
206070.0,0.0,62.34380944,93.51571416,187.03142832,0.0,62.34380944,31.17190472,31.17190472,0.0,1.0,3.0,6.0,S0_baseline
206078.0,0.0,86.82655908000001,144.7109318,231.53749088,0.0,43.413279540000005,28.94218636,28.94218636,0.0,2.0,5.0,8.0,S0_baseline
206171.0,15.71913705,10.4794247,73.3559729,57.63683585,15.71913705,10.4794247,14.67119458,11.52736717,1.0,1.0,5.0,5.0,S0_baseline
206173.0,0.0,0.0,229.35612768,688.06838304,0.0,0.0,76.45204256,76.45204256,0.0,0.0,3.0,9.0,S0_baseline
206174.0,0.0,0.0,258.69399669,776.0819900700001,0.0,0.0,86.23133223,86.23133223,0.0,0.0,3.0,9.0,S0_baseline
206194.0,0.0,16.0036664,64.0146656,80.018332,0.0,16.0036664,16.0036664,16.0036664,0.0,1.0,4.0,5.0,S0_baseline
206257.0,0.0,16.51233697,82.56168485,82.56168485,0.0,16.51233697,20.6404212125,16.51233697,0.0,1.0,4.0,5.0,S0_baseline
206263.0,0.0,9.094943837,36.379775348,45.474719185000005,0.0,9.094943837,9.094943837,9.094943837,0.0,1.0,4.0,5.0,S0_baseline
206265.0,0.0,32.17903136,128.71612544,193.07418816,0.0,32.17903136,32.17903136,32.17903136,0.0,1.0,4.0,6.0,S0_baseline
206307.0,0.0,19.95708405,79.8283362,119.7425043,0.0,19.95708405,19.95708405,19.95708405,0.0,1.0,4.0,6.0,S0_baseline
206310.0,11.48984804,22.97969608,57.4492402,57.4492402,11.48984804,22.97969608,11.48984804,11.48984804,1.0,1.0,5.0,5.0,S0_baseline
206332.0,16.09513941,10.73009294,53.6504647,69.74560411,16.09513941,10.73009294,10.73009294,13.949120822,1.0,1.0,5.0,5.0,S0_baseline
206373.0,12.727937466,8.485291644,42.42645822,46.669104042,12.727937466,8.485291644,8.485291644,9.3338208084,1.0,1.0,5.0,5.0,S0_baseline
206382.0,0.0,10.01355748,60.08134488,50.0677874,0.0,10.01355748,12.016268976,10.01355748,0.0,1.0,5.0,5.0,S0_baseline
206390.0,0.0,56.47325726,225.89302904,338.83954356,0.0,56.47325726,56.47325726,56.47325726,0.0,1.0,4.0,6.0,S0_baseline
206408.0,0.0,24.91205787,99.64823148,149.47234722000002,0.0,24.91205787,24.91205787,24.91205787,0.0,1.0,4.0,6.0,S0_baseline
206458.0,0.0,13.6159135,54.463654,68.0795675,0.0,13.6159135,13.6159135,13.6159135,0.0,1.0,4.0,5.0,S0_baseline
206484.0,0.0,0.0,29.68036786,118.72147144,0.0,0.0,14.84018393,14.84018393,0.0,0.0,2.0,8.0,S0_baseline
206490.0,0.0,28.3122364,56.6244728,70.780591,0.0,28.3122364,14.1561182,14.1561182,0.0,1.0,4.0,5.0,S0_baseline
206498.0,0.0,47.03605377,141.10816131,282.21632262,0.0,47.03605377,47.03605377,47.03605377,0.0,1.0,3.0,6.0,S0_baseline
206540.0,0.0,19.36016284,96.8008142,96.8008142,0.0,19.36016284,19.36016284,19.36016284,0.0,1.0,5.0,5.0,S0_baseline
206548.0,0.0,0.0,37.98811119,75.97622238,0.0,0.0,12.66270373,12.66270373,0.0,0.0,3.0,6.0,S0_baseline
206600.0,0.0,0.0,35.64997288,142.59989152,0.0,0.0,17.82498644,17.82498644,0.0,0.0,2.0,8.0,S0_baseline
206606.0,0.0,17.77302992,53.31908976,106.63817952,0.0,17.77302992,17.77302992,17.77302992,0.0,1.0,3.0,6.0,S0_baseline
206628.0,0.0,27.86145602,111.44582408,167.16873612,0.0,27.86145602,27.86145602,27.86145602,0.0,1.0,4.0,6.0,S0_baseline
206678.0,0.0,0.0,691.5875640749999,300.69024525,0.0,0.0,86.44844550937499,75.1725613125,0.0,0.0,8.0,4.0,S0_baseline
206683.0,82.63308597,0.0,950.280488655,413.16542985,82.63308597,0.0,118.785061081875,103.2913574625,1.0,0.0,8.0,4.0,S0_baseline
206688.0,68.27142572,0.0,853.3928215,341.3571286,68.27142572,0.0,106.6741026875,85.33928215,1.0,0.0,8.0,4.0,S0_baseline
206691.0,50.40758117,0.0,630.0947646249999,327.64927760499995,50.40758117,0.0,78.76184557812499,65.52985552099999,1.0,0.0,8.0,5.0,S0_baseline
206697.0,63.23652418,0.0,727.22002807,316.1826209,63.23652418,0.0,90.90250350875,79.045655225,1.0,0.0,8.0,4.0,S0_baseline
206877.0,97.77890626,0.0,1124.45742199,635.56289069,97.77890626,0.0,140.55717774875,158.8907226725,1.0,0.0,8.0,4.0,S0_baseline
206878.0,124.1136579,0.0,1427.30706585,620.5682895,124.1136579,0.0,178.41338323125,155.142072375,1.0,0.0,8.0,4.0,S0_baseline
206879.0,92.84411808,0.0,1160.551476,464.2205904,92.84411808,0.0,145.0689345,116.0551476,1.0,0.0,8.0,4.0,S0_baseline
206887.0,201.2913385,0.0,2415.496062,1308.3937002500002,201.2913385,0.0,301.93700775,261.67874005000004,1.0,0.0,8.0,5.0,S0_baseline
206892.0,211.2461626,0.0,2640.5770325,1795.5923821,211.2461626,0.0,293.3974480555555,299.26539701666667,1.0,0.0,9.0,6.0,S0_baseline
206896.0,183.3525775,0.0,1925.20206375,1191.7917537499998,183.3525775,0.0,240.65025796875,238.35835075,1.0,0.0,8.0,5.0,S0_baseline
206919.0,227.4515221,0.0,2615.69250415,1478.43489365,227.4515221,0.0,290.6325004611111,295.68697873,1.0,0.0,9.0,5.0,S0_baseline
206920.0,164.5828591,0.0,1892.70287965,1069.78858415,164.5828591,0.0,210.30031996111111,213.95771683000004,1.0,0.0,9.0,5.0,S0_baseline
206925.0,137.0068573,0.0,1781.0891449,890.54457245,137.0068573,0.0,178.10891449000002,178.10891449000002,1.0,0.0,10.0,5.0,S0_baseline
206954.0,221.121550375,0.0,1149.83206195,884.4862014999999,110.56077518749998,0.0,114.983206195,110.56077518749998,2.0,0.0,10.0,8.0,S0_baseline
206957.0,175.8251519,0.0,2285.7269747,1318.68863925,175.8251519,0.0,228.57269747,219.781439875,1.0,0.0,10.0,6.0,S0_baseline
206965.0,291.718346,0.0,3792.338498,2187.887595,291.718346,0.0,379.2338498,364.6479325,1.0,0.0,10.0,6.0,S0_baseline
206978.0,357.50222925,0.0,1859.0115921,1430.008917,178.751114625,0.0,185.90115921,178.751114625,2.0,0.0,10.0,8.0,S0_baseline
206979.0,318.56534488,0.0,1114.97870708,796.4133621999999,159.28267244,0.0,101.36170064363635,99.551670275,2.0,0.0,11.0,8.0,S0_baseline
206980.0,167.99868062500002,0.0,940.7926115,671.9947225000001,83.99934031250001,0.0,85.52660104545454,83.99934031250001,2.0,0.0,11.0,8.0,S0_baseline
206983.0,203.91999905,0.0,938.03199563,815.6799962,101.959999525,0.0,104.22577729222222,116.52571374285716,2.0,0.0,9.0,7.0,S0_baseline
206990.0,158.5565512,0.0,824.4940662399999,539.0922740799999,79.2782756,0.0,82.44940662399999,77.01318201142855,2.0,0.0,10.0,7.0,S0_baseline
206995.0,102.5118389,0.0,1230.1420668,922.6065501,102.5118389,0.0,153.76775835,131.80093572857143,1.0,0.0,8.0,7.0,S0_baseline
206997.0,591.40162,0.0,3075.288424,1774.2048599999998,295.70081,0.0,307.5288424,354.840972,2.0,0.0,10.0,5.0,S0_baseline
207000.0,96.8809929,0.0,1114.13141835,823.4884396499999,96.8809929,0.0,123.79237981666664,117.6412056642857,1.0,0.0,9.0,7.0,S0_baseline
207037.0,145.6137763,0.0,1456.1377630000002,1019.2964341,145.6137763,0.0,182.017220375,169.88273901666668,1.0,0.0,8.0,6.0,S0_baseline
207041.0,699.2132015,0.0,3915.5939284,1678.1116836,349.60660075,0.0,391.55939284,335.62233672,2.0,0.0,10.0,5.0,S0_baseline
207043.0,639.974191,0.0,3327.8657932,1791.9277348,319.9870955,0.0,332.78657932,298.6546224666667,2.0,0.0,10.0,6.0,S0_baseline
207046.0,101.0488931,0.0,1162.06227065,707.3422517,101.0488931,0.0,129.11803007222224,117.89037528333334,1.0,0.0,9.0,6.0,S0_baseline
207049.0,386.3615245,0.0,2163.6245372,927.2676588,193.18076225,0.0,216.36245372,185.45353176,2.0,0.0,10.0,5.0,S0_baseline
207067.0,244.9595692,0.0,1592.2371998,1347.2776306,122.4797846,0.0,199.029649975,168.409703825,2.0,0.0,8.0,8.0,S0_baseline
207073.0,574.71200425,0.0,3218.3872238,1954.02081445,287.356002125,0.0,292.5806567090909,279.1458306357143,2.0,0.0,11.0,7.0,S0_baseline
207076.0,153.982615925,0.0,862.3026491800001,431.15132459000006,76.9913079625,0.0,78.39114992545456,71.85855409833334,2.0,0.0,11.0,6.0,S0_baseline
207090.0,105.7788869,0.0,1480.9044166,740.4522083,105.7788869,0.0,134.62767423636365,123.40870138333334,1.0,0.0,11.0,6.0,S0_baseline
207098.0,574.6273815,0.0,2988.0623838,1608.9566682,287.31369075,0.0,298.80623838,268.1594447,2.0,0.0,10.0,6.0,S0_baseline
207106.0,389.34731025,0.0,3633.908229,1427.60680425,389.34731025,0.0,330.3552935454545,285.52136084999995,1.0,0.0,11.0,5.0,S0_baseline
207110.0,145.7039078,0.0,1675.5949397,1019.9273546,145.7039078,0.0,186.1772155222222,169.98789243333331,1.0,0.0,9.0,6.0,S0_baseline
207144.0,94.90640863,0.0,1091.423699245,664.34486041,94.90640863,0.0,121.26929991611112,110.72414340166668,1.0,0.0,9.0,6.0,S0_baseline
207162.0,144.8051456,0.0,1665.2591744,1013.6360192,144.8051456,0.0,185.0287971555556,168.93933653333332,1.0,0.0,9.0,6.0,S0_baseline
207164.0,0.0,0.0,1426.4507125,798.8123989999999,0.0,0.0,142.64507125,133.1353998333333,0.0,0.0,10.0,6.0,S0_baseline
207167.0,142.6017366,0.0,1925.1234441,998.2121562,142.6017366,0.0,192.51234441000005,166.36869270000005,1.0,0.0,10.0,6.0,S0_baseline
207176.0,99.57376186,0.0,1344.24578511,697.01633302,99.57376186,0.0,134.424578511,116.16938883666668,1.0,0.0,10.0,6.0,S0_baseline
207177.0,211.4902067,0.0,2855.11779045,1480.4314469,211.4902067,0.0,285.511779045,246.7385744833333,1.0,0.0,10.0,6.0,S0_baseline
207179.0,212.4209311,0.0,2867.68256985,1486.9465177,212.4209311,0.0,286.768256985,247.82441961666663,1.0,0.0,10.0,6.0,S0_baseline
207185.0,129.6112919,0.0,1490.52985685,907.2790433,129.6112919,0.0,165.6144285388889,151.21317388333333,1.0,0.0,9.0,6.0,S0_baseline
207192.0,238.4707591,0.0,2623.1783501,1669.2953137,238.4707591,0.0,291.46426112222224,278.21588561666664,1.0,0.0,9.0,6.0,S0_baseline
207200.0,231.154829,0.0,2773.857948,1618.083803,231.154829,0.0,277.3857948,269.68063383333333,1.0,0.0,10.0,6.0,S0_baseline
207215.0,53.04437387,0.0,636.53248644,371.31061709,53.04437387,0.0,63.653248644,61.88510284833333,1.0,0.0,10.0,6.0,S0_baseline
207250.0,0.0,0.0,1854.6288132,927.3144066,0.0,0.0,185.46288132,185.46288132,0.0,0.0,10.0,5.0,S0_baseline
208687.0,146.1779191,109.633439325,803.97855505,584.7116764,73.08895955,109.633439325,89.33095056111111,83.53023948571429,2.0,1.0,9.0,7.0,S0_baseline
208707.0,259.948567445,185.677548175,705.5746830649999,816.9812119699999,86.64952248166666,92.83877408749998,88.19683538312499,90.77569021888888,3.0,2.0,8.0,9.0,S0_baseline
208810.0,165.033368,198.0400416,627.1267984,660.133472,82.516684,99.0200208,78.3908498,82.516684,2.0,2.0,8.0,8.0,S0_baseline
208827.0,220.8659454,331.2989181,2429.5253994,1766.9275632,220.8659454,331.2989181,269.9472666,252.4182233142857,1.0,1.0,9.0,7.0,S0_baseline
208830.0,108.8005488,163.2008232,1196.8060368,870.4043904,108.8005488,163.2008232,132.97844853333334,124.34348434285714,1.0,1.0,9.0,7.0,S0_baseline
208840.0,241.2321719,289.47860628,916.68225322,964.9286876,120.61608595,144.73930314,114.5852816525,120.61608595,2.0,2.0,8.0,8.0,S0_baseline
208860.0,161.66380852500004,193.99657023000003,614.3224723950001,711.3207575100001,80.83190426250002,96.99828511500002,76.79030904937501,79.03563972333335,2.0,2.0,8.0,9.0,S0_baseline
208933.0,182.738319025,219.28598283,694.405612295,804.04860371,91.3691595125,109.642991415,86.800701536875,89.33873374555554,2.0,2.0,8.0,9.0,S0_baseline
208935.0,158.3862416,118.7896812,871.1243288000001,633.5449664,79.1931208,118.7896812,96.79159208888888,90.50642377142856,2.0,1.0,9.0,7.0,S0_baseline
208937.0,76.06772169,0.0,836.7449385900001,608.54177352,76.06772169,0.0,92.97165984333334,86.93453907428571,1.0,0.0,9.0,7.0,S0_baseline
208974.0,217.842368475,261.41084217,827.801000205,958.50642129,108.9211842375,130.705421085,103.475125025625,106.50071347666668,2.0,2.0,8.0,9.0,S0_baseline
208993.0,114.7565539,0.0,1262.3220929,918.0524312,114.7565539,0.0,140.25801032222225,131.1503473142857,1.0,0.0,9.0,7.0,S0_baseline
208994.0,99.90072988,0.0,1098.90802868,799.20583904,99.90072988,0.0,122.10089207555558,114.17226272,1.0,0.0,9.0,7.0,S0_baseline
209012.0,320.6570055,384.7884066,1218.4966209000002,1282.628022,160.32850275,192.3942033,152.31207761250002,160.32850275,2.0,2.0,8.0,8.0,S0_baseline
209085.0,252.9307375,303.516885,961.1368025,1112.8952450000002,126.46536875,151.7584425,120.1421003125,123.65502722222224,2.0,2.0,8.0,9.0,S0_baseline
209118.0,303.2071475,363.848577,1152.1871605,1334.111449,151.60357375,181.9242885,144.0233950625,148.23460544444444,2.0,2.0,8.0,9.0,S0_baseline
209123.0,83.2436791,0.0,915.6804701,665.9494328,83.2436791,0.0,101.74227445555556,95.13563325714286,1.0,0.0,9.0,7.0,S0_baseline
209143.0,368.1978119,0.0,4050.1759309,2945.5824952,368.1978119,0.0,450.0195478777777,420.7974993142857,1.0,0.0,9.0,7.0,S0_baseline
209161.0,281.1526925,281.1526925,1068.3802315,1237.0718470000002,140.57634625,140.57634625,133.5475289375,137.45242744444445,2.0,2.0,8.0,9.0,S0_baseline
209298.0,271.69508125000004,271.69508125000004,1032.44130875,1195.4583575,135.84754062500002,135.84754062500002,129.05516359375,132.82870638888892,2.0,2.0,8.0,9.0,S0_baseline
209357.0,218.68483465000003,218.68483465000003,743.52843781,962.21327246,109.342417325,109.342417325,106.21834825857142,106.9125858288889,2.0,2.0,7.0,9.0,S0_baseline
209373.0,180.7180365,0.0,1987.8984015,1445.744292,180.7180365,0.0,220.87760016666667,206.53489885714288,1.0,0.0,9.0,7.0,S0_baseline
209380.0,113.6040227,284.01005675,1249.6442497,1192.84223835,113.6040227,142.005028375,138.8493610777778,132.53802648333334,1.0,2.0,9.0,9.0,S0_baseline
209476.0,269.5204885,269.5204885,916.3696609,1185.8901494000002,134.76024425,134.76024425,130.90995155714288,131.76557215555556,2.0,2.0,7.0,9.0,S0_baseline
209478.0,383.176319,383.176319,1302.7994846,1685.9758036,191.5881595,191.5881595,186.1142120857143,187.3306448444445,2.0,2.0,7.0,9.0,S0_baseline
209490.0,232.7913033,232.7913033,884.6069525400001,1024.28173452,116.39565165,116.39565165,110.5758690675,113.80908161333336,2.0,2.0,8.0,9.0,S0_baseline
209494.0,333.038717,333.038717,1132.3316378,1465.3703548,166.5193585,166.5193585,161.76166254285712,162.8189283111111,2.0,2.0,7.0,9.0,S0_baseline
209509.0,69.21185169,184.56493784,438.34172737,507.55357906,69.21185169,92.28246892,54.79271592125,56.39484211777778,1.0,2.0,8.0,9.0,S0_baseline
209511.0,126.1675624,315.418906,1387.8431864,1198.5918428,126.1675624,157.709453,154.20479848888888,149.82398035,1.0,2.0,9.0,8.0,S0_baseline
209531.0,93.92712161,0.0,1033.19833771,751.41697288,93.92712161,0.0,114.79981530111112,107.34528184,1.0,0.0,9.0,7.0,S0_baseline
209552.0,87.32138103,0.0,960.53519133,698.57104824,87.32138103,0.0,106.72613237,99.79586403428571,1.0,0.0,9.0,7.0,S0_baseline
209559.0,234.47041145,234.47041145,890.98756351,1031.66981038,117.235205725,117.235205725,111.37344543875,114.62997893111113,2.0,2.0,8.0,9.0,S0_baseline
209620.0,81.804908685,136.341514475,518.0977550050001,599.90266369,81.804908685,68.1707572375,64.76221937562501,66.65585152111112,1.0,2.0,8.0,9.0,S0_baseline
209642.0,259.8862707,216.57189225,822.97319055,952.9163259,259.8862707,108.285946125,102.87164881875,105.87959176666668,1.0,2.0,8.0,9.0,S0_baseline
209647.0,143.1188346,143.1188346,486.60403764,601.09910532,71.5594173,71.5594173,69.51486252,66.78878948,2.0,2.0,7.0,9.0,S0_baseline
209654.0,170.5325184,284.220864,1080.0392832,1250.5718016,170.5325184,142.110432,135.0049104,138.95242240000002,1.0,2.0,8.0,9.0,S0_baseline
209708.0,121.141295,302.8532375,1332.554245,1271.9835975,121.141295,151.42661875,148.06158277777777,141.33151083333334,1.0,2.0,9.0,9.0,S0_baseline
209747.0,196.1217708,490.304427,2157.3394788,2059.2785934,196.1217708,245.1522135,239.7043865333333,228.8087326,1.0,2.0,9.0,9.0,S0_baseline
209778.0,109.885249475,109.885249475,417.563948005,483.49509769,54.942624737500005,54.942624737500005,52.195493500625005,53.72167752111111,2.0,2.0,8.0,9.0,S0_baseline
209815.0,434.306074,434.306074,1650.3630812,2258.3915848,217.153037,217.153037,206.29538515,205.30832589090912,2.0,2.0,8.0,11.0,S0_baseline
209835.0,272.92807625,272.92807625,1037.12668975,1146.29792025,136.464038125,136.464038125,129.64083621875,127.36643558333334,2.0,2.0,8.0,9.0,S0_baseline
209852.0,377.017754,377.017754,1432.6674652000002,1432.6674652000002,188.508877,188.508877,179.08343315000002,179.08343315000002,2.0,2.0,8.0,8.0,S0_baseline
209931.0,288.03834568,252.03355247,576.07669136,864.1150370400001,144.01917284,84.01118415666667,82.29667019428572,86.41150370400001,2.0,3.0,7.0,10.0,S0_baseline
209981.0,180.09420542499998,180.09420542499998,792.41450387,792.41450387,90.04710271249999,90.04710271249999,88.04605598555555,88.04605598555555,2.0,2.0,9.0,9.0,S0_baseline
210030.0,0.0,216.5405476,2381.9460236,2057.1352022,0.0,216.5405476,264.66066928888887,257.141900275,0.0,1.0,9.0,8.0,S0_baseline
210059.0,0.0,257.0216599,2827.2382588999994,2441.70576905,0.0,257.0216599,314.1375843222221,305.21322113124995,0.0,1.0,9.0,8.0,S0_baseline
210065.0,165.515603825,165.515603825,728.26865683,893.784260655,82.7578019125,82.7578019125,80.91873964777778,81.25311460500001,2.0,2.0,9.0,11.0,S0_baseline
210072.0,204.061388,204.061388,897.8701072,897.8701072,102.030694,102.030694,99.76334524444444,99.76334524444444,2.0,2.0,9.0,9.0,S0_baseline
210106.0,0.0,89.70706089,1076.48473068,986.77766979,0.0,89.70706089,107.648473068,109.64196331,0.0,1.0,10.0,9.0,S0_baseline
210110.0,133.68063276,222.8010546,980.32464024,980.32464024,133.68063276,111.4005273,108.92496002666668,108.92496002666668,1.0,2.0,9.0,9.0,S0_baseline
210142.0,110.75517,166.132755,1329.06204,1329.06204,110.75517,166.132755,132.906204,132.906204,1.0,1.0,10.0,10.0,S0_baseline
210156.0,192.6316579,288.94748685,2311.5798948,2311.5798948,192.6316579,288.94748685,231.15798948000003,231.15798948000003,1.0,1.0,10.0,10.0,S0_baseline
210160.0,105.4010017,158.10150255,1159.4110187,1001.30951615,105.4010017,158.10150255,128.8234465222222,125.16368951875,1.0,1.0,9.0,8.0,S0_baseline
210167.0,111.5918343,167.38775145,1339.1020116,1339.1020116,111.5918343,167.38775145,133.91020116,133.91020116,1.0,1.0,10.0,10.0,S0_baseline
210184.0,152.99163795,254.98606325000003,1121.9386783,1121.9386783,152.99163795,127.493031625,124.65985314444444,124.65985314444444,1.0,2.0,9.0,9.0,S0_baseline
210197.0,109.4569176,164.1853764,1204.0260936,1039.8407172,109.4569176,164.1853764,133.78067706666667,129.98008965,1.0,1.0,9.0,8.0,S0_baseline
210198.0,103.969413,155.9541195,1143.663543,987.7094235,103.969413,155.9541195,127.073727,123.4636779375,1.0,1.0,9.0,8.0,S0_baseline
210199.0,138.3074028,207.4611042,1521.3814308,1313.9203266000002,138.3074028,207.4611042,169.04238120000002,164.24004082500002,1.0,1.0,9.0,8.0,S0_baseline
210201.0,70.00625191,105.009377865,770.0687710100001,665.0593931450001,70.00625191,105.009377865,85.5631967788889,83.13242414312501,1.0,1.0,9.0,8.0,S0_baseline
210207.0,223.4538264,335.1807396,2681.4459168,2681.4459168,223.4538264,335.1807396,268.14459168,268.14459168,1.0,1.0,10.0,10.0,S0_baseline
210234.0,114.0043208,171.0064812,1254.0475288,1083.0410476,114.0043208,171.0064812,139.33861431111112,135.38013095,1.0,1.0,9.0,8.0,S0_baseline
210239.0,107.4974249,161.24613735,1182.4716739,1021.22553655,107.4974249,161.24613735,131.38574154444444,127.65319206875,1.0,1.0,9.0,8.0,S0_baseline
210264.0,201.6782186,605.0346558,2420.1386232,2420.1386232,201.6782186,302.5173279,242.01386232,242.01386232,1.0,2.0,10.0,10.0,S0_baseline
210280.0,0.0,90.204772965,661.50166841,571.296895445,0.0,90.204772965,73.50018537888889,71.412111930625,0.0,1.0,9.0,8.0,S0_baseline
210281.0,0.0,316.2241095,1391.3860817999998,1201.6516161,0.0,158.11205475,154.59845353333333,150.2064520125,0.0,2.0,9.0,8.0,S0_baseline
210284.0,63.1058599,94.65878985,694.1644589,599.50566905,63.1058599,94.65878985,77.12938432222222,74.93820863125,1.0,1.0,9.0,8.0,S0_baseline
210294.0,304.1856562,228.13924215,1825.1139372,1825.1139372,304.1856562,228.13924215,182.51139372,182.51139372,1.0,1.0,10.0,10.0,S0_baseline
210299.0,236.3986645,709.1959935,2836.783974,2836.783974,236.3986645,354.59799675,283.6783974,283.6783974,1.0,2.0,10.0,10.0,S0_baseline
210310.0,91.27541708,136.91312562,1095.30500496,1095.30500496,91.27541708,136.91312562,109.530500496,109.530500496,1.0,1.0,10.0,10.0,S0_baseline
210313.0,0.0,57.726481155,423.32752847,365.601047315,0.0,57.726481155,47.03639205222222,45.700130914375,0.0,1.0,9.0,8.0,S0_baseline
210314.0,0.0,64.92854505,476.1426637,411.21411865,0.0,64.92854505,52.90474041111111,51.40176483125,0.0,1.0,9.0,8.0,S0_baseline
210349.0,92.49811069,138.74716603500002,1017.47921759,878.7320515550001,92.49811069,138.74716603500002,113.0532463988889,109.841506444375,1.0,1.0,9.0,8.0,S0_baseline
210350.0,125.4722326,188.2083489,1380.1945586,1191.9862097,125.4722326,188.2083489,153.35495095555555,148.9982762125,1.0,1.0,9.0,8.0,S0_baseline
210359.0,0.0,282.256942,1241.9305448,1072.5763796,0.0,141.128471,137.99228275555555,134.07204745,0.0,2.0,9.0,8.0,S0_baseline
210390.0,161.8255401,242.73831015,1941.9064812,1941.9064812,161.8255401,242.73831015,194.19064812,194.19064812,1.0,1.0,10.0,10.0,S0_baseline
210391.0,72.85166615,109.277499225,801.36832765,692.090828425,72.85166615,109.277499225,89.04092529444443,86.511353553125,1.0,1.0,9.0,8.0,S0_baseline
210402.0,173.7468776,521.2406328,2084.9625312,2084.9625312,173.7468776,260.6203164,208.49625312,208.49625312,1.0,2.0,10.0,10.0,S0_baseline
210432.0,0.0,389.5526135,1714.0314994,1714.0314994,0.0,389.5526135,190.4479443777778,190.4479443777778,0.0,1.0,9.0,9.0,S0_baseline
210573.0,0.0,112.4595819,1349.5149828,1237.0554009,0.0,112.4595819,134.95149828,137.4506001,0.0,1.0,10.0,9.0,S0_baseline
210577.0,139.8444225,209.76663375,1678.13307,1468.36643625,139.8444225,209.76663375,167.813307,163.15182625,1.0,1.0,10.0,9.0,S0_baseline
210644.0,131.7594148,197.6391222,1581.1129776,1383.4738554,131.7594148,197.6391222,158.11129776,153.71931726666668,1.0,1.0,10.0,9.0,S0_baseline
210662.0,0.0,3164.83223245,9946.6155877,9494.49669735,0.0,1054.944077483333,1105.1795097444444,1186.81208716875,0.0,3.0,9.0,8.0,S0_baseline
210687.0,0.0,0.0,573.19074868,416.86599904,0.0,0.0,63.68786096444444,59.55228557714286,0.0,0.0,9.0,7.0,S0_baseline
210717.0,0.0,360.12064775,1440.482591,1368.45846145,0.0,180.060323875,180.060323875,171.05730768125,0.0,2.0,8.0,8.0,S0_baseline
210723.0,0.0,548.51296605,4022.4284177,3473.9154516500003,0.0,548.51296605,446.9364908555556,434.23943145625,0.0,1.0,9.0,8.0,S0_baseline
210725.0,0.0,397.9890825,1591.95633,1671.5541465,0.0,198.99454125,198.99454125,185.7282385,0.0,2.0,8.0,9.0,S0_baseline
210739.0,0.0,809.85813575,3563.3757973,3077.46091585,0.0,404.929067875,395.9306441444444,384.68261448125,0.0,2.0,9.0,8.0,S0_baseline
210744.0,172.786333325,276.45813332,656.588066635,760.25986663,86.3931666625,92.15271110666669,82.073508329375,84.47331851444444,2.0,3.0,8.0,9.0,S0_baseline
210772.0,0.0,1317.78440045,4329.86303005,3576.84337265,0.0,439.26146681666665,481.09589222777777,447.10542158125,0.0,3.0,9.0,8.0,S0_baseline
210796.0,0.0,3054.46295035,9599.7407011,8290.685150950001,0.0,1018.1543167833332,1066.6378556777777,1036.33564386875,0.0,3.0,9.0,8.0,S0_baseline
210823.0,0.0,1672.21458225,4087.6356455,3901.83402525,0.0,418.0536455625,454.1817383888889,487.72925315625,0.0,4.0,9.0,8.0,S0_baseline
210840.0,0.0,537.4697185,2149.878874,2042.3849303,0.0,268.73485925,268.73485925,255.2981162875,0.0,2.0,8.0,8.0,S0_baseline
210852.0,0.0,90.44360636,994.87966996,859.2142604200001,0.0,90.44360636,110.54218555111112,107.4017825525,0.0,1.0,9.0,8.0,S0_baseline
210910.0,0.0,152.046111525,699.412113015,669.00289071,0.0,76.02305576250001,77.71245700166668,74.33365452333334,0.0,2.0,9.0,9.0,S0_baseline
210927.0,83.85845229999998,134.17352368,318.66211874,419.2922615,41.92922614999999,44.72450789333333,39.8327648425,46.58802905555555,2.0,3.0,8.0,9.0,S0_baseline
211021.0,348.88340825,348.88340825,1395.533633,1535.0869963,174.441704125,174.441704125,174.441704125,170.56522181111112,2.0,2.0,8.0,9.0,S0_baseline
211031.0,253.61790975,253.61790975,862.3008931500001,963.74805705,126.808954875,126.808954875,123.18584187857144,120.46850713125,2.0,2.0,7.0,8.0,S0_baseline
211058.0,576.57092075,807.1992890500001,2190.96949885,2536.9120513,288.285460375,269.0664296833333,273.87118735625,281.8791168111111,2.0,3.0,8.0,9.0,S0_baseline
211081.0,262.4365978,918.5280923,2624.365978,2886.8025758,262.4365978,306.17603076666666,328.04574725,320.75584175555554,1.0,3.0,8.0,9.0,S0_baseline
211093.0,711.4771784,2490.1701244,4980.340248799999,7826.248962399999,711.4771784,830.0567081333332,830.0567081333332,869.5832180444444,1.0,3.0,6.0,9.0,S0_baseline
211111.0,722.6526431,2529.28425085,3974.58953705,6142.547466349999,722.6526431,843.0947502833333,794.91790741,877.5067809071427,1.0,3.0,5.0,7.0,S0_baseline
211115.0,517.8194422,1812.3680477,2848.0069321,4401.4652587,517.8194422,604.1226825666666,569.60138642,628.7807512428571,1.0,3.0,5.0,7.0,S0_baseline
211125.0,0.0,1448.62922085,2897.2584417,3518.09953635,0.0,482.87640695,482.87640695,502.58564805,0.0,3.0,6.0,7.0,S0_baseline
211131.0,0.0,1364.7300716,4484.1130924,3704.2673372,0.0,454.9100238666667,498.2347880444444,463.03341715,0.0,3.0,9.0,8.0,S0_baseline
211140.0,0.0,2798.81466525,3731.752887,5286.64992325,0.0,699.7036663125,746.3505774,755.2357033214286,0.0,4.0,5.0,7.0,S0_baseline
211150.0,116.1059588,0.0,1741.589382,870.794691,116.1059588,0.0,174.1589382,174.1589382,1.0,0.0,10.0,5.0,S0_baseline
211176.0,786.9879505,0.0,2833.1566218,1888.7710812,393.49397525,0.0,354.144577725,472.1927703,2.0,0.0,8.0,4.0,S0_baseline
211188.0,68.602178825,0.0,288.129151065,82.32261459,34.3010894125,0.0,32.01435011833333,27.44087153,2.0,0.0,9.0,3.0,S0_baseline
211193.0,454.8728455,0.0,1910.4659511,545.8474146,227.43642275,0.0,212.27399456666663,181.9491382,2.0,0.0,9.0,3.0,S0_baseline
211235.0,0.0,0.0,871.2167867999999,435.6083934,0.0,0.0,108.90209835,108.90209835,0.0,0.0,8.0,4.0,S0_baseline
211240.0,0.0,0.0,1262.9006484,631.4503242000001,0.0,0.0,126.29006484,126.29006484,0.0,0.0,10.0,5.0,S0_baseline
211255.0,117.7023984,0.0,1000.4703864,765.0655896000001,117.7023984,0.0,142.92434091428572,153.01311792,1.0,0.0,7.0,5.0,S0_baseline
211256.0,127.1191281,0.0,1080.51258885,826.2743326499999,127.1191281,0.0,154.3589412642857,165.25486653,1.0,0.0,7.0,5.0,S0_baseline
211271.0,93.14647236,0.0,791.74501506,465.7323618,93.14647236,0.0,113.10643072285714,116.43309045,1.0,0.0,7.0,4.0,S0_baseline
211275.0,121.2211171,0.0,1030.37949535,606.1055855,121.2211171,0.0,147.1970707642857,151.526396375,1.0,0.0,7.0,4.0,S0_baseline
211385.0,0.0,0.0,235.64469472,88.36676052,0.0,0.0,33.66352781714286,29.45558684,0.0,0.0,7.0,3.0,S0_baseline
211417.0,0.0,0.0,201.080672715,92.80646433,0.0,0.0,33.5134454525,30.935488110000005,0.0,0.0,6.0,3.0,S0_baseline
211523.0,173.0537651,0.0,1211.3763557,605.68817785,173.0537651,0.0,201.89605928333333,201.89605928333333,1.0,0.0,6.0,3.0,S0_baseline
211548.0,0.0,0.0,3104.7658392,1358.33505465,0.0,0.0,443.5379770285714,452.77835155,0.0,0.0,7.0,3.0,S0_baseline
211552.0,0.0,0.0,4987.8580232,2805.6701380500003,0.0,0.0,712.5511461714286,935.22337935,0.0,0.0,7.0,3.0,S0_baseline
211553.0,0.0,0.0,2924.4733096,1096.6774911,0.0,0.0,417.78190137142855,365.5591637,0.0,0.0,7.0,3.0,S0_baseline
211557.0,0.0,0.0,2426.308276,1213.154138,0.0,0.0,404.3847126666667,404.3847126666667,0.0,0.0,6.0,3.0,S0_baseline
211579.0,233.8238824,0.0,1519.8552356,701.4716472,233.8238824,0.0,253.3092059333333,233.8238824,1.0,0.0,6.0,3.0,S0_baseline
211586.0,435.6929784,0.0,3485.5438272,1307.0789352000002,435.6929784,0.0,497.9348324571429,435.6929784000001,1.0,0.0,7.0,3.0,S0_baseline
211593.0,470.2890315,0.0,3762.312252,2116.30064175,470.2890315,0.0,537.4731788571429,705.4335472500001,1.0,0.0,7.0,3.0,S0_baseline
211598.0,354.2009487,0.0,2833.6075896,1062.6028461,354.2009487,0.0,404.8010842285715,354.2009487,1.0,0.0,7.0,3.0,S0_baseline
211607.0,238.2784325,0.0,1906.22746,714.8352975,238.2784325,0.0,272.31820857142856,238.2784325,1.0,0.0,7.0,3.0,S0_baseline
211615.0,0.0,0.0,2924.8663171,1462.43315855,0.0,0.0,487.4777195166666,487.4777195166666,0.0,0.0,6.0,3.0,S0_baseline
211618.0,451.6029883,0.0,3612.8239064,1354.8089649,451.6029883,0.0,516.1177009142857,451.6029883,1.0,0.0,7.0,3.0,S0_baseline
211630.0,173.3232358,0.0,1386.5858864,519.9697074,173.3232358,0.0,198.08369805714284,173.3232358,1.0,0.0,7.0,3.0,S0_baseline
211644.0,0.0,0.0,225.2802812,103.9755144,0.0,0.0,37.54671353333334,34.6585048,0.0,0.0,6.0,3.0,S0_baseline
211806.0,31.36819664,0.0,345.05016304,219.57737648,31.36819664,0.0,49.29288043428571,43.915475296,1.0,0.0,7.0,5.0,S0_baseline
212003.0,160.3477564,0.0,1763.8253204000002,1202.608173,160.3477564,0.0,251.9750457714286,240.52163460000003,1.0,0.0,7.0,5.0,S0_baseline
212010.0,218.2167754,0.0,1963.9509786,1418.4090401,218.2167754,0.0,280.5644255142857,283.68180801999995,1.0,0.0,7.0,5.0,S0_baseline
212031.0,30.2728755,0.0,333.00163050000003,196.77369075,30.2728755,0.0,41.6252038125,39.35473815,1.0,0.0,8.0,5.0,S0_baseline
213447.0,160.69026668,0.0,763.27876673,441.89823337,160.69026668,0.0,95.40984584125,88.379646674,1.0,0.0,8.0,5.0,S0_baseline
213948.0,90.66500041,226.662501025,997.31500451,634.6550028700001,90.66500041,226.662501025,110.8127782788889,105.77583381166669,1.0,1.0,9.0,6.0,S0_baseline
213984.0,38.0088286,152.0353144,418.0971146,323.0750431,38.0088286,76.0176572,46.455234955555554,46.15357758571429,1.0,2.0,9.0,7.0,S0_baseline
214075.0,107.2737549,107.2737549,911.82691665,590.00565195,107.2737549,107.2737549,130.26098809285716,118.00113039,1.0,1.0,7.0,5.0,S0_baseline
214219.0,0.0,30.03315813,220.24315962,190.21000149,0.0,30.03315813,24.47146218,23.77625018625,0.0,1.0,9.0,8.0,S0_baseline
214371.0,0.0,1070.60060745,2617.0237071,2022.24559185,0.0,356.86686915,290.7804119,288.89222740714285,0.0,3.0,9.0,7.0,S0_baseline
214495.0,219.5800252,0.0,2086.0102394,1537.0601763999998,219.5800252,0.0,260.751279925,256.17669606666664,1.0,0.0,8.0,6.0,S0_baseline
214501.0,0.0,832.5010379999999,2358.752941,2358.752941,0.0,416.250519,336.9647058571428,336.9647058571428,0.0,2.0,7.0,7.0,S0_baseline
214529.0,0.0,699.6338255000001,3078.3888322000003,2658.6085369,0.0,349.81691275000003,342.04320357777783,332.3260671125,0.0,2.0,9.0,8.0,S0_baseline
214530.0,0.0,490.92328,2160.062432,1669.139152,0.0,245.46164,240.0069368888889,238.44845028571427,0.0,2.0,9.0,7.0,S0_baseline
214585.0,0.0,377.960763,1196.8757495,1070.8888285,0.0,188.9803815,149.6094686875,152.98411835714288,0.0,2.0,8.0,7.0,S0_baseline
214767.0,0.0,263.44717086,834.2493743900001,702.52578896,0.0,131.72358543,104.28117179875,100.36082699428572,0.0,2.0,8.0,7.0,S0_baseline
214776.0,0.0,130.715441,1111.0812485,1045.723528,0.0,130.715441,158.72589264285713,149.38907542857143,0.0,1.0,7.0,7.0,S0_baseline
214801.0,0.0,104.7223615,994.86243425,733.0565305,0.0,104.7223615,124.35780428125,122.17608841666669,0.0,1.0,8.0,6.0,S0_baseline
214819.0,0.0,92.7695403,881.31063285,649.3867821,0.0,92.7695403,110.16382910625,108.23113035,0.0,1.0,8.0,6.0,S0_baseline
214820.0,0.0,79.47997779,755.0597890050001,556.35984453,0.0,79.47997779,94.382473625625,92.726640755,0.0,1.0,8.0,6.0,S0_baseline
214830.0,0.0,230.76104325,730.7433036250001,499.982260375,0.0,115.380521625,91.342912953125,83.33037672916667,0.0,2.0,8.0,6.0,S0_baseline
214831.0,0.0,345.8282832,1095.1228968,749.2946136,0.0,172.9141416,136.8903621,124.8824356,0.0,2.0,8.0,6.0,S0_baseline
214851.0,0.0,320.943396,1219.5849048,1027.0188672,0.0,160.471698,152.4481131,146.7169810285714,0.0,2.0,8.0,7.0,S0_baseline
214865.0,175.6162012,439.04050300000006,1492.7377102,1229.3134084,175.6162012,439.04050300000006,213.24824431428573,204.88556806666668,1.0,1.0,7.0,6.0,S0_baseline
214876.0,0.0,263.9568675,1003.0360965,739.0792289999999,0.0,131.97843375,125.3795120625,123.1798715,0.0,2.0,8.0,6.0,S0_baseline
214908.0,0.0,229.08629460000003,725.4399329,496.35363830000006,0.0,114.54314730000002,90.6799916125,82.72560638333334,0.0,2.0,8.0,6.0,S0_baseline
214924.0,0.0,410.2535196,974.35210905,717.9436593,0.0,205.1267598,121.79401363125,119.65727655,0.0,2.0,8.0,6.0,S0_baseline
214942.0,0.0,212.00040365,805.60153387,593.60113022,0.0,212.00040365,100.70019173375,98.93352170333333,0.0,1.0,8.0,6.0,S0_baseline
214945.0,0.0,75.30892419,715.434779805,527.16246933,0.0,75.30892419,89.429347475625,87.860411555,0.0,1.0,8.0,6.0,S0_baseline
214947.0,0.0,43.01869432,91.41472543,75.28271506,0.0,14.339564773333334,13.05924649,12.547119176666667,0.0,3.0,7.0,6.0,S0_baseline
214948.0,0.0,372.47099656,884.6186168300001,651.82424398,0.0,186.23549828,110.57732710375,108.63737399666668,0.0,2.0,8.0,6.0,S0_baseline
214953.0,0.0,31.408000084,66.7420001785,54.964000147,0.0,10.469333361333334,9.534571454071427,9.160666691166666,0.0,3.0,7.0,6.0,S0_baseline
215092.0,0.0,569.5526838000001,1613.7326041,1328.9562622,0.0,284.77634190000003,230.53322915714287,221.49271036666667,0.0,2.0,7.0,6.0,S0_baseline
215101.0,364.8414609,729.6829218,3101.15241765,2553.8902263,364.8414609,364.8414609,443.02177395,425.64837105,1.0,2.0,7.0,6.0,S0_baseline
215139.0,100.6276207,201.2552414,855.33477595,704.3933449,100.6276207,100.6276207,122.19068227857144,117.39889081666666,1.0,2.0,7.0,6.0,S0_baseline
215158.0,309.3829238,618.7658476,2629.7548523,2165.6804666,309.3829238,309.3829238,375.6792646142857,360.9467444333333,1.0,2.0,7.0,6.0,S0_baseline
215171.0,157.4929562,314.9859124,1338.6901277000002,1102.4506934,157.4929562,157.4929562,191.24144681428567,183.7417822333333,1.0,2.0,7.0,6.0,S0_baseline
215175.0,262.469619,524.939238,2230.9917615000004,1837.287333,262.469619,262.469619,318.7131087857143,306.2145555,1.0,2.0,7.0,6.0,S0_baseline
215197.0,93.56188157,561.37128942,795.275993345,514.590348635,93.56188157,140.342822355,113.61085619214283,102.91806972700002,1.0,4.0,7.0,5.0,S0_baseline
215199.0,57.5086001,258.78870045,488.82310085000006,316.29730055000005,57.5086001,64.6971751125,69.83187155,63.259460110000006,1.0,4.0,7.0,5.0,S0_baseline
215213.0,200.3524703,400.7049406,1702.99599755,1402.4672921,200.3524703,200.3524703,243.28514250714284,233.7445486833333,1.0,2.0,7.0,6.0,S0_baseline
215234.0,274.4645478,686.1613695,2332.9486563,1509.5550128999998,274.4645478,343.08068475,333.2783794714286,301.91100257999994,1.0,2.0,7.0,5.0,S0_baseline
215298.0,113.4005878,113.4005878,1077.3055841,623.7032329,113.4005878,113.4005878,134.6631980125,124.74064658,1.0,1.0,8.0,5.0,S0_baseline
215331.0,91.74786857,91.74786857,871.604751415,504.613277135,91.74786857,91.74786857,108.950593926875,100.922655427,1.0,1.0,8.0,5.0,S0_baseline
215355.0,157.3233407,157.3233407,1494.5717366499998,865.27837385,157.3233407,157.3233407,186.82146708125,173.05567477,1.0,1.0,8.0,5.0,S0_baseline
215381.0,186.7890848,186.7890848,1494.3126784,1027.3399664,186.7890848,186.7890848,213.47323977142852,205.46799328000003,1.0,1.0,7.0,5.0,S0_baseline
215434.0,172.2056516,172.2056516,1635.9536902,947.1310838,172.2056516,172.2056516,204.494211275,189.42621676,1.0,1.0,8.0,5.0,S0_baseline
215486.0,249.5226739,249.5226739,1996.1813912,1372.37470645,249.5226739,249.5226739,285.16877017142855,274.47494129,1.0,1.0,7.0,5.0,S0_baseline
215568.0,0.0,641.89695,2728.0620375,1765.2166125,0.0,320.948475,389.7231482142857,353.0433225,0.0,2.0,7.0,5.0,S0_baseline
215597.0,231.7599983,463.5199966,1969.95998555,1274.67999065,231.7599983,231.7599983,281.42285507857144,254.93599813,1.0,2.0,7.0,5.0,S0_baseline
215623.0,0.0,613.1868644,2606.0441737,1686.2638771,0.0,306.5934322,372.29202481428575,337.25277542,0.0,2.0,7.0,5.0,S0_baseline
215634.0,0.0,731.3110546,3108.0719820500003,2011.10540015,0.0,365.6555273,444.01028315,402.22108003000005,0.0,2.0,7.0,5.0,S0_baseline
215635.0,276.9444016,553.8888032,2354.0274136,1523.1942088,276.9444016,276.9444016,336.2896305142857,304.63884176,1.0,2.0,7.0,5.0,S0_baseline
215642.0,227.3740171,454.7480342,1932.67914535,1250.5570940500002,227.3740171,227.3740171,276.09702076428573,250.11141881000003,1.0,2.0,7.0,5.0,S0_baseline
215664.0,564.067256,1128.134512,4794.5716760000005,3102.369908,564.067256,564.067256,684.9388108571429,620.4739816,1.0,2.0,7.0,5.0,S0_baseline
215703.0,0.0,70.4985985,119.84761745,77.54845835,0.0,17.624649625,17.121088207142858,15.50969167,0.0,4.0,7.0,5.0,S0_baseline
215795.0,0.0,271.28492274,904.2830758,587.78399927,0.0,135.64246136999998,113.035384475,97.96399987833333,0.0,2.0,8.0,6.0,S0_baseline
215953.0,0.0,74.11341325000001,163.04950915,59.2907306,0.0,18.5283533125,20.38118864375,14.82268265,0.0,4.0,8.0,4.0,S0_baseline
215973.0,135.5911231,0.0,1491.5023541,1084.7289848,135.5911231,0.0,186.4377942625,216.94579696,1.0,0.0,8.0,5.0,S0_baseline
215978.0,96.42022794,0.0,1060.62250734,771.36182352,96.42022794,0.0,132.5778134175,154.272364704,1.0,0.0,8.0,5.0,S0_baseline
215981.0,93.23502551,0.0,1025.58528061,652.64517857,93.23502551,0.0,128.19816007625,130.529035714,1.0,0.0,8.0,5.0,S0_baseline
215988.0,84.98621197,0.0,934.84833167,637.3965897749999,84.98621197,0.0,133.54976166714286,127.47931795499998,1.0,0.0,7.0,5.0,S0_baseline
215994.0,103.389771,0.0,1137.2874809999998,672.0335115,103.389771,0.0,162.46964014285712,168.008377875,1.0,0.0,7.0,4.0,S0_baseline
215996.0,91.79706784,0.0,1101.56481408,780.27507664,91.79706784,0.0,157.36640201142856,156.055015328,1.0,0.0,7.0,5.0,S0_baseline
216116.0,30.6602423,0.0,383.25302875,153.30121150000002,30.6602423,0.0,47.90662859375,38.325302875000006,1.0,0.0,8.0,4.0,S0_baseline
216185.0,151.6245863,0.0,1743.68274245,758.1229315,151.6245863,0.0,217.96034280625,189.530732875,1.0,0.0,8.0,4.0,S0_baseline
216194.0,159.5185322,0.0,1834.4631203,797.5926610000001,159.5185322,0.0,229.3078900375,199.39816525000003,1.0,0.0,8.0,4.0,S0_baseline
216206.0,227.6536394,0.0,3073.3241319000003,1138.268197,227.6536394,0.0,384.1655164875,284.56704925,1.0,0.0,8.0,4.0,S0_baseline
216212.0,385.2445568,0.0,4815.55696,1926.222784,385.2445568,0.0,601.94462,481.555696,1.0,0.0,8.0,4.0,S0_baseline
216216.0,0.0,0.0,717.0712235,358.53561175000004,0.0,0.0,102.43874621428571,89.63390293750001,0.0,0.0,7.0,4.0,S0_baseline
216224.0,151.1664321,0.0,1889.58040125,755.8321605000001,151.1664321,0.0,236.19755015625,188.95804012500005,1.0,0.0,8.0,4.0,S0_baseline
216227.0,201.7743012,0.0,2723.9530662,1008.871506,201.7743012,0.0,302.6614518,252.2178765,1.0,0.0,9.0,4.0,S0_baseline
216228.0,512.4055909,0.0,5636.4614999000005,2562.0279545000003,512.4055909,0.0,704.5576874875001,640.5069886250001,1.0,0.0,8.0,4.0,S0_baseline
216229.0,445.9564014,0.0,6466.3678203,2229.782007,445.9564014,0.0,718.4853133666667,557.44550175,1.0,0.0,9.0,4.0,S0_baseline
216246.0,291.0401742,0.0,3055.9218291,1891.7611323,291.0401742,0.0,381.9902286375,378.35222646,1.0,0.0,8.0,5.0,S0_baseline
216262.0,221.0001674,0.0,2320.5017577,1436.5010881,221.0001674,0.0,290.0627197125,287.30021762,1.0,0.0,8.0,5.0,S0_baseline
216272.0,154.7984921,0.0,1934.98115125,773.9924605000001,154.7984921,0.0,214.99790569444448,193.49811512500003,1.0,0.0,9.0,4.0,S0_baseline
216273.0,274.0829008,0.0,3426.03626,1370.414504,274.0829008,0.0,380.67069555555554,342.603626,1.0,0.0,9.0,4.0,S0_baseline
216281.0,233.2482193,0.0,2332.482193,1516.11342545,233.2482193,0.0,291.560274125,303.22268509,1.0,0.0,8.0,5.0,S0_baseline
216287.0,216.1474798,0.0,1837.2535783,1404.9586187,216.1474798,0.0,262.4647969,280.99172374,1.0,0.0,7.0,5.0,S0_baseline
216314.0,83.78902401,0.0,963.573776115,418.94512005,83.78902401,0.0,107.06375290166667,104.7362800125,1.0,0.0,9.0,4.0,S0_baseline
216320.0,0.0,0.0,1252.65864045,544.6341915,0.0,0.0,156.58233005625002,136.158547875,0.0,0.0,8.0,4.0,S0_baseline
216326.0,0.0,0.0,872.3297348250001,379.27379775,0.0,0.0,109.041216853125,94.8184494375,0.0,0.0,8.0,4.0,S0_baseline
216335.0,0.0,0.0,779.2640806549999,338.81046985,0.0,0.0,97.408010081875,84.7026174625,0.0,0.0,8.0,4.0,S0_baseline
216340.0,91.92922688,0.0,1057.18610912,459.6461344000001,91.92922688,0.0,132.14826364,114.9115336,1.0,0.0,8.0,4.0,S0_baseline
216348.0,93.17692838,0.0,1071.5346763700002,465.8846419,93.17692838,0.0,119.05940848555558,116.471160475,1.0,0.0,9.0,4.0,S0_baseline
216350.0,0.0,0.0,1147.54634528,648.61315168,0.0,0.0,143.44329316,129.722630336,0.0,0.0,8.0,5.0,S0_baseline
216362.0,117.6679183,0.0,1000.17730555,353.0037549,117.6679183,0.0,142.88247222142857,117.6679183,1.0,0.0,7.0,3.0,S0_baseline
216847.0,277.445476,0.0,3329.345712,1387.2273799999998,277.445476,0.0,416.168214,346.80684499999995,1.0,0.0,8.0,4.0,S0_baseline
216850.0,301.6752879,0.0,3620.1034548,1508.3764394999998,301.6752879,0.0,452.51293185,377.094109875,1.0,0.0,8.0,4.0,S0_baseline
216852.0,331.1876612,0.0,3808.6581038,1655.938306,331.1876612,0.0,476.082262975,413.9845765,1.0,0.0,8.0,4.0,S0_baseline
216856.0,326.7948947,0.0,3921.5387364,1633.9744735,326.7948947,0.0,490.19234205,408.493618375,1.0,0.0,8.0,4.0,S0_baseline
216859.0,317.7386961,0.0,3971.7337012500006,1588.6934805,317.7386961,0.0,567.39052875,397.173370125,1.0,0.0,7.0,4.0,S0_baseline
216866.0,259.0234776,0.0,3367.3052087999995,1295.117388,259.0234776,0.0,374.1450232,323.779347,1.0,0.0,9.0,4.0,S0_baseline
216882.0,374.0203239,0.0,4862.2642107,1870.1016195,374.0203239,0.0,540.2515789666667,467.525404875,1.0,0.0,9.0,4.0,S0_baseline
216883.0,252.8021742,0.0,2907.2250033,1264.010871,252.8021742,0.0,363.4031254125,316.00271775,1.0,0.0,8.0,4.0,S0_baseline
216888.0,312.0759104,0.0,3588.8729696,1560.379552,312.0759104,0.0,448.6091212,390.094888,1.0,0.0,8.0,4.0,S0_baseline
216901.0,347.5550129,0.0,4518.2151677,1737.7750645,347.5550129,0.0,502.0239075222223,434.443766125,1.0,0.0,9.0,4.0,S0_baseline
216944.0,374.613974,0.0,4682.674675,1873.06987,374.613974,0.0,585.334334375,468.2674675,1.0,0.0,8.0,4.0,S0_baseline
216954.0,317.7383959,0.0,3812.8607508,1588.6919795,317.7383959,0.0,476.60759385,397.172994875,1.0,0.0,8.0,4.0,S0_baseline
216966.0,348.3200036,0.0,3657.3600378,1741.600018,348.3200036,0.0,522.4800054,435.4000045,1.0,0.0,7.0,4.0,S0_baseline
216974.0,280.1929476,0.0,3362.3153712000003,1400.964738,280.1929476,0.0,420.2894214,350.24118450000003,1.0,0.0,8.0,4.0,S0_baseline
216983.0,257.1085735,0.0,2699.64002175,1285.5428674999998,257.1085735,0.0,385.66286025,321.385716875,1.0,0.0,7.0,4.0,S0_baseline
216996.0,250.4131327,0.0,3004.9575924,1252.0656635,250.4131327,0.0,375.61969905,313.016415875,1.0,0.0,8.0,4.0,S0_baseline
217005.0,256.8491226,0.0,2825.3403486,1284.245613,256.8491226,0.0,353.167543575,321.06140325,1.0,0.0,8.0,4.0,S0_baseline
217026.0,441.2227065,0.0,4853.4497715,2206.1135325,441.2227065,0.0,606.6812214375,551.528383125,1.0,0.0,8.0,4.0,S0_baseline
217038.0,0.0,0.0,1400.83684665,741.6195070499999,0.0,0.0,200.11954952142847,185.4048767625,0.0,0.0,7.0,4.0,S0_baseline
217044.0,239.7374421,0.0,3356.3241894000003,1198.6872105000002,239.7374421,0.0,372.92490993333337,299.67180262500005,1.0,0.0,9.0,4.0,S0_baseline
217073.0,585.6429417,0.0,6734.893829550001,2928.2147085000006,585.6429417,0.0,841.8617286937501,732.0536771250001,1.0,0.0,8.0,4.0,S0_baseline
217079.0,0.0,0.0,957.4015213,615.4724065500001,0.0,0.0,159.56692021666666,153.86810163750002,0.0,0.0,6.0,4.0,S0_baseline
217082.0,439.1747609,0.0,5709.271891700001,2195.8738045,439.1747609,0.0,634.3635435222224,548.968451125,1.0,0.0,9.0,4.0,S0_baseline
217083.0,317.1148362,0.0,4122.4928706,1585.574181,317.1148362,0.0,458.0547634,396.39354525,1.0,0.0,9.0,4.0,S0_baseline
217084.0,0.0,0.0,2254.1245736,1127.0622868,0.0,0.0,375.68742893333336,281.7655717,0.0,0.0,6.0,4.0,S0_baseline
217085.0,0.0,0.0,1271.5526655,782.493948,0.0,0.0,211.92544425000003,195.623487,0.0,0.0,6.0,4.0,S0_baseline
217090.0,0.0,0.0,1843.49804805,1192.85167815,0.0,0.0,263.35686400714286,298.2129195375,0.0,0.0,7.0,4.0,S0_baseline
217097.0,0.0,0.0,1380.9160112,690.4580056,0.0,0.0,230.15266853333333,172.6145014,0.0,0.0,6.0,4.0,S0_baseline
217111.0,277.0047231,0.0,3185.55431565,1385.0236154999998,277.0047231,0.0,398.19428945625,346.25590387499994,1.0,0.0,8.0,4.0,S0_baseline
217115.0,243.8473952,0.0,2804.2450448,1219.236976,243.8473952,0.0,350.5306306,304.80924400000004,1.0,0.0,8.0,4.0,S0_baseline
217125.0,0.0,0.0,1016.90208915,418.72438965,0.0,0.0,145.27172702142855,139.57479655,0.0,0.0,7.0,3.0,S0_baseline
217134.0,0.0,0.0,1401.2134003,800.6933716,0.0,0.0,233.5355667166667,200.1733429,0.0,0.0,6.0,4.0,S0_baseline
217155.0,0.0,0.0,3766.27323995,2317.7066092,0.0,0.0,753.25464799,579.4266523,0.0,0.0,5.0,4.0,S0_baseline
217159.0,0.0,0.0,1304.96405985,949.0647708,0.0,0.0,260.99281197,237.2661927,0.0,0.0,5.0,4.0,S0_baseline
217167.0,0.0,0.0,516.63544262,375.73486736,0.0,0.0,103.327088524,93.93371684,0.0,0.0,5.0,4.0,S0_baseline
217180.0,0.0,0.0,978.2244725,711.43598,0.0,0.0,195.6448945,177.858995,0.0,0.0,5.0,4.0,S0_baseline
217200.0,0.0,0.0,3983.16050405,2451.1756948,0.0,0.0,796.6321008100001,612.7939237,0.0,0.0,5.0,4.0,S0_baseline
217203.0,0.0,0.0,1926.1877712,1400.8638336,0.0,0.0,385.23755424,350.2159584,0.0,0.0,5.0,4.0,S0_baseline
217234.0,0.0,0.0,2061.81643415,1499.5028612,0.0,0.0,412.36328683,374.8757153,0.0,0.0,5.0,4.0,S0_baseline
217243.0,0.0,0.0,968.6045866,553.4883352,0.0,0.0,161.43409776666667,138.3720838,0.0,0.0,6.0,4.0,S0_baseline
217244.0,0.0,0.0,1109.56146345,806.9537916,0.0,0.0,221.91229269,201.7384479,0.0,0.0,5.0,4.0,S0_baseline
217271.0,0.0,0.0,1687.1270416,964.0725952,0.0,0.0,281.1878402666667,241.0181488,0.0,0.0,6.0,4.0,S0_baseline
217324.0,0.0,0.0,812.165315,649.732252,0.0,0.0,162.433063,162.433063,0.0,0.0,5.0,4.0,S0_baseline
217327.0,0.0,0.0,972.49949,777.999592,0.0,0.0,194.499898,194.499898,0.0,0.0,5.0,4.0,S0_baseline
217337.0,0.0,0.0,1133.8399335,907.0719468,0.0,0.0,226.7679867,226.7679867,0.0,0.0,5.0,4.0,S0_baseline
217338.0,0.0,0.0,2735.7407665,1172.4603285,0.0,0.0,455.9567944166667,390.8201095,0.0,0.0,6.0,3.0,S0_baseline
217350.0,0.0,0.0,1485.0622745,848.607014,0.0,0.0,247.51037908333333,212.1517535,0.0,0.0,6.0,4.0,S0_baseline
217356.0,0.0,0.0,1377.7646421,787.2940812,0.0,0.0,229.62744035,196.8235203,0.0,0.0,6.0,4.0,S0_baseline
217357.0,0.0,0.0,2383.0025695000004,1361.715754,0.0,0.0,397.1670949166667,340.4289385,0.0,0.0,6.0,4.0,S0_baseline
217359.0,0.0,0.0,1406.0344305,1124.8275444,0.0,0.0,281.2068861,281.2068861,0.0,0.0,5.0,4.0,S0_baseline
217370.0,0.0,0.0,2218.56377635,783.0225093,0.0,0.0,316.93768233571427,261.0075031,0.0,0.0,7.0,3.0,S0_baseline
217397.0,492.7451043,0.0,4188.33338655,2710.09807365,492.7451043,0.0,698.055564425,677.5245184124999,1.0,0.0,6.0,4.0,S0_baseline
217399.0,335.8759092,0.0,2854.9452282,1679.379546,335.8759092,0.0,475.82420470000005,419.8448865,1.0,0.0,6.0,4.0,S0_baseline
217405.0,0.0,0.0,2492.6424709000003,1466.260277,0.0,0.0,415.4404118166667,366.56506925,0.0,0.0,6.0,4.0,S0_baseline
217415.0,0.0,0.0,2867.1206976,1791.950436,0.0,0.0,477.8534496,447.987609,0.0,0.0,6.0,4.0,S0_baseline
217427.0,463.2296785,0.0,3474.22258875,2316.1483925,463.2296785,0.0,579.0370981249999,579.037098125,1.0,0.0,6.0,4.0,S0_baseline
217454.0,304.6169115,0.0,3655.402938,3046.169115,304.6169115,0.0,522.2004197142858,507.6948525,1.0,0.0,7.0,6.0,S0_baseline
217460.0,191.1518329,0.0,2007.09424545,1911.518329,191.1518329,0.0,286.72774934999995,318.5863881666666,1.0,0.0,7.0,6.0,S0_baseline
217464.0,225.8279952,0.0,1919.5379592,1580.7959664,225.8279952,0.0,319.9229932,316.15919328,1.0,0.0,6.0,5.0,S0_baseline
217466.0,197.1885301,0.0,2070.4795660500004,1971.885301,197.1885301,0.0,295.78279515,328.6475501666667,1.0,0.0,7.0,6.0,S0_baseline
217472.0,270.4895333,0.0,2299.16103305,1758.18196645,270.4895333,0.0,383.1935055083334,351.63639329,1.0,0.0,6.0,5.0,S0_baseline
217473.0,395.0523916,0.0,3357.9453286000003,2567.8405454000003,395.0523916,0.0,559.6575547666667,513.5681090800001,1.0,0.0,6.0,5.0,S0_baseline
217477.0,372.5741491,0.0,3166.8802673500004,1862.8707455,372.5741491,0.0,527.8133778916667,465.717686375,1.0,0.0,6.0,4.0,S0_baseline
217482.0,294.7766302,0.0,2505.6013567,1473.883151,294.7766302,0.0,417.60022611666665,368.47078775,1.0,0.0,6.0,4.0,S0_baseline
217483.0,390.0636785,0.0,3315.54126725,1950.3183925,390.0636785,0.0,552.5902112083332,487.579598125,1.0,0.0,6.0,4.0,S0_baseline
217486.0,333.0256117,0.0,2830.71769945,2164.6664760500003,333.0256117,0.0,471.7862832416667,432.93329521,1.0,0.0,6.0,5.0,S0_baseline
217487.0,631.334541,0.0,5366.3435985,3156.672705,631.334541,0.0,894.39059975,789.16817625,1.0,0.0,6.0,4.0,S0_baseline
217489.0,299.8276814,0.0,2548.5352919,1499.138407,299.8276814,0.0,424.7558819833334,374.78460175,1.0,0.0,6.0,4.0,S0_baseline
217490.0,292.2111785,0.0,2483.7950172500005,1461.0558925,292.2111785,0.0,413.9658362083334,365.263973125,1.0,0.0,6.0,4.0,S0_baseline
217494.0,280.8585912,0.0,2808.585912,1825.5808428,280.8585912,0.0,401.2265588571428,365.11616856,1.0,0.0,7.0,5.0,S0_baseline
217495.0,359.5534264,0.0,3056.2041244,2337.0972716,359.5534264,0.0,509.3673540666666,467.41945432,1.0,0.0,6.0,5.0,S0_baseline
217496.0,629.9063812,0.0,6299.063812000001,4094.3914778000008,629.9063812,0.0,899.8662588571431,818.8782955600002,1.0,0.0,7.0,5.0,S0_baseline
217517.0,455.8019265,0.0,4785.920228249999,2279.0096325,455.8019265,0.0,797.6533713749999,569.752408125,1.0,0.0,6.0,4.0,S0_baseline
217526.0,490.5345137,0.0,3679.00885275,2452.6725685,490.5345137,0.0,613.168142125,613.168142125,1.0,0.0,6.0,4.0,S0_baseline
217554.0,0.0,0.0,1672.700016,1115.133344,0.0,0.0,278.783336,278.783336,0.0,0.0,6.0,4.0,S0_baseline
217560.0,0.0,0.0,1854.1707045,1236.113803,0.0,0.0,309.02845075,309.02845075,0.0,0.0,6.0,4.0,S0_baseline
217562.0,0.0,0.0,2089.944627,1393.296418,0.0,0.0,348.3241045,348.3241045,0.0,0.0,6.0,4.0,S0_baseline
217619.0,102.7999242,0.0,1027.999242,822.3993936,102.7999242,0.0,146.85703457142858,164.47987872000002,1.0,0.0,7.0,5.0,S0_baseline
217623.0,203.7653729,0.0,1732.0056696499998,1324.47492385,203.7653729,0.0,288.6676116083333,264.89498476999995,1.0,0.0,6.0,5.0,S0_baseline
217625.0,141.1703433,0.0,1199.9479180500002,917.60723145,141.1703433,0.0,199.99131967500003,183.52144629000003,1.0,0.0,6.0,5.0,S0_baseline
217627.0,235.6842708,0.0,2003.3163018,1531.9477602,235.6842708,0.0,333.8860503,306.38955204,1.0,0.0,6.0,5.0,S0_baseline
217629.0,217.938978,0.0,1852.481313,1416.603357,217.938978,0.0,308.7468855,283.3206714,1.0,0.0,6.0,5.0,S0_baseline
217636.0,129.7356066,0.0,1102.7526561000002,843.2814429000001,129.7356066,0.0,183.79210935000003,168.65628858000002,1.0,0.0,6.0,5.0,S0_baseline
217641.0,145.8903964,0.0,1240.0683694,948.2875766,145.8903964,0.0,206.67806156666663,189.65751532,1.0,0.0,6.0,5.0,S0_baseline
217645.0,161.0709397,0.0,1369.10298745,805.3546985,161.0709397,0.0,228.18383124166667,201.338674625,1.0,0.0,6.0,4.0,S0_baseline
217649.0,148.4854685,0.0,1262.12648225,742.4273424999999,148.4854685,0.0,210.3544137083333,185.606835625,1.0,0.0,6.0,4.0,S0_baseline
217668.0,133.6685962,0.0,1336.6859619999998,1203.0173658,133.6685962,0.0,190.9551374285714,240.60347316,1.0,0.0,7.0,5.0,S0_baseline
217682.0,128.249842,0.0,1218.373499,833.623973,128.249842,0.0,203.0622498333333,166.7247946,1.0,0.0,6.0,5.0,S0_baseline
217713.0,91.39382236,0.0,776.84749006,594.05984534,91.39382236,0.0,129.47458167666667,118.811969068,1.0,0.0,6.0,5.0,S0_baseline
217720.0,590.3699316,0.0,6494.0692476,3837.4045554,590.3699316,0.0,927.7241782285712,767.4809110799999,1.0,0.0,7.0,5.0,S0_baseline
217730.0,321.4743511,0.0,2893.2691599,1607.3717554999998,321.4743511,0.0,482.21152665,401.842938875,1.0,0.0,6.0,4.0,S0_baseline
217735.0,226.19531,0.0,1696.464825,1130.97655,226.19531,0.0,282.7441375,282.7441375,1.0,0.0,6.0,4.0,S0_baseline
217915.0,0.0,0.0,866.8287144999999,693.4629716,0.0,0.0,173.3657429,173.3657429,0.0,0.0,5.0,4.0,S0_baseline
217927.0,0.0,0.0,768.3576069999999,614.6860856,0.0,0.0,153.6715214,153.6715214,0.0,0.0,5.0,4.0,S0_baseline
217929.0,0.0,0.0,761.4213975,609.137118,0.0,0.0,152.2842795,152.2842795,0.0,0.0,5.0,4.0,S0_baseline
218138.0,138.5546837,0.0,831.3281022,692.7734184999999,138.5546837,0.0,166.26562044,173.19335462499998,1.0,0.0,5.0,4.0,S0_baseline
218152.0,148.9267588,0.0,893.5605527999999,744.6337939999999,148.9267588,0.0,178.71211056,186.1584485,1.0,0.0,5.0,4.0,S0_baseline
218162.0,109.1314129,0.0,763.9198903,545.6570645,109.1314129,0.0,152.78397806,136.414266125,1.0,0.0,5.0,4.0,S0_baseline
218171.0,216.8993992,0.0,1518.2957944,1301.3963952,216.8993992,0.0,303.65915888,325.3490988,1.0,0.0,5.0,4.0,S0_baseline
218176.0,237.9912386,0.0,1308.9518123,1070.9605737000002,237.9912386,0.0,261.79036246,267.74014342500004,1.0,0.0,5.0,4.0,S0_baseline
218177.0,153.0964079,0.0,995.12665135,459.2892237,153.0964079,0.0,199.02533027,153.0964079,1.0,0.0,5.0,3.0,S0_baseline
218199.0,214.5275534,0.0,1072.637767,643.5826602,214.5275534,0.0,214.5275534,214.5275534,1.0,0.0,5.0,3.0,S0_baseline
218205.0,182.8659626,0.0,914.329813,548.5978878,182.8659626,0.0,182.8659626,182.8659626,1.0,0.0,5.0,3.0,S0_baseline
218213.0,143.3685156,0.0,788.5268358,860.2110935999999,143.3685156,0.0,157.70536715999998,215.0527734,1.0,0.0,5.0,4.0,S0_baseline
218248.0,175.8774677,0.0,879.3873385,527.6324031,175.8774677,0.0,175.8774677,175.8774677,1.0,0.0,5.0,3.0,S0_baseline
218252.0,265.0810524,0.0,1325.4052619999998,795.2431571999999,265.0810524,0.0,265.0810524,265.0810524,1.0,0.0,5.0,3.0,S0_baseline
218255.0,184.9110643,0.0,924.5553215,554.7331929,184.9110643,0.0,184.9110643,184.9110643,1.0,0.0,5.0,3.0,S0_baseline
218271.0,254.2248235,0.0,1271.1241175,762.6744705000001,254.2248235,0.0,254.2248235,254.22482350000004,1.0,0.0,5.0,3.0,S0_baseline
218272.0,134.8453793,0.0,674.2268965,404.5361379,134.8453793,0.0,134.8453793,134.8453793,1.0,0.0,5.0,3.0,S0_baseline
218287.0,74.37839546,0.0,371.8919773,223.13518638,74.37839546,0.0,74.37839546,74.37839546,1.0,0.0,5.0,3.0,S0_baseline
218295.0,157.856126,0.0,789.28063,473.568378,157.856126,0.0,157.856126,157.856126,1.0,0.0,5.0,3.0,S0_baseline
218297.0,92.26447118,0.0,461.3223559,276.79341354,92.26447118,0.0,92.26447118,92.26447118,1.0,0.0,5.0,3.0,S0_baseline
218303.0,139.4982087,0.0,697.4910434999999,418.4946261,139.4982087,0.0,139.4982087,139.4982087,1.0,0.0,5.0,3.0,S0_baseline
218311.0,90.74571657,0.0,453.72858285,272.23714971,90.74571657,0.0,90.74571657,90.74571657,1.0,0.0,5.0,3.0,S0_baseline
218314.0,65.01429507,0.0,325.07147535,195.04288521,65.01429507,0.0,65.01429507,65.01429507,1.0,0.0,5.0,3.0,S0_baseline
218356.0,173.8280436,0.0,869.140218,521.4841308,173.8280436,0.0,173.8280436,173.8280436,1.0,0.0,5.0,3.0,S0_baseline
218432.0,79.45443171,119.181647565,516.4538061149999,357.544942695,79.45443171,119.181647565,86.07563435249999,89.38623567375,1.0,1.0,6.0,4.0,S0_baseline
218437.0,57.89586465,86.843796975,376.323120225,260.531390925,57.89586465,86.843796975,62.7205200375,65.13284773125,1.0,1.0,6.0,4.0,S0_baseline
218438.0,58.13593469,87.203902035,377.883575485,261.611706105,58.13593469,87.203902035,62.98059591416666,65.40292652625,1.0,1.0,6.0,4.0,S0_baseline
218475.0,181.2084116,271.8126174,1177.8546754,996.6462638,181.2084116,271.8126174,196.3091125666667,249.16156595,1.0,1.0,6.0,4.0,S0_baseline
218497.0,266.7401328,400.1101992,1733.8108632,1200.3305976,266.7401328,400.1101992,288.9684772,300.08264940000004,1.0,1.0,6.0,4.0,S0_baseline
218514.0,259.1903341,388.78550115,1684.7371716499997,1166.3565034499998,259.1903341,388.78550115,280.7895286083333,291.58912586249994,1.0,1.0,6.0,4.0,S0_baseline
218516.0,374.7539708,562.1309562,2435.9008102,1686.3928686,374.7539708,562.1309562,405.9834683666666,421.59821715,1.0,1.0,6.0,4.0,S0_baseline
218523.0,165.1405898,247.7108847,1073.4138337,743.1326541,165.1405898,247.7108847,178.90230561666667,185.783163525,1.0,1.0,6.0,4.0,S0_baseline
218542.0,197.3305529,295.99582935,1282.64859385,887.9874880499999,197.3305529,295.99582935,213.77476564166668,221.9968720125,1.0,1.0,6.0,4.0,S0_baseline
218555.0,199.6184177,299.42762655,1297.51971505,898.28287965,199.6184177,299.42762655,216.25328584166667,224.5707199125,1.0,1.0,6.0,4.0,S0_baseline
218557.0,278.870013,418.3050195,2230.960104,1254.9150584999998,278.870013,418.3050195,318.70858628571426,313.72876462499994,1.0,1.0,7.0,4.0,S0_baseline
218559.0,243.1014024,364.6521036,1580.1591156000002,1093.9563108000002,243.1014024,364.6521036,263.3598526,273.48907770000005,1.0,1.0,6.0,4.0,S0_baseline
218564.0,271.7542683,407.63140245,2174.0341464,1222.89420735,271.7542683,407.63140245,310.5763066285714,305.7235518375,1.0,1.0,7.0,4.0,S0_baseline
218569.0,175.4050657,263.10759855,1140.13292705,789.32279565,175.4050657,263.10759855,190.02215450833333,197.3306989125,1.0,1.0,6.0,4.0,S0_baseline
218575.0,167.3105942,250.9658913,1087.5188623,669.2423768,167.3105942,250.9658913,181.25314371666664,167.3105942,1.0,1.0,6.0,4.0,S0_baseline
218581.0,417.2408504,0.0,3337.9268032,1877.5838268,417.2408504,0.0,476.8466861714286,469.3959567,1.0,0.0,7.0,4.0,S0_baseline
218597.0,155.0453029,232.56795435,1240.3624232,697.70386305,155.0453029,232.56795435,177.19463188571427,174.4259657625,1.0,1.0,7.0,4.0,S0_baseline
218613.0,272.0573184,408.0859776,1768.3725696,1224.2579328,272.0573184,408.0859776,294.7287616,306.0644832,1.0,1.0,6.0,4.0,S0_baseline
218625.0,675.6086018,1013.4129027,4391.4559117,2702.4344072,675.6086018,1013.4129027,731.9093186166666,675.6086018,1.0,1.0,6.0,4.0,S0_baseline
218648.0,169.8241918,0.0,1358.5935344,764.2088630999999,169.8241918,0.0,194.08479062857143,191.052215775,1.0,0.0,7.0,4.0,S0_baseline
218677.0,109.2219354,163.8329031,873.7754832,491.4987093,109.2219354,163.8329031,124.82506902857143,122.874677325,1.0,1.0,7.0,4.0,S0_baseline
218698.0,0.0,0.0,675.95995552,253.48498332,0.0,0.0,96.56570793142858,84.49499444,0.0,0.0,7.0,3.0,S0_baseline
218707.0,137.3925013,206.08875195,1099.1400104,618.26625585,137.3925013,206.08875195,157.0200014857143,154.5665639625,1.0,1.0,7.0,4.0,S0_baseline
218709.0,411.8169529,617.72542935,2676.81019385,2059.0847645,411.8169529,617.72542935,446.1350323083333,411.8169529,1.0,1.0,6.0,5.0,S0_baseline
218746.0,85.46878904,0.0,683.75031232,384.60955068,85.46878904,0.0,97.67861604571428,96.15238767,1.0,0.0,7.0,4.0,S0_baseline
218749.0,0.0,0.0,715.951318,268.48174425,0.0,0.0,102.27875971428573,89.49391475,0.0,0.0,7.0,3.0,S0_baseline
218755.0,548.5691512,822.8537268,3565.6994828,2194.2766048,548.5691512,822.8537268,594.2832471333332,548.5691512,1.0,1.0,6.0,4.0,S0_baseline
218765.0,682.6799086,1024.0198629,4437.4194059,2730.7196344,682.6799086,1024.0198629,739.5699009833334,682.6799086,1.0,1.0,6.0,4.0,S0_baseline
218772.0,0.0,0.0,579.664339605,267.53738751,0.0,0.0,96.6107232675,89.17912917,0.0,0.0,6.0,3.0,S0_baseline
218786.0,434.4320977,0.0,3475.4567816,1303.2962931,434.4320977,0.0,496.49382594285714,434.4320977,1.0,0.0,7.0,3.0,S0_baseline
218788.0,0.0,0.0,1388.9613584,520.8605094000001,0.0,0.0,198.4230512,173.6201698,0.0,0.0,7.0,3.0,S0_baseline
218799.0,0.0,0.0,1022.4598024,383.4224259,0.0,0.0,146.06568605714284,127.8074753,0.0,0.0,7.0,3.0,S0_baseline
218806.0,136.5922806,204.88842090000003,1092.7382448,614.6652627000001,136.5922806,204.88842090000003,156.10546354285717,153.66631567500002,1.0,1.0,7.0,4.0,S0_baseline
218815.0,456.9166183,685.37492745,2969.95801895,1827.6664732,456.9166183,685.37492745,494.9930031583333,456.9166183,1.0,1.0,6.0,4.0,S0_baseline
218832.0,208.9952716,313.4929074,1671.9621728,940.4787222,208.9952716,313.4929074,238.85173897142857,235.11968055,1.0,1.0,7.0,4.0,S0_baseline
218860.0,148.1997365,222.29960475,963.29828725,740.9986825,148.1997365,222.29960475,160.54971454166667,148.1997365,1.0,1.0,6.0,5.0,S0_baseline
218867.0,0.0,0.0,1008.85894005,465.6272031,0.0,0.0,168.143156675,155.2090677,0.0,0.0,6.0,3.0,S0_baseline
218871.0,0.0,0.0,3556.5566176,1333.7087316000002,0.0,0.0,508.0795168,444.5695772000001,0.0,0.0,7.0,3.0,S0_baseline
218903.0,233.4909846,0.0,1867.9278768,700.4729537999999,233.4909846,0.0,266.84683954285714,233.4909846,1.0,0.0,7.0,3.0,S0_baseline
218907.0,196.9406441,295.41096615,1280.11418665,1181.6438646,196.9406441,295.41096615,213.35236444166665,196.9406441,1.0,1.0,6.0,6.0,S0_baseline
218919.0,0.0,0.0,487.449069575,224.97649365,0.0,0.0,81.24151159583333,74.99216455,0.0,0.0,6.0,3.0,S0_baseline
218925.0,0.0,0.0,3673.2584239,1695.3500418,0.0,0.0,612.2097373166666,565.1166806,0.0,0.0,6.0,3.0,S0_baseline
218938.0,325.5845628,488.3768442000001,2116.2996582,1302.3382512,325.5845628,488.3768442000001,352.7166097,325.5845628,1.0,1.0,6.0,4.0,S0_baseline
218948.0,201.725674,302.588511,1311.216881,1008.62837,201.725674,302.588511,218.53614683333333,201.725674,1.0,1.0,6.0,5.0,S0_baseline
218953.0,0.0,0.0,480.3805309,288.22831854,0.0,0.0,96.07610618,96.07610618,0.0,0.0,5.0,3.0,S0_baseline
218970.0,97.87255478,146.80883217000002,636.17160607,538.2990512900001,97.87255478,146.80883217000002,106.02860101166668,134.57476282250002,1.0,1.0,6.0,4.0,S0_baseline
219011.0,411.0046488,616.5069732,3288.0371904,1849.5209196,411.0046488,616.5069732,469.7195986285714,462.3802299,1.0,1.0,7.0,4.0,S0_baseline
219034.0,371.8456325,557.7684487500001,2974.76506,1673.3053462500002,371.8456325,557.7684487500001,424.9664371428572,418.3263365625001,1.0,1.0,7.0,4.0,S0_baseline
219042.0,0.0,0.0,3562.5284344,1335.9481629000002,0.0,0.0,508.9326334857143,445.3160543000001,0.0,0.0,7.0,3.0,S0_baseline
219111.0,0.0,202.6525287,878.1609577,607.9575861000001,0.0,202.6525287,146.36015961666666,151.98939652500002,0.0,1.0,6.0,4.0,S0_baseline
219116.0,177.3890165,532.1670495,886.9450825,1064.334099,177.3890165,266.08352475,177.3890165,177.3890165,1.0,2.0,5.0,6.0,S0_baseline
219161.0,0.0,0.0,1776.78718555,820.0556240999999,0.0,0.0,296.13119759166665,273.3518747,0.0,0.0,6.0,3.0,S0_baseline
219169.0,271.6331406,0.0,1765.6154139,814.8994218,271.6331406,0.0,294.26923565,271.6331406,1.0,0.0,6.0,3.0,S0_baseline
219242.0,416.8084899,625.21273485,2709.25518435,2500.8509394,416.8084899,625.21273485,451.542530725,416.8084899,1.0,1.0,6.0,6.0,S0_baseline
219287.0,46.3839658,69.5759487,371.0717264,208.7278461,46.3839658,69.5759487,53.01024662857143,52.181961525,1.0,1.0,7.0,4.0,S0_baseline
219371.0,226.7390256,340.1085384,1473.8036664,1360.4341536,226.7390256,340.1085384,245.6339444,226.7390256,1.0,1.0,6.0,6.0,S0_baseline
219428.0,405.4334764,0.0,3243.4678112,1216.3004292,405.4334764,0.0,463.35254445714287,405.4334764,1.0,0.0,7.0,3.0,S0_baseline
219453.0,525.6602831,0.0,3416.79184015,1576.9808493,525.6602831,0.0,569.4653066916667,525.6602831,1.0,0.0,6.0,3.0,S0_baseline
219509.0,252.7019063,379.05285945,2021.6152504,1010.8076252,252.7019063,379.05285945,288.8021786285714,252.7019063,1.0,1.0,7.0,4.0,S0_baseline
219656.0,353.2021826,0.0,2295.8141869,1059.6065478,353.2021826,0.0,382.63569781666666,353.2021826,1.0,0.0,6.0,3.0,S0_baseline
219657.0,318.2180615,0.0,2068.41739975,954.6541845,318.2180615,0.0,344.7362332916666,318.2180615,1.0,0.0,6.0,3.0,S0_baseline
219659.0,120.5769984,180.8654976,964.6159872,542.5964928,120.5769984,180.8654976,137.80228388571427,135.6491232,1.0,1.0,7.0,4.0,S0_baseline
219661.0,166.0046827,249.00702405,1079.03043755,830.0234135,166.0046827,249.00702405,179.83840625833332,166.0046827,1.0,1.0,6.0,5.0,S0_baseline
219720.0,0.0,0.0,2464.9226605000003,1478.9535963,0.0,0.0,492.9845321000001,492.9845321,0.0,0.0,5.0,3.0,S0_baseline
219721.0,0.0,0.0,1523.464787,914.0788722,0.0,0.0,304.6929574,304.6929574,0.0,0.0,5.0,3.0,S0_baseline
219747.0,0.0,0.0,1517.3007229999998,910.3804338,0.0,0.0,303.4601446,303.4601446,0.0,0.0,5.0,3.0,S0_baseline
219750.0,0.0,358.55245215,1553.72729265,1434.2098086,0.0,358.55245215,258.954548775,239.0349681,0.0,1.0,6.0,6.0,S0_baseline
219763.0,287.3204493,0.0,1867.58292045,861.9613479,287.3204493,0.0,311.263820075,287.3204493,1.0,0.0,6.0,3.0,S0_baseline
219794.0,0.0,402.89269185,1745.86833135,1611.5707674,0.0,402.89269185,290.978055225,268.5951279,0.0,1.0,6.0,6.0,S0_baseline
219814.0,208.8640727,313.29610905000004,1670.9125816,1148.75239985,208.8640727,313.29610905000004,238.70179737142857,287.1880999625,1.0,1.0,7.0,4.0,S0_baseline
219873.0,0.0,0.0,2167.957885,1300.774731,0.0,0.0,433.591577,433.591577,0.0,0.0,5.0,3.0,S0_baseline
219928.0,896.9613518,896.9613518,7175.6908144,2690.8840554,896.9613518,896.9613518,1025.0986877714286,896.9613518,1.0,1.0,7.0,3.0,S0_baseline
219935.0,0.0,691.6493919,1152.7489865,1383.2987838,0.0,345.82469595,230.5497973,230.5497973,0.0,2.0,5.0,6.0,S0_baseline
220035.0,0.0,472.7538736,945.5077472,827.3192788,0.0,157.58462453333334,135.07253531428572,118.1884684,0.0,3.0,7.0,7.0,S0_baseline
220037.0,178.0371804,178.0371804,1424.2974432,712.1487216,178.0371804,178.0371804,203.4710633142857,178.0371804,1.0,1.0,7.0,4.0,S0_baseline
220039.0,127.80560983499998,85.20373989,681.62991912,553.8243092849999,127.80560983499998,85.20373989,97.37570273142856,92.30405154749998,1.0,1.0,7.0,6.0,S0_baseline
220085.0,128.03100208499998,213.385003475,682.83201112,554.8010090349999,128.03100208499998,106.69250173749998,97.54743016,92.46683483916664,1.0,2.0,7.0,6.0,S0_baseline
220259.0,0.0,534.9310375499999,1222.6995144,1069.8620751,0.0,178.31034584999998,174.6713592,152.8374393,0.0,3.0,7.0,7.0,S0_baseline
220279.0,365.4544182,0.0,2923.6353456,1096.3632546,365.4544182,0.0,417.6621922285714,365.4544182,1.0,0.0,7.0,3.0,S0_baseline
220300.0,155.6343258,415.0248688,830.0497376,674.4154117999999,155.6343258,207.5124344,118.57853394285712,112.40256863333332,1.0,2.0,7.0,6.0,S0_baseline
220317.0,235.145855,0.0,1528.4480575,940.58342,235.145855,0.0,254.74134291666667,235.145855,1.0,0.0,6.0,4.0,S0_baseline
220357.0,233.1858646,233.1858646,1865.4869168,1515.7081199,233.1858646,233.1858646,266.49813097142857,252.6180199833333,1.0,1.0,7.0,6.0,S0_baseline
220372.0,263.3377886,263.3377886,2106.7023088,1711.6956259,263.3377886,263.3377886,300.9574726857143,285.28260431666666,1.0,1.0,7.0,6.0,S0_baseline
220380.0,228.9736959,0.0,1488.32902335,915.8947836,228.9736959,0.0,248.054837225,228.9736959,1.0,0.0,6.0,4.0,S0_baseline
220471.0,156.0936915,0.0,780.4684575,624.374766,156.0936915,0.0,156.0936915,156.0936915,1.0,0.0,5.0,4.0,S0_baseline
220538.0,413.97193875,689.95323125,2207.85034,1793.87840125,413.97193875,344.976615625,315.4071914285714,298.9797335416667,1.0,2.0,7.0,6.0,S0_baseline
220583.0,349.8367421,0.0,2273.93882365,1399.3469684,349.8367421,0.0,378.98980394166665,349.8367421,1.0,0.0,6.0,4.0,S0_baseline
220586.0,288.6370428,288.6370428,2309.0963424,1876.1407782,288.6370428,288.6370428,329.87090605714286,312.6901297,1.0,1.0,7.0,6.0,S0_baseline
220756.0,0.0,683.6223999,1481.18186645,1595.1189331,0.0,341.81119995,246.86364440833336,227.8741333,0.0,2.0,6.0,7.0,S0_baseline
220757.0,0.0,609.8989878,1321.4478069000002,1423.0976382,0.0,304.9494939,220.24130115000003,203.2996626,0.0,2.0,6.0,7.0,S0_baseline
220779.0,368.2367943,368.2367943,2945.8943544,2393.53916295,368.2367943,368.2367943,420.8420506285714,398.923193825,1.0,1.0,7.0,6.0,S0_baseline
220853.0,0.0,0.0,2771.3490405,2217.0792324,0.0,0.0,554.2698081,554.2698081,0.0,0.0,5.0,4.0,S0_baseline
220854.0,0.0,0.0,2736.096906,2188.8775248,0.0,0.0,547.2193812,547.2193812,0.0,0.0,5.0,4.0,S0_baseline
220856.0,0.0,0.0,1213.0476315,970.4381052,0.0,0.0,242.60952630000003,242.6095263,0.0,0.0,5.0,4.0,S0_baseline
220865.0,0.0,553.4838864,2398.4301744,2213.9355456,0.0,553.4838864,399.7383624,368.9892576,0.0,1.0,6.0,6.0,S0_baseline
220959.0,0.0,0.0,1092.1526605,873.7221284,0.0,0.0,218.4305321,218.4305321,0.0,0.0,5.0,4.0,S0_baseline
220983.0,0.0,0.0,1362.824626,1090.2597008,0.0,0.0,272.5649252,272.5649252,0.0,0.0,5.0,4.0,S0_baseline
220987.0,0.0,37.03296849,160.47619679,148.13187396,0.0,37.03296849,26.74603279833333,24.68864566,0.0,1.0,6.0,6.0,S0_baseline
221083.0,0.0,0.0,2158.2860995,1726.6288796,0.0,0.0,431.6572199,431.6572199,0.0,0.0,5.0,4.0,S0_baseline
221106.0,0.0,0.0,2092.3213465,1673.8570772,0.0,0.0,418.4642693,418.4642693,0.0,0.0,5.0,4.0,S0_baseline
221109.0,0.0,0.0,1827.6997455,1462.1597964,0.0,0.0,365.5399491,365.5399491,0.0,0.0,5.0,4.0,S0_baseline
221227.0,175.2370359,175.2370359,934.5975248,584.1234529999999,175.2370359,175.2370359,133.51393211428572,116.82469059999998,1.0,1.0,7.0,5.0,S0_baseline
221508.0,33.17599646,33.17599646,265.40797168,215.64397699,33.17599646,33.17599646,37.915424525714286,35.940662831666664,1.0,1.0,7.0,6.0,S0_baseline
221878.0,139.3318863,0.0,1393.318863,1114.6550904,139.3318863,0.0,199.04555185714284,222.93101808,1.0,0.0,7.0,5.0,S0_baseline
221880.0,162.8091505,0.0,1628.091505,1302.473204,162.8091505,0.0,232.5845007142857,260.4946408,1.0,0.0,7.0,5.0,S0_baseline
221900.0,0.0,0.0,3192.632963,2554.1063704,0.0,0.0,456.0904232857143,510.82127408,0.0,0.0,7.0,5.0,S0_baseline
221906.0,430.4400247,0.0,4304.4002470000005,2797.86016055,430.4400247,0.0,614.9143210000001,559.57203211,1.0,0.0,7.0,5.0,S0_baseline
221911.0,0.0,0.0,4441.67363,2887.0878595000004,0.0,0.0,634.5248042857144,577.4175719000001,0.0,0.0,7.0,5.0,S0_baseline
221912.0,0.0,0.0,4106.721138999999,2669.36874035,0.0,0.0,586.6744484285713,533.8737480699999,0.0,0.0,7.0,5.0,S0_baseline
221916.0,0.0,0.0,3485.484977,2265.5652350499995,0.0,0.0,497.92642528571423,453.1130470099999,0.0,0.0,7.0,5.0,S0_baseline
221919.0,335.5395777,0.0,3355.395777,2181.00725505,335.5395777,0.0,479.3422538571428,436.20145101,1.0,0.0,7.0,5.0,S0_baseline
221925.0,0.0,0.0,3806.655424,2474.3260256,0.0,0.0,543.8079177142856,494.86520512,0.0,0.0,7.0,5.0,S0_baseline
221930.0,0.0,0.0,4635.48712825,2439.7300675,0.0,0.0,772.5811880416667,609.932516875,0.0,0.0,6.0,4.0,S0_baseline
221932.0,0.0,0.0,3689.269437,2398.02513405,0.0,0.0,527.038491,479.60502681,0.0,0.0,7.0,5.0,S0_baseline
221938.0,413.0328663,0.0,3097.74649725,2065.1643315,413.0328663,0.0,619.54929945,516.291082875,1.0,0.0,5.0,4.0,S0_baseline
221950.0,154.6595777,0.0,1159.94683275,773.2978885,154.6595777,0.0,231.98936655,193.324472125,1.0,0.0,5.0,4.0,S0_baseline
221952.0,375.0087172,0.0,2625.0610204,1875.043586,375.0087172,0.0,525.01220408,468.7608965,1.0,0.0,5.0,4.0,S0_baseline
221981.0,938.7286475,0.0,3754.91459,2440.6944835,469.36432375,0.0,536.41637,488.1388967,2.0,0.0,7.0,5.0,S0_baseline
221999.0,465.172669,0.0,1860.690676,1209.4489394,232.5863345,0.0,265.8129537142857,241.88978788,2.0,0.0,7.0,5.0,S0_baseline
222000.0,485.0499112,0.0,5335.5490232,3152.8244228,485.0499112,0.0,762.2212890285715,630.56488456,1.0,0.0,7.0,5.0,S0_baseline
222008.0,89.18898808,0.0,713.51190464,579.72842252,89.18898808,0.0,118.91865077333334,115.945684504,1.0,0.0,6.0,5.0,S0_baseline
222017.0,89.95005462,0.0,539.70032772,449.7502731,89.95005462,0.0,107.940065544,112.437568275,1.0,0.0,5.0,4.0,S0_baseline
222024.0,218.7085387,0.0,1530.9597709,1093.5426935,218.7085387,0.0,306.19195418,273.385673375,1.0,0.0,5.0,4.0,S0_baseline
222030.0,191.0252298,0.0,1050.6387639,955.126149,191.0252298,0.0,210.12775278,238.78153725,1.0,0.0,5.0,4.0,S0_baseline
222045.0,557.3329776,0.0,2786.664888,2507.9983992,557.3329776,0.0,557.3329776,626.9995998,1.0,0.0,5.0,4.0,S0_baseline
222062.0,327.3799772,0.0,2782.7298062,1964.2798632,327.3799772,0.0,556.54596124,392.85597264,1.0,0.0,5.0,5.0,S0_baseline
222084.0,139.5911521,0.0,697.9557605,767.7513365499999,139.5911521,0.0,139.5911521,153.55026730999998,1.0,0.0,5.0,5.0,S0_baseline
222198.0,0.0,0.0,645.2051899999999,387.123114,0.0,0.0,129.041038,129.041038,0.0,0.0,5.0,3.0,S0_baseline
222199.0,0.0,0.0,396.501548,237.90092880000003,0.0,0.0,79.3003096,79.3003096,0.0,0.0,5.0,3.0,S0_baseline
222225.0,0.0,0.0,984.334905,590.600943,0.0,0.0,196.866981,196.866981,0.0,0.0,5.0,3.0,S0_baseline
222238.0,0.0,418.16741265,1393.8913755,1115.1131004,0.0,418.16741265,278.7782751,278.7782751,0.0,1.0,5.0,4.0,S0_baseline
222251.0,0.0,0.0,882.4768755,529.4861252999999,0.0,0.0,176.4953751,176.49537509999996,0.0,0.0,5.0,3.0,S0_baseline
222278.0,0.0,385.3320909,1284.440303,1027.5522424,0.0,385.3320909,256.8880606,256.8880606,0.0,1.0,5.0,4.0,S0_baseline
222280.0,0.0,0.0,936.2704265,561.7622559,0.0,0.0,187.2540853,187.2540853,0.0,0.0,5.0,3.0,S0_baseline
222302.0,0.0,267.7001853,892.333951,535.4003706,0.0,267.7001853,178.4667902,178.4667902,0.0,1.0,5.0,3.0,S0_baseline
222319.0,250.2121863,0.0,2752.3340493,2251.9096767,250.2121863,0.0,393.1905784714286,450.38193534,1.0,0.0,7.0,5.0,S0_baseline
222323.0,164.5068797,0.0,1645.068797,1233.8015977500002,164.5068797,0.0,235.0098281428572,246.76031955,1.0,0.0,7.0,5.0,S0_baseline
222325.0,190.5874772,0.0,1905.874772,1715.2872948,190.5874772,0.0,272.2678245714286,285.8812158,1.0,0.0,7.0,6.0,S0_baseline
222335.0,781.5519485,0.0,3126.2077940000004,2344.6558455,390.77597425,0.0,446.60111342857147,390.77597425,2.0,0.0,7.0,6.0,S0_baseline
222349.0,785.6650008,0.0,5237.766672,3928.325004,785.6650008,0.0,748.2523817142857,654.7208340000001,1.0,0.0,7.0,6.0,S0_baseline
222357.0,489.5811351,0.0,3263.874234,2447.9056755,489.5811351,0.0,466.2677477142857,407.98427925,1.0,0.0,7.0,6.0,S0_baseline
222358.0,423.07068465,0.0,2820.4712310000004,2115.35342325,423.07068465,0.0,402.9244615714287,352.558903875,1.0,0.0,7.0,6.0,S0_baseline
222361.0,297.17313885,0.0,2179.2696849,1485.86569425,297.17313885,0.0,311.3242407,247.644282375,1.0,0.0,7.0,6.0,S0_baseline
222365.0,853.6850453999999,0.0,5691.233635999999,4268.425227,853.6850453999999,0.0,813.0333765714284,711.4042045,1.0,0.0,7.0,6.0,S0_baseline
222368.0,1158.0790975,0.0,4632.316389999999,3474.2372924999995,579.03954875,0.0,661.7594842857142,579.0395487499999,2.0,0.0,7.0,6.0,S0_baseline
222373.0,1150.9642605,0.0,4603.857042000001,3452.8927815,575.4821302500001,0.0,657.6938631428573,575.4821302500001,2.0,0.0,7.0,6.0,S0_baseline
222376.0,1297.28220475,0.0,5189.128819,3891.84661425,648.641102375,0.0,741.3041169999999,648.6411023750001,2.0,0.0,7.0,6.0,S0_baseline
222377.0,1130.54723175,0.0,4522.188927,3391.6416952500003,565.273615875,0.0,646.0269895714285,565.273615875,2.0,0.0,7.0,6.0,S0_baseline
222508.0,558.78815415,0.0,3911.51707905,2980.2034888,558.78815415,0.0,558.78815415,496.7005814666666,1.0,0.0,7.0,6.0,S0_baseline
222510.0,534.09037575,0.0,3738.63263025,2848.482004,534.09037575,0.0,534.09037575,474.7470006666667,1.0,0.0,7.0,6.0,S0_baseline
222514.0,297.15860100000003,0.0,2080.110207,1584.845872,297.15860100000003,0.0,297.15860100000003,264.1409786666667,1.0,0.0,7.0,6.0,S0_baseline
222545.0,537.58249515,0.0,3763.07746605,2867.1066408,537.58249515,0.0,537.58249515,477.8511068,1.0,0.0,7.0,6.0,S0_baseline
222561.0,503.291412,0.0,3523.039884,2684.220864,503.291412,0.0,503.291412,447.370144,1.0,0.0,7.0,6.0,S0_baseline
222569.0,611.3479635,0.0,4075.65309,3260.522472,611.3479635,0.0,582.2361557142857,543.420412,1.0,0.0,7.0,6.0,S0_baseline
222574.0,248.73925230000003,0.0,1741.1747661000002,1326.6093456,248.73925230000003,0.0,248.73925230000003,221.1015576,1.0,0.0,7.0,6.0,S0_baseline
222578.0,113.522550795,0.0,794.657855565,605.45360424,113.522550795,0.0,113.522550795,100.90893404,1.0,0.0,7.0,6.0,S0_baseline
222580.0,323.9846778,0.0,2159.897852,1943.9080668,323.9846778,0.0,308.55683600000003,323.9846778,1.0,0.0,7.0,6.0,S0_baseline
222598.0,773.9652020999999,0.0,5675.744815399999,3869.8260105,773.9652020999999,0.0,810.8206879142856,644.97100175,1.0,0.0,7.0,6.0,S0_baseline
222600.0,486.80233005,0.0,3245.348867,2434.01165025,486.80233005,0.0,463.62126671428575,405.668608375,1.0,0.0,7.0,6.0,S0_baseline
222610.0,741.138591,0.0,6176.154925,3705.692955,741.138591,0.0,882.3078464285715,617.6154925,1.0,0.0,7.0,6.0,S0_baseline
222615.0,860.8713008999999,0.0,6313.056206599999,4304.3565045,860.8713008999999,0.0,901.8651723714283,717.3927507499999,1.0,0.0,7.0,6.0,S0_baseline
222642.0,0.0,0.0,1052.806701,1000.16636595,0.0,0.0,150.40095728571427,166.694394325,0.0,0.0,7.0,6.0,S0_baseline
222668.0,62.29844564,0.0,622.9844563999999,529.53678794,62.29844564,0.0,88.99777948571428,88.25613132333332,1.0,0.0,7.0,6.0,S0_baseline
222670.0,62.10141706,0.0,621.0141705999999,527.86204501,62.10141706,0.0,88.71631008571428,87.97700750166666,1.0,0.0,7.0,6.0,S0_baseline
222671.0,132.5516935,0.0,1325.516935,1259.24108825,132.5516935,0.0,189.3595621428572,209.8735147083333,1.0,0.0,7.0,6.0,S0_baseline
222672.0,114.9105987,0.0,1149.105987,919.2847896,114.9105987,0.0,164.15799814285714,153.2141316,1.0,0.0,7.0,6.0,S0_baseline
222673.0,64.40438362,0.0,644.0438362,547.4372607700001,64.40438362,0.0,92.0062623142857,91.23954346166668,1.0,0.0,7.0,6.0,S0_baseline
222675.0,78.6303886,0.0,786.303886,668.3583031000001,78.6303886,0.0,112.32912657142856,111.39305051666668,1.0,0.0,7.0,6.0,S0_baseline
222688.0,54.77049538,0.0,547.7049538,465.54921073,54.77049538,0.0,78.24356482857142,77.59153512166667,1.0,0.0,7.0,6.0,S0_baseline
222690.0,0.0,0.0,1149.84253,977.3661505,0.0,0.0,164.26321857142858,162.89435841666668,0.0,0.0,7.0,6.0,S0_baseline
222697.0,0.0,0.0,1569.231077,1255.3848616,0.0,0.0,224.17586814285715,209.23081026666668,0.0,0.0,7.0,6.0,S0_baseline
222710.0,275.34530235,0.0,1835.635349,1468.5082792,275.34530235,0.0,262.2336212857143,244.75137986666667,1.0,0.0,7.0,6.0,S0_baseline
222720.0,633.623711,0.0,2534.494844,2027.5958752,316.8118555,0.0,362.070692,337.93264586666663,2.0,0.0,7.0,6.0,S0_baseline
222721.0,336.65072145,0.0,2244.338143,1795.4705144,336.65072145,0.0,320.6197347142857,299.2450857333333,1.0,0.0,7.0,6.0,S0_baseline
222723.0,183.5437137,0.0,2110.75270755,1468.3497096,183.5437137,0.0,301.53610107857145,244.72495160000005,1.0,0.0,7.0,6.0,S0_baseline
222726.0,208.0205401,0.0,2080.205401,1664.1643208,208.0205401,0.0,297.1722001428571,277.36072013333336,1.0,0.0,7.0,6.0,S0_baseline
222727.0,218.5186351,0.0,2185.1863510000003,1748.1490808,218.5186351,0.0,312.16947871428573,291.3581801333333,1.0,0.0,7.0,6.0,S0_baseline
222746.0,60.0897367,0.0,630.94223535,480.7178936,60.0897367,0.0,90.13460505,80.11964893333334,1.0,0.0,7.0,6.0,S0_baseline
222749.0,155.4602019,0.0,1632.3321199499997,1243.6816152,155.4602019,0.0,233.19030285,207.2802692,1.0,0.0,7.0,6.0,S0_baseline
222752.0,63.51585124,0.0,666.91643802,508.12680992,63.51585124,0.0,95.27377686,84.68780165333334,1.0,0.0,7.0,6.0,S0_baseline
222753.0,56.9117657,0.0,597.57353985,455.2941256,56.9117657,0.0,85.36764855,75.88235426666667,1.0,0.0,7.0,6.0,S0_baseline
222760.0,107.0746149,0.0,1124.28345645,856.5969192,107.0746149,0.0,160.61192235,142.7661532,1.0,0.0,7.0,6.0,S0_baseline
222761.0,60.90718957,0.0,639.525490485,487.25751656,60.90718957,0.0,91.360784355,81.20958609333333,1.0,0.0,7.0,6.0,S0_baseline
222775.0,818.7532697499998,0.0,2620.0104632,2456.25980925,409.3766348749999,0.0,436.6684105333333,409.376634875,2.0,0.0,6.0,6.0,S0_baseline
222785.0,658.1671609,0.0,5265.3372872,4936.25370675,658.1671609,0.0,877.5562145333333,822.708951125,1.0,0.0,6.0,6.0,S0_baseline
222786.0,394.0328812,0.0,3152.2630496,2955.2466090000003,394.0328812,0.0,525.3771749333333,492.5411015,1.0,0.0,6.0,6.0,S0_baseline
222800.0,188.5830178,0.0,1508.6641424,1414.3726335,188.5830178,0.0,251.44402373333327,235.72877225,1.0,0.0,6.0,6.0,S0_baseline
222804.0,241.0605009,0.0,2169.5445081,1325.83275495,241.0605009,0.0,361.59075135,265.16655099,1.0,0.0,6.0,5.0,S0_baseline
222809.0,174.7198133,0.0,1572.4783197000002,960.95897315,174.7198133,0.0,262.07971995,192.19179463,1.0,0.0,6.0,5.0,S0_baseline
222811.0,152.5922846,0.0,1373.3305614,839.2575653,152.5922846,0.0,228.8884269,167.85151306,1.0,0.0,6.0,5.0,S0_baseline
222818.0,127.3448949,0.0,1146.1040541,700.39692195,127.3448949,0.0,191.01734235,140.07938439,1.0,0.0,6.0,5.0,S0_baseline
222831.0,394.0991125,0.0,2955.74334375,2167.54511875,394.0991125,0.0,492.623890625,433.50902375,1.0,0.0,6.0,5.0,S0_baseline
222836.0,108.5476938,0.0,868.3815504,597.0123159,108.5476938,0.0,144.7302584,119.40246318,1.0,0.0,6.0,5.0,S0_baseline
222838.0,334.8402623,0.0,1841.62144265,1841.62144265,334.8402623,0.0,368.32428853,368.32428853,1.0,0.0,5.0,5.0,S0_baseline
222841.0,157.9105809,0.0,1263.2846472,947.4634854,157.9105809,0.0,210.5474412,189.49269708000003,1.0,0.0,6.0,5.0,S0_baseline
222843.0,390.5768444,0.0,2148.1726442,2148.1726442,390.5768444,0.0,429.63452884,429.63452884,1.0,0.0,5.0,5.0,S0_baseline
222845.0,0.0,0.0,1071.9984176,937.9986154,0.0,0.0,178.66640293333333,187.59972308,0.0,0.0,6.0,5.0,S0_baseline
222847.0,576.9793737,0.0,3173.38655535,3173.38655535,576.9793737,0.0,634.67731107,634.67731107,1.0,0.0,5.0,5.0,S0_baseline
222849.0,159.175435,0.0,1273.40348,955.05261,159.175435,0.0,212.23391333333333,191.010522,1.0,0.0,6.0,5.0,S0_baseline
222854.0,360.1498676,0.0,2701.124007,1980.8242718,360.1498676,0.0,450.1873345,396.16485436,1.0,0.0,6.0,5.0,S0_baseline
222858.0,0.0,0.0,955.1651262,875.56803235,0.0,0.0,191.03302524,175.11360646999998,0.0,0.0,5.0,5.0,S0_baseline
222861.0,303.6804003,0.0,2277.60300225,1670.24220165,303.6804003,0.0,379.600500375,334.04844033,1.0,0.0,6.0,5.0,S0_baseline
222872.0,376.1433449,0.0,2821.07508675,2068.78839695,376.1433449,0.0,470.179181125,413.75767939,1.0,0.0,6.0,5.0,S0_baseline
222887.0,106.2790695,0.0,531.3953475000001,584.53488225,106.2790695,0.0,106.27906950000002,116.90697645,1.0,0.0,5.0,5.0,S0_baseline
222891.0,180.6216586,0.0,903.108293,993.4191223,180.6216586,0.0,180.6216586,198.68382446,1.0,0.0,5.0,5.0,S0_baseline
222896.0,155.7821434,0.0,856.8017887,856.8017887,155.7821434,0.0,171.36035773999998,171.36035773999998,1.0,0.0,5.0,5.0,S0_baseline
222899.0,238.5440609,0.0,1311.99233495,1311.99233495,238.5440609,0.0,262.39846699,262.39846699,1.0,0.0,5.0,5.0,S0_baseline
222904.0,177.7899824,0.0,977.8449032,977.8449032,177.7899824,0.0,195.56898064,195.56898064,1.0,0.0,5.0,5.0,S0_baseline
222905.0,359.8190772,0.0,1979.0049246,1979.0049246,359.8190772,0.0,395.80098492,395.80098492,1.0,0.0,5.0,5.0,S0_baseline
222927.0,0.0,0.0,1811.29538975,1811.29538975,0.0,0.0,362.25907795,362.25907795,0.0,0.0,5.0,5.0,S0_baseline
222932.0,0.0,0.0,3443.7090155,2913.9076285,0.0,0.0,688.7418031,582.7815257,0.0,0.0,5.0,5.0,S0_baseline
222933.0,0.0,0.0,2921.27739735,2471.85010545,0.0,0.0,584.25547947,494.37002109,0.0,0.0,5.0,5.0,S0_baseline
222934.0,0.0,0.0,3288.4901965500003,2782.56862785,0.0,0.0,657.69803931,556.51372557,0.0,0.0,5.0,5.0,S0_baseline
222955.0,0.0,0.0,2030.8054945,2233.88604395,0.0,0.0,406.1610989,446.77720879,0.0,0.0,5.0,5.0,S0_baseline
223006.0,0.0,0.0,1296.003695,1425.6040645,0.0,0.0,259.200739,285.12081290000003,0.0,0.0,5.0,5.0,S0_baseline
223015.0,0.0,0.0,919.312319,735.4498552,0.0,0.0,183.8624638,183.8624638,0.0,0.0,5.0,4.0,S0_baseline
223035.0,0.0,0.0,2967.1386472,2967.1386472,0.0,0.0,593.42772944,593.42772944,0.0,0.0,5.0,5.0,S0_baseline
223038.0,0.0,0.0,826.3485045,661.0788036,0.0,0.0,165.2697009,165.2697009,0.0,0.0,5.0,4.0,S0_baseline
223039.0,0.0,0.0,1265.9612755,1012.7690204,0.0,0.0,253.1922551,253.1922551,0.0,0.0,5.0,4.0,S0_baseline
223092.0,0.0,401.17031835,1337.2343945,1337.2343945,0.0,401.17031835,267.4468789,267.4468789,0.0,1.0,5.0,5.0,S0_baseline
223100.0,0.0,0.0,208.00345235000003,249.60414282,0.0,0.0,41.60069047,41.60069047,0.0,0.0,5.0,6.0,S0_baseline
223112.0,0.0,0.0,861.7569815,1034.1083778,0.0,0.0,172.3513963,172.3513963,0.0,0.0,5.0,6.0,S0_baseline
223168.0,0.0,145.20217233,484.0072411,484.0072411,0.0,145.20217233,96.80144822,96.80144822,0.0,1.0,5.0,5.0,S0_baseline
223190.0,0.0,521.5096914,869.182819,869.182819,0.0,260.7548457,173.8365638,173.8365638,0.0,2.0,5.0,5.0,S0_baseline
223208.0,0.0,479.4199509,799.0332515,958.8399018,0.0,239.70997545,159.8066503,159.8066503,0.0,2.0,5.0,6.0,S0_baseline
223217.0,0.0,774.6949104,1291.158184,1291.158184,0.0,387.3474552,258.2316368,258.2316368,0.0,2.0,5.0,5.0,S0_baseline
223245.0,0.0,939.1381845,1565.2303075,1878.276369,0.0,469.56909225,313.0460615,313.0460615,0.0,2.0,5.0,6.0,S0_baseline
223253.0,0.0,590.8127583,984.6879305,1181.6255166,0.0,295.40637915,196.9375861,196.9375861,0.0,2.0,5.0,6.0,S0_baseline
223269.0,0.0,200.6876982,668.9589940000001,802.7507928,0.0,200.6876982,133.7917988,133.7917988,0.0,1.0,5.0,6.0,S0_baseline
223276.0,0.0,192.7064364,642.354788,770.8257455999999,0.0,192.7064364,128.4709576,128.4709576,0.0,1.0,5.0,6.0,S0_baseline
223289.0,0.0,0.0,4843.0522283,4622.91349065,0.0,0.0,691.8646040428572,660.41621295,0.0,0.0,7.0,7.0,S0_baseline
223291.0,237.7055629,0.0,2377.055629,2258.20284755,237.7055629,0.0,339.57937557142856,322.60040679285714,1.0,0.0,7.0,7.0,S0_baseline
223292.0,253.1729734,0.0,2531.729734,2151.9702739,253.1729734,0.0,361.6756762857143,358.66171231666664,1.0,0.0,7.0,6.0,S0_baseline
223293.0,235.6878038,0.0,2356.8780380000003,2239.0341361,235.6878038,0.0,336.6968625714286,319.8620194428572,1.0,0.0,7.0,7.0,S0_baseline
223297.0,1170.792978,0.0,4683.171912,3746.5375296,585.396489,0.0,669.0245588571428,624.4229216,2.0,0.0,7.0,6.0,S0_baseline
223298.0,808.5948405000001,0.0,3234.3793620000006,2587.5034896,404.2974202500001,0.0,462.05419457142864,431.2505816,2.0,0.0,7.0,6.0,S0_baseline
223299.0,783.6712295,0.0,3134.6849179999995,2507.7479344,391.83561475,0.0,447.8121311428571,417.9579890666666,2.0,0.0,7.0,6.0,S0_baseline
223311.0,210.20967735,0.0,1331.32795655,1121.1182792,210.20967735,0.0,190.1897080785714,186.85304653333333,1.0,0.0,7.0,6.0,S0_baseline
223319.0,1215.75933875,0.0,4376.7336195,3890.429884,607.879669375,0.0,625.2476599285714,648.4049806666667,2.0,0.0,7.0,6.0,S0_baseline
223320.0,672.16704725,0.0,2419.8013701,2150.9345512,336.083523625,0.0,345.6859100142857,358.4890918666667,2.0,0.0,7.0,6.0,S0_baseline
223321.0,262.34195565000005,0.0,1661.4990524500004,1399.1570968,262.34195565000005,0.0,237.3570074928572,233.19284946666667,1.0,0.0,7.0,6.0,S0_baseline
223322.0,308.181459,0.0,1951.815907,1643.634448,308.181459,0.0,278.8308438571429,273.93907466666667,1.0,0.0,7.0,6.0,S0_baseline
223328.0,650.14264,0.0,2340.513504,2080.456448,325.07132,0.0,334.359072,346.7427413333333,2.0,0.0,7.0,6.0,S0_baseline
223330.0,1245.70701225,0.0,4484.5452441,3986.2624392,622.853506125,0.0,640.6493205857142,664.3770731999999,2.0,0.0,7.0,6.0,S0_baseline
223347.0,223.521369,0.0,1676.4102675,2011.692321,223.521369,0.0,279.40171125,335.2820535,1.0,0.0,6.0,6.0,S0_baseline
223351.0,720.1001920000001,0.0,3024.4208064000004,2304.3206144,360.05009600000005,0.0,432.0601152,384.0534357333333,2.0,0.0,7.0,6.0,S0_baseline
223352.0,1206.5234997500002,0.0,4343.4845991,3860.8751992,603.2617498750001,0.0,620.4977998714286,643.4791998666667,2.0,0.0,7.0,6.0,S0_baseline
223355.0,365.1570169,0.0,2738.67762675,2921.2561352,365.1570169,0.0,456.446271125,486.8760225333333,1.0,0.0,6.0,6.0,S0_baseline
223356.0,284.0968429,0.0,2130.7263217500004,2272.7747432,284.0968429,0.0,355.12105362500006,378.7957905333333,1.0,0.0,6.0,6.0,S0_baseline
223358.0,1194.058159,0.0,4298.6093724,3820.9861088,597.0290795,0.0,614.0870532,636.8310181333333,2.0,0.0,7.0,6.0,S0_baseline
223359.0,1135.5044134999998,0.0,4769.1185367,3633.6141232,567.7522067499999,0.0,681.3026480999999,605.6023538666667,2.0,0.0,7.0,6.0,S0_baseline
223361.0,137.3679472,0.0,1030.259604,1098.9435776,137.3679472,0.0,171.709934,183.15726293333333,1.0,0.0,6.0,6.0,S0_baseline
223364.0,142.0051789,0.0,1065.03884175,1065.03884175,142.0051789,0.0,177.506473625,177.506473625,1.0,0.0,6.0,6.0,S0_baseline
223367.0,302.7400369,0.0,2270.55027675,2270.55027675,302.7400369,0.0,378.4250461250001,378.4250461250001,1.0,0.0,6.0,6.0,S0_baseline
223372.0,382.4348407,0.0,2868.26130525,3059.4787256,382.4348407,0.0,478.043550875,509.91312093333335,1.0,0.0,6.0,6.0,S0_baseline
223377.0,199.937123,0.0,1499.5284225,1599.496984,199.937123,0.0,249.92140375,266.58283066666667,1.0,0.0,6.0,6.0,S0_baseline
223384.0,0.0,0.0,1332.7796565,1599.3355878,0.0,0.0,222.12994275,266.5559313,0.0,0.0,6.0,6.0,S0_baseline
223388.0,399.7733421,0.0,2998.30006575,3398.07340785,399.7733421,0.0,499.71667762499993,566.345567975,1.0,0.0,6.0,6.0,S0_baseline
223392.0,337.5034692,0.0,2531.276019,2531.276019,337.5034692,0.0,421.8793365,421.8793365,1.0,0.0,6.0,6.0,S0_baseline
223395.0,0.0,0.0,917.54735325,978.7171768,0.0,0.0,152.924558875,163.11952946666665,0.0,0.0,6.0,6.0,S0_baseline
223406.0,81.88526666,0.0,491.31159996,900.73793326,81.88526666,0.0,98.262319992,128.67684760857142,1.0,0.0,5.0,7.0,S0_baseline
223409.0,0.0,0.0,1309.314069,1396.6016736,0.0,0.0,218.2190115,232.7669456,0.0,0.0,6.0,6.0,S0_baseline
223410.0,0.0,0.0,981.749271,1047.1992224,0.0,0.0,163.6248785,174.53320373333335,0.0,0.0,6.0,6.0,S0_baseline
223415.0,124.8028137,0.0,748.8168822,998.4225096,124.8028137,0.0,149.76337644,142.63178708571428,1.0,0.0,5.0,7.0,S0_baseline
223416.0,303.4071167,0.0,2275.55337525,2275.55337525,303.4071167,0.0,379.258895875,379.258895875,1.0,0.0,6.0,6.0,S0_baseline
223421.0,91.25377104,0.0,547.52262624,730.03016832,91.25377104,0.0,109.504525248,104.29002404571428,1.0,0.0,5.0,7.0,S0_baseline
223422.0,94.48641949,0.0,566.91851694,755.89135592,94.48641949,0.0,113.383703388,107.98447941714286,1.0,0.0,5.0,7.0,S0_baseline
223430.0,79.27320203,0.0,475.63921218,634.18561624,79.27320203,0.0,95.127842436,90.59794517714283,1.0,0.0,5.0,7.0,S0_baseline
223435.0,85.88732739,0.0,515.32396434,687.09861912,85.88732739,0.0,103.064792868,98.15694558857142,1.0,0.0,5.0,7.0,S0_baseline
223446.0,218.8635095,0.0,1313.181057,1750.908076,218.8635095,0.0,262.6362114,250.12972514285715,1.0,0.0,5.0,7.0,S0_baseline
223469.0,0.0,0.0,858.5722536000001,930.1199414,0.0,0.0,171.71445072,155.01999023333337,0.0,0.0,5.0,6.0,S0_baseline
223475.0,170.5857443,0.0,1023.5144658,1108.80733795,170.5857443,0.0,204.70289316,184.80122299166663,1.0,0.0,5.0,6.0,S0_baseline
223480.0,107.2986,0.0,643.7916,858.3888,107.2986,0.0,128.75832,122.62697142857142,1.0,0.0,5.0,7.0,S0_baseline
223484.0,0.0,0.0,2143.2150915,2143.2150915,0.0,0.0,357.20251525000003,357.20251525000003,0.0,0.0,6.0,6.0,S0_baseline
223491.0,192.391951,0.0,1442.9396325,1442.9396325,192.391951,0.0,240.48993875,240.48993875,1.0,0.0,6.0,6.0,S0_baseline
223504.0,188.5137142,0.0,1131.0822852,1225.3391423,188.5137142,0.0,226.21645704,204.22319038333333,1.0,0.0,5.0,6.0,S0_baseline
223508.0,215.530133,0.0,1616.4759975000002,1400.9458645,215.530133,0.0,269.41266625000003,233.49097741666665,1.0,0.0,6.0,6.0,S0_baseline
223523.0,489.4925164,0.0,3671.193873,2692.2088402,489.4925164,0.0,611.8656454999999,538.4417680399999,1.0,0.0,6.0,5.0,S0_baseline
223526.0,239.8422627,0.0,1798.81697025,1678.8958389,239.8422627,0.0,299.802828375,279.81597315,1.0,0.0,6.0,6.0,S0_baseline
223535.0,263.3242884,0.0,1974.932163,1448.2835862,263.3242884,0.0,329.1553605,289.65671724,1.0,0.0,6.0,5.0,S0_baseline
223538.0,198.1262362,0.0,1188.7574172,1287.8205352999998,198.1262362,0.0,237.75148344,214.6367558833333,1.0,0.0,5.0,6.0,S0_baseline
223540.0,145.3804098,0.0,1090.3530735,1017.6628686,145.3804098,0.0,181.72551225,169.6104781,1.0,0.0,6.0,6.0,S0_baseline
223541.0,227.9511416,0.0,1709.633562,1595.6579912,227.9511416,0.0,284.938927,265.9429985333333,1.0,0.0,6.0,6.0,S0_baseline
223542.0,227.9245587,0.0,1709.43419025,1595.4719109,227.9245587,0.0,284.905698375,265.91198515,1.0,0.0,6.0,6.0,S0_baseline
223543.0,179.8037654,0.0,1348.5282405,988.9207097,179.8037654,0.0,224.75470675,197.78414194,1.0,0.0,6.0,5.0,S0_baseline
223548.0,163.809205,0.0,1228.5690375,1146.664435,163.809205,0.0,204.76150625,191.11073916666663,1.0,0.0,6.0,6.0,S0_baseline
223549.0,251.9678891,0.0,1889.75916825,1385.82339005,251.9678891,0.0,314.959861375,277.16467801,1.0,0.0,6.0,5.0,S0_baseline
223550.0,195.1623309,0.0,1463.71748175,1268.55515085,195.1623309,0.0,243.952913625,211.425858475,1.0,0.0,6.0,6.0,S0_baseline
223551.0,179.8066626,0.0,1348.5499695,988.9366443,179.8066626,0.0,224.75832825,197.78732886000003,1.0,0.0,6.0,5.0,S0_baseline
223552.0,231.12878,0.0,1733.46585,1617.90146,231.12878,0.0,288.910975,269.6502433333333,1.0,0.0,6.0,6.0,S0_baseline
223559.0,300.5723316,0.0,2254.292487,1953.7201554,300.5723316,0.0,375.7154145,325.6200259,1.0,0.0,6.0,6.0,S0_baseline
223563.0,209.0630979,0.0,1567.97323425,1149.84703845,209.0630979,0.0,261.328872375,229.96940769000005,1.0,0.0,6.0,5.0,S0_baseline
223564.0,162.2480172,0.0,1216.860129,892.3640945999999,162.2480172,0.0,202.8100215,178.47281891999998,1.0,0.0,6.0,5.0,S0_baseline
223565.0,214.4442685,0.0,1608.33201375,1179.44347675,214.4442685,0.0,268.055335625,235.88869535,1.0,0.0,6.0,5.0,S0_baseline
223566.0,109.9435122,0.0,824.5763415,604.6893171,109.9435122,0.0,137.42939025,120.93786342,1.0,0.0,6.0,5.0,S0_baseline
223569.0,347.2933836,0.0,2604.700377,1910.1136098,347.2933836,0.0,434.1167295,382.02272196,1.0,0.0,6.0,5.0,S0_baseline
223664.0,240.33243265,0.0,961.3297306,769.06378448,120.166216325,0.0,137.33281865714284,128.17729741333332,2.0,0.0,7.0,6.0,S0_baseline
223669.0,906.30504725,0.0,3625.220189,2900.1761512,453.152523625,0.0,517.8885984285714,483.3626918666666,2.0,0.0,7.0,6.0,S0_baseline
223671.0,1178.2541215,0.0,4477.3656617,3770.4131888,589.12706075,0.0,639.6236659571429,628.4021981333334,2.0,0.0,7.0,6.0,S0_baseline
223675.0,785.53816875,0.0,2985.04504125,2513.72214,392.769084375,0.0,426.43500589285713,418.95369,2.0,0.0,7.0,6.0,S0_baseline
223679.0,617.2191497499999,0.0,2345.43276905,1975.1012792,308.609574875,0.0,335.06182415,329.1835465333333,2.0,0.0,7.0,6.0,S0_baseline
223688.0,332.64587670000003,0.0,2106.7572191,1774.1113424,332.64587670000003,0.0,300.9653170142857,295.6852237333333,1.0,0.0,7.0,6.0,S0_baseline
223689.0,349.6851531,0.0,2214.6726363,1864.9874832,349.6851531,0.0,316.38180518571426,310.8312472,1.0,0.0,7.0,6.0,S0_baseline
223692.0,354.24700695,0.0,2243.56437735,1889.3173704,354.24700695,0.0,320.5091967642857,314.8862284,1.0,0.0,7.0,6.0,S0_baseline
223693.0,886.858537,0.0,3370.0624406,2837.9473184,443.4292685,0.0,481.4374915142857,472.9912197333333,2.0,0.0,7.0,6.0,S0_baseline
223698.0,439.0816743,0.0,2780.8506039,2341.7689296,439.0816743,0.0,397.2643719857143,390.2948216,1.0,0.0,7.0,6.0,S0_baseline
223709.0,583.8601975,0.0,4378.95148125,4670.88158,583.8601975,0.0,729.8252468750001,778.4802633333334,1.0,0.0,6.0,6.0,S0_baseline
223715.0,286.6172939,0.0,2149.62970425,2292.9383512,286.6172939,0.0,358.271617375,382.1563918666666,1.0,0.0,6.0,6.0,S0_baseline
223716.0,0.0,0.0,2580.647895,2752.691088,0.0,0.0,430.1079825,458.781848,0.0,0.0,6.0,6.0,S0_baseline
223718.0,527.94840255,0.0,3167.6904153,2815.7248136,527.94840255,0.0,452.5272021857142,469.2874689333333,1.0,0.0,7.0,6.0,S0_baseline
223722.0,126.0677195,0.0,756.406317,1008.541756,126.0677195,0.0,151.2812634,168.09029266666667,1.0,0.0,5.0,6.0,S0_baseline
223724.0,222.1701728,0.0,1333.0210367999998,1999.5315552,222.1701728,0.0,266.60420736,285.6473650285714,1.0,0.0,5.0,7.0,S0_baseline
223729.0,136.3994058,0.0,818.3964348000001,1091.1952464,136.3994058,0.0,163.67928696,155.8850352,1.0,0.0,5.0,7.0,S0_baseline
223740.0,202.11900435,0.0,848.89981827,646.78081392,101.059502175,0.0,121.27140261,107.79680232,2.0,0.0,7.0,6.0,S0_baseline
223756.0,43.68728659,0.0,458.71650919500007,393.18557931,43.68728659,0.0,65.530929885,56.16936847285715,1.0,0.0,7.0,7.0,S0_baseline
223764.0,219.72680355000003,0.0,878.9072142000001,703.12577136,109.863401775,0.0,125.55817345714289,117.18762856,2.0,0.0,7.0,6.0,S0_baseline
223770.0,85.07007441,0.0,850.7007441,680.56059528,85.07007441,0.0,121.52867772857142,113.42676588,1.0,0.0,7.0,6.0,S0_baseline
223782.0,404.395597,0.0,4246.1537685,4043.95597,404.395597,0.0,606.5933955,577.7079957142857,1.0,0.0,7.0,7.0,S0_baseline
223791.0,205.7447429,0.0,2160.31980045,1851.7026861,205.7447429,0.0,308.61711435,264.52895515714283,1.0,0.0,7.0,7.0,S0_baseline
223792.0,246.7231178,0.0,2590.5927369,2220.5080602000003,246.7231178,0.0,370.0846767,317.2154371714286,1.0,0.0,7.0,7.0,S0_baseline
223793.0,212.9932052,0.0,2236.4286546,1916.9388468,212.9932052,0.0,319.4898078,273.8484066857143,1.0,0.0,7.0,7.0,S0_baseline
223794.0,199.2807855,0.0,2092.44824775,1793.5270695000002,199.2807855,0.0,298.92117825,256.2181527857143,1.0,0.0,7.0,7.0,S0_baseline
223795.0,244.2886896,0.0,2565.0312408,2198.5982064,244.2886896,0.0,366.4330344,314.08545805714283,1.0,0.0,7.0,7.0,S0_baseline
223803.0,159.3084111,0.0,1672.73831655,1433.7756999,159.3084111,0.0,238.96261665,204.8250999857143,1.0,0.0,7.0,7.0,S0_baseline
223804.0,274.0651299,0.0,2877.68386395,2466.5861691,274.0651299,0.0,411.09769485,352.36945272857145,1.0,0.0,7.0,7.0,S0_baseline
223806.0,268.2370546,0.0,2816.4890733,2414.1334914000004,268.2370546,0.0,402.3555819,344.87621305714293,1.0,0.0,7.0,7.0,S0_baseline
223817.0,271.2359041,0.0,1898.6513287,2441.1231369,271.2359041,0.0,379.7302657400001,348.73187670000004,1.0,0.0,5.0,7.0,S0_baseline
223835.0,386.2032851,0.0,3475.8295659000005,3668.93120845,386.2032851,0.0,695.1659131800001,611.4885347416667,1.0,0.0,5.0,6.0,S0_baseline
223842.0,113.7757672,0.0,1137.757672,910.2061376,113.7757672,0.0,162.53681028571427,151.70102293333335,1.0,0.0,7.0,6.0,S0_baseline
223844.0,320.0026545,0.0,2720.02256325,2880.0238905,320.0026545,0.0,453.337093875,411.4319843571429,1.0,0.0,6.0,7.0,S0_baseline
223916.0,0.0,0.0,1251.22006255,956.81534195,0.0,0.0,250.24401251,159.46922365833333,0.0,0.0,5.0,6.0,S0_baseline
223934.0,0.0,0.0,1654.8212516,1955.6978428,0.0,0.0,330.96425032,325.94964046666666,0.0,0.0,5.0,6.0,S0_baseline
223955.0,0.0,0.0,851.1559215500001,1238.0449768,0.0,0.0,170.23118431000003,206.3408294666667,0.0,0.0,5.0,6.0,S0_baseline
223966.0,0.0,0.0,642.0266017,583.660547,0.0,0.0,128.40532034,116.73210939999998,0.0,0.0,5.0,5.0,S0_baseline
223983.0,400.8893024,0.0,2204.8911632,2605.7804656000003,400.8893024,0.0,440.97823264,434.29674426666674,1.0,0.0,5.0,6.0,S0_baseline
223991.0,408.8802804,0.0,2248.8415422,2657.7218226,408.8802804,0.0,449.76830844,442.9536371,1.0,0.0,5.0,6.0,S0_baseline
224003.0,395.6117366,0.0,2373.6704196,3164.8938928,395.6117366,0.0,474.73408392,452.1276989714285,1.0,0.0,5.0,7.0,S0_baseline
224004.0,238.336087,0.0,1430.016522,1549.1845655,238.336087,0.0,286.0033044,258.1974275833333,1.0,0.0,5.0,6.0,S0_baseline
224035.0,109.3826784,0.0,601.6047312000001,710.9874096,109.3826784,0.0,120.32094624,118.4979016,1.0,0.0,5.0,6.0,S0_baseline
224036.0,203.9386679,0.0,1121.66267345,1325.60134135,203.9386679,0.0,224.33253469,220.93355689166663,1.0,0.0,5.0,6.0,S0_baseline
224045.0,200.763567,0.0,1204.581402,1304.9631855,200.763567,0.0,240.9162804,217.49386425,1.0,0.0,5.0,6.0,S0_baseline
224046.0,201.5953668,0.0,1209.5722008,1310.3698842,201.5953668,0.0,241.91444016,218.3949807,1.0,0.0,5.0,6.0,S0_baseline
224050.0,179.0696089,0.0,984.88284895,1163.95245785,179.0696089,0.0,196.97656979,193.9920763083333,1.0,0.0,5.0,6.0,S0_baseline
224051.0,198.0333639,0.0,1188.2001834,1584.2669112,198.0333639,0.0,237.64003668,226.32384445714288,1.0,0.0,5.0,7.0,S0_baseline
224067.0,0.0,0.0,2111.0509065,2814.734542,0.0,0.0,527.762726625,402.1049345714286,0.0,0.0,4.0,7.0,S0_baseline
224071.0,532.3512897,0.0,3194.1077382000003,3460.2833830500003,532.3512897,0.0,638.8215476400001,576.713897175,1.0,0.0,5.0,6.0,S0_baseline
224087.0,0.0,0.0,2273.246725,2727.89607,0.0,0.0,454.649345,454.649345,0.0,0.0,5.0,6.0,S0_baseline
224088.0,0.0,0.0,2282.8196855,3424.22952825,0.0,0.0,456.5639370999999,570.704921375,0.0,0.0,5.0,6.0,S0_baseline
224096.0,0.0,0.0,2647.297793,3970.946689500001,0.0,0.0,529.4595586,661.82444825,0.0,0.0,5.0,6.0,S0_baseline
224098.0,0.0,0.0,622.0993825,1119.7788885,0.0,0.0,155.524845625,159.96841264285715,0.0,0.0,4.0,7.0,S0_baseline
224119.0,0.0,0.0,761.2958047500001,1268.82634125,0.0,0.0,190.32395118750003,211.471056875,0.0,0.0,4.0,6.0,S0_baseline
224149.0,157.6214021,0.0,866.91771155,788.1070105000001,157.6214021,0.0,173.38354231,157.6214021,1.0,0.0,5.0,5.0,S0_baseline
224150.0,154.6333003,0.0,850.4831516500001,773.1665015,154.6333003,0.0,170.09663033,154.6333003,1.0,0.0,5.0,5.0,S0_baseline
224196.0,187.0557345,0.0,935.2786725,935.2786725,187.0557345,0.0,187.0557345,187.0557345,1.0,0.0,5.0,5.0,S0_baseline
224245.0,0.0,0.0,1375.8345385000002,1651.0014462,0.0,0.0,275.1669077,275.1669077,0.0,0.0,5.0,6.0,S0_baseline
224270.0,135.962603,0.0,747.7943165,679.813015,135.962603,0.0,149.5588633,135.962603,1.0,0.0,5.0,5.0,S0_baseline
224299.0,116.6243473,0.0,583.1217365,583.1217365,116.6243473,0.0,116.6243473,116.6243473,1.0,0.0,5.0,5.0,S0_baseline
224321.0,0.0,0.0,836.9117666,772.5339383999999,0.0,0.0,139.48529443333334,128.7556564,0.0,0.0,6.0,6.0,S0_baseline
224346.0,351.3992357,0.0,1756.9961785,1756.9961785,351.3992357,0.0,351.3992357,351.3992357,1.0,0.0,5.0,5.0,S0_baseline
224349.0,128.018646,0.0,640.09323,640.09323,128.018646,0.0,128.018646,128.018646,1.0,0.0,5.0,5.0,S0_baseline
224351.0,0.0,0.0,2875.4704816,2156.6028612,0.0,0.0,410.7814973714285,359.4338102,0.0,0.0,7.0,6.0,S0_baseline
224353.0,141.2204981,0.0,706.1024904999999,847.3229885999999,141.2204981,0.0,141.2204981,141.2204981,1.0,0.0,5.0,6.0,S0_baseline
224354.0,223.9022338,0.0,1119.511169,1343.4134028,223.9022338,0.0,223.90223380000003,223.9022338,1.0,0.0,5.0,6.0,S0_baseline
224358.0,0.0,0.0,1434.8170565,1721.7804678000002,0.0,0.0,286.9634113,286.9634113,0.0,0.0,5.0,6.0,S0_baseline
224368.0,0.0,0.0,983.874501,1180.6494011999998,0.0,0.0,196.7749002,196.7749002,0.0,0.0,5.0,6.0,S0_baseline
224379.0,163.4591909,0.0,817.2959545000001,817.2959545000001,163.4591909,0.0,163.4591909,163.4591909,1.0,0.0,5.0,5.0,S0_baseline
224383.0,99.62252478,0.0,498.1126239,498.1126239,99.62252478,0.0,99.62252478,99.62252478,1.0,0.0,5.0,5.0,S0_baseline
224386.0,144.5419816,0.0,722.709908,722.709908,144.5419816,0.0,144.5419816,144.5419816,1.0,0.0,5.0,5.0,S0_baseline
224389.0,143.9932483,0.0,719.9662415,719.9662415,143.9932483,0.0,143.9932483,143.9932483,1.0,0.0,5.0,5.0,S0_baseline
224390.0,119.8807079,0.0,599.4035395000001,599.4035395000001,119.8807079,0.0,119.88070790000002,119.88070790000002,1.0,0.0,5.0,5.0,S0_baseline
224394.0,344.4638602,0.0,1722.319301,2066.7831612,344.4638602,0.0,344.4638602,344.4638602,1.0,0.0,5.0,6.0,S0_baseline
224398.0,159.8818237,0.0,799.4091185000001,799.4091185000001,159.8818237,0.0,159.8818237,159.8818237,1.0,0.0,5.0,5.0,S0_baseline
224407.0,125.3516308,0.0,626.758154,626.758154,125.3516308,0.0,125.3516308,125.3516308,1.0,0.0,5.0,5.0,S0_baseline
224425.0,57.71393017,0.0,288.56965085,346.28358102,57.71393017,0.0,57.713930170000005,57.71393017,1.0,0.0,5.0,6.0,S0_baseline
224438.0,114.5649147,0.0,572.8245735,572.8245735,114.5649147,0.0,114.5649147,114.5649147,1.0,0.0,5.0,5.0,S0_baseline
224440.0,395.1475484,0.0,1975.737742,2370.8852904,395.1475484,0.0,395.1475484,395.1475484,1.0,0.0,5.0,6.0,S0_baseline
224465.0,0.0,0.0,1488.824415,1488.824415,0.0,0.0,297.764883,297.764883,0.0,0.0,5.0,5.0,S0_baseline
224479.0,0.0,0.0,1584.0805664999998,1584.0805664999998,0.0,0.0,316.8161133,316.8161133,0.0,0.0,5.0,5.0,S0_baseline
224480.0,0.0,0.0,1482.1674225000002,1482.1674225000002,0.0,0.0,296.4334845,296.4334845,0.0,0.0,5.0,5.0,S0_baseline
224506.0,0.0,0.0,717.9357204999999,717.9357204999999,0.0,0.0,143.5871441,143.5871441,0.0,0.0,5.0,5.0,S0_baseline
224510.0,0.0,0.0,5165.63294,3874.224705000001,0.0,0.0,737.9475628571429,645.7041175,0.0,0.0,7.0,6.0,S0_baseline
224539.0,0.0,0.0,503.257259,603.9087108,0.0,0.0,100.6514518,100.6514518,0.0,0.0,5.0,6.0,S0_baseline
224541.0,0.0,190.6555997,953.2779985,1143.9335982,0.0,190.6555997,190.6555997,190.6555997,0.0,1.0,5.0,6.0,S0_baseline
224545.0,0.0,85.45436303,427.27181515,512.72617818,0.0,85.45436303,85.45436303,85.45436303000001,0.0,1.0,5.0,6.0,S0_baseline
224557.0,0.0,30.668962,153.34481,184.013772,0.0,30.668962,30.668962,30.668962000000004,0.0,1.0,5.0,6.0,S0_baseline
224565.0,0.0,113.9516216,569.758108,683.7097296,0.0,113.9516216,113.9516216,113.9516216,0.0,1.0,5.0,6.0,S0_baseline
224574.0,137.2629296,0.0,686.314648,823.5775776,137.2629296,0.0,137.2629296,137.2629296,1.0,0.0,5.0,6.0,S0_baseline
224613.0,130.7919155,0.0,653.9595774999999,784.751493,130.7919155,0.0,130.7919155,130.7919155,1.0,0.0,5.0,6.0,S0_baseline
224708.0,0.0,223.889555505,511.74755544,383.81066658,0.0,74.629851835,73.10679363428571,63.96844443,0.0,3.0,7.0,6.0,S0_baseline
224710.0,0.0,112.1617689,448.6470756,336.4853067,0.0,56.08088445,64.09243937142857,56.080884450000006,0.0,2.0,7.0,6.0,S0_baseline
224718.0,0.0,180.3391351,1442.7130808,1082.0348106,0.0,180.3391351,206.1018686857143,180.3391351,0.0,1.0,7.0,6.0,S0_baseline
224740.0,0.0,279.2551624,1396.275812,1675.5309744,0.0,279.2551624,279.2551624,279.2551624,0.0,1.0,5.0,6.0,S0_baseline
224752.0,0.0,600.7659354,1952.48929005,1802.2978062,0.0,300.3829677,325.414881675,300.3829677,0.0,2.0,6.0,6.0,S0_baseline
224756.0,321.6843083,321.6843083,1608.4215415,1930.1058498,321.6843083,321.6843083,321.6843083,321.6843083,1.0,1.0,5.0,6.0,S0_baseline
224805.0,0.0,462.66659825,1202.93315545,1110.3998358,0.0,231.333299125,200.48885924166663,185.0666393,0.0,2.0,6.0,6.0,S0_baseline
224853.0,0.0,959.88536,2495.701936,2303.724864,0.0,479.94268,415.9503226666666,383.954144,0.0,2.0,6.0,6.0,S0_baseline
224870.0,0.0,300.27977085,1000.9325695,1201.1190834,0.0,300.27977085,200.1865139,200.1865139,0.0,1.0,5.0,6.0,S0_baseline
224891.0,0.0,362.67222475,942.94778435,1088.0166742499998,0.0,181.336112375,157.1579640583333,181.336112375,0.0,2.0,6.0,6.0,S0_baseline
224910.0,0.0,0.0,1289.5820826,1658.0341062,0.0,0.0,257.91641652,236.86201517142857,0.0,0.0,5.0,7.0,S0_baseline
224920.0,0.0,0.0,841.47427725,1009.7691327,0.0,0.0,168.29485545,168.29485545,0.0,0.0,5.0,6.0,S0_baseline
224929.0,0.0,0.0,536.4481793250001,643.73781519,0.0,0.0,107.289635865,107.289635865,0.0,0.0,5.0,6.0,S0_baseline
224930.0,0.0,0.0,2013.6444525,2416.373343,0.0,0.0,402.7288905,402.7288905,0.0,0.0,5.0,6.0,S0_baseline
224934.0,0.0,0.0,1419.28918575,1703.1470229,0.0,0.0,283.85783715,283.85783715,0.0,0.0,5.0,6.0,S0_baseline
224942.0,0.0,0.0,868.8484154,1303.2726231,0.0,0.0,217.21210385,186.1818033,0.0,0.0,4.0,7.0,S0_baseline
224944.0,0.0,0.0,2146.5640161,2759.8680207,0.0,0.0,536.6410040249999,394.2668601,0.0,0.0,4.0,7.0,S0_baseline
224976.0,0.0,0.0,1634.1880667,2451.28210005,0.0,0.0,408.547016675,350.18315715,0.0,0.0,4.0,7.0,S0_baseline
224987.0,0.0,0.0,1909.292322,2291.1507864,0.0,0.0,381.8584644,381.8584644,0.0,0.0,5.0,6.0,S0_baseline
224989.0,0.0,0.0,4391.008862149999,5165.892779,0.0,0.0,878.2017724299998,737.9846827142857,0.0,0.0,5.0,7.0,S0_baseline
224998.0,0.0,0.0,1448.60861925,1738.3303431,0.0,0.0,289.72172385,289.72172385,0.0,0.0,5.0,6.0,S0_baseline
225007.0,0.0,0.0,2252.8191833,2845.6663368,0.0,0.0,450.56383666,406.5237624,0.0,0.0,5.0,7.0,S0_baseline
225011.0,0.0,0.0,569.0570302499999,872.55411305,0.0,0.0,113.81140605,124.65058757857142,0.0,0.0,5.0,7.0,S0_baseline
225082.0,0.0,0.0,618.8785442999999,1237.7570886,0.0,0.0,206.2928481,206.2928481,0.0,0.0,3.0,6.0,S0_baseline
225083.0,0.0,0.0,476.3745513,846.8880912,0.0,0.0,158.7915171,141.1480152,0.0,0.0,3.0,6.0,S0_baseline
225100.0,0.0,0.0,376.757359335,753.51471867,0.0,0.0,125.585786445,107.64495981,0.0,0.0,3.0,7.0,S0_baseline
225102.0,0.0,0.0,356.436788895,594.061314825,0.0,0.0,118.812262965,99.0102191375,0.0,0.0,3.0,6.0,S0_baseline
225104.0,0.0,0.0,610.9319843999999,882.4573108,0.0,0.0,203.6439948,176.49146216,0.0,0.0,3.0,5.0,S0_baseline
225124.0,0.0,129.19494384,387.58483152,473.7147940800001,0.0,129.19494384,129.19494384,118.42869852,0.0,1.0,3.0,4.0,S0_baseline
225126.0,0.0,171.89376975,515.6813092499999,630.27715575,0.0,171.89376975,171.89376974999996,157.5692889375,0.0,1.0,3.0,4.0,S0_baseline
225136.0,0.0,273.563311,656.5519463999999,601.8392842,0.0,273.563311,164.13798659999998,150.45982105,0.0,1.0,4.0,4.0,S0_baseline
225138.0,0.0,257.09816825,874.1337720500001,925.5534057,0.0,257.09816825,174.82675441,185.11068114,0.0,1.0,5.0,5.0,S0_baseline
225144.0,0.0,203.16621825,1015.83109125,1083.553164,0.0,203.16621825,203.16621825,180.592194,0.0,1.0,5.0,6.0,S0_baseline
225150.0,0.0,421.5769665,1264.7308995,1517.6770794,0.0,421.5769665,252.9461799,252.9461799,0.0,1.0,5.0,6.0,S0_baseline
225166.0,0.0,0.0,221.730379325,221.730379325,0.0,0.0,44.346075865,44.346075865,0.0,0.0,5.0,5.0,S0_baseline
225169.0,0.0,393.4560942,1967.280471,1967.280471,0.0,393.4560942,393.4560942,327.8800785,0.0,1.0,5.0,6.0,S0_baseline
225171.0,0.0,0.0,936.275925,1123.53111,0.0,0.0,187.255185,187.255185,0.0,0.0,5.0,6.0,S0_baseline
225186.0,0.0,0.0,1690.6220684999998,2028.7464822,0.0,0.0,338.1244137,338.1244137,0.0,0.0,5.0,6.0,S0_baseline
225188.0,0.0,0.0,972.26771625,972.26771625,0.0,0.0,194.45354325,194.45354325,0.0,0.0,5.0,5.0,S0_baseline
225199.0,0.0,0.0,781.45776621,781.45776621,0.0,0.0,130.242961035,111.63682374428572,0.0,0.0,6.0,7.0,S0_baseline
225202.0,0.0,0.0,1541.8395514,1360.4466630000002,0.0,0.0,308.36791028000005,226.7411105,0.0,0.0,5.0,6.0,S0_baseline
225206.0,0.0,222.02601275,399.64682295,710.4832408,0.0,222.02601275,133.21560764999998,142.09664816,0.0,1.0,3.0,5.0,S0_baseline
225207.0,0.0,123.777948735,371.333846205,660.14905992,0.0,123.777948735,123.777948735,132.029811984,0.0,1.0,3.0,5.0,S0_baseline
225208.0,0.0,0.0,875.90797365,772.85997675,0.0,0.0,175.18159473,128.809996125,0.0,0.0,5.0,6.0,S0_baseline
225211.0,0.0,0.0,390.669366375,651.115610625,0.0,0.0,130.223122125,108.5192684375,0.0,0.0,3.0,6.0,S0_baseline
225217.0,0.0,0.0,357.69833025,357.69833025,0.0,0.0,71.53966605,71.53966605,0.0,0.0,5.0,5.0,S0_baseline
225219.0,0.0,0.0,868.0868131,1068.4145392,0.0,0.0,173.61736262,178.06908986666667,0.0,0.0,5.0,6.0,S0_baseline
225238.0,0.0,0.0,879.1553304000001,1025.6812188,0.0,0.0,175.83106608000003,205.13624376,0.0,0.0,5.0,5.0,S0_baseline
225244.0,0.0,0.0,880.60141413,978.4460157,0.0,0.0,176.120282826,139.77800224285713,0.0,0.0,5.0,7.0,S0_baseline
225246.0,0.0,0.0,774.8632674,1226.86684005,0.0,0.0,154.97265348000002,175.2666914357143,0.0,0.0,5.0,7.0,S0_baseline
225248.0,0.0,0.0,767.3001750000001,1214.89194375,0.0,0.0,153.460035,173.55599196428574,0.0,0.0,5.0,7.0,S0_baseline
225254.0,0.0,0.0,715.40300455,715.40300455,0.0,0.0,143.08060091,143.08060091,0.0,0.0,5.0,5.0,S0_baseline
225255.0,0.0,0.0,1279.6950047500002,1430.2473582500002,0.0,0.0,213.2825007916667,204.32105117857145,0.0,0.0,6.0,7.0,S0_baseline
225257.0,0.0,0.0,924.77664675,1171.38375255,0.0,0.0,154.129441125,167.34053607857143,0.0,0.0,6.0,7.0,S0_baseline
225279.0,0.0,0.0,1847.01689175,2093.28581065,0.0,0.0,307.836148625,299.0408300928571,0.0,0.0,6.0,7.0,S0_baseline
225321.0,0.0,0.0,1426.8844914,2378.140819,0.0,0.0,285.37689828,339.7344027142857,0.0,0.0,5.0,7.0,S0_baseline
225323.0,0.0,0.0,1193.4683475,1591.29113,0.0,0.0,198.91139125,227.3273042857143,0.0,0.0,6.0,7.0,S0_baseline
225338.0,0.0,0.0,1053.4026041,1532.2219696,0.0,0.0,210.68052082,218.8888528,0.0,0.0,5.0,7.0,S0_baseline
225347.0,0.0,0.0,1908.0541354,2589.5020409,0.0,0.0,318.00902256666666,369.9288629857143,0.0,0.0,6.0,7.0,S0_baseline
225349.0,0.0,0.0,1101.4411989,1416.1386843,0.0,0.0,183.57353315,202.30552632857143,0.0,0.0,6.0,7.0,S0_baseline
225375.0,0.0,0.0,1326.7322396999998,1421.49882825,0.0,0.0,221.12203995,203.0712611785714,0.0,0.0,6.0,7.0,S0_baseline
225460.0,0.0,0.0,1459.6679097,1251.1439226,0.0,0.0,243.27798495,208.5239871,0.0,0.0,6.0,6.0,S0_baseline
225467.0,0.0,0.0,744.4048528,638.0613023999999,0.0,0.0,124.06747546666666,106.34355039999998,0.0,0.0,6.0,6.0,S0_baseline
225505.0,0.0,0.0,631.81838574,561.61634288,0.0,0.0,78.9772982175,93.60272381333334,0.0,0.0,8.0,6.0,S0_baseline
225518.0,0.0,0.0,811.1463420499999,958.62749515,0.0,0.0,162.22926840999995,159.77124919166667,0.0,0.0,5.0,6.0,S0_baseline
225537.0,0.0,0.0,813.2351265,1626.470253,0.0,0.0,203.308781625,232.3528932857143,0.0,0.0,4.0,7.0,S0_baseline
225538.0,0.0,158.385350375,665.218471575,696.89554165,0.0,158.385350375,133.04369431499998,99.55650595,0.0,1.0,5.0,7.0,S0_baseline
225544.0,0.0,219.13998795,803.51328915,1168.7466024,0.0,219.13998795,200.8783222875,194.7911004,0.0,1.0,4.0,6.0,S0_baseline
225563.0,0.0,98.13310347,392.53241388,457.95448286,0.0,98.13310347,78.50648277600001,91.590896572,0.0,1.0,5.0,5.0,S0_baseline
225570.0,0.0,87.42249678,349.68998712,262.26749034,0.0,87.42249678,87.42249678,65.566872585,0.0,1.0,4.0,4.0,S0_baseline
225593.0,0.0,181.46328285,846.8286533,967.8041752,0.0,181.46328285,169.36573066,161.30069586666667,0.0,1.0,5.0,6.0,S0_baseline
225596.0,0.0,201.85583610000003,1143.8497379000005,1076.5644592,0.0,201.85583610000003,228.7699475800001,179.4274098666667,0.0,1.0,5.0,6.0,S0_baseline
225603.0,0.0,486.364527,1361.8206756,1361.8206756,0.0,486.364527,340.4551689,272.36413512,0.0,1.0,4.0,5.0,S0_baseline
225604.0,0.0,259.69379205,1385.0335576,1211.9043629,0.0,259.69379205,346.2583894,242.38087258,0.0,1.0,4.0,5.0,S0_baseline
225625.0,0.0,95.83701315000002,306.67844208,306.67844208,0.0,95.83701315000002,76.66961052,61.335688416,0.0,1.0,4.0,5.0,S0_baseline
225634.0,0.0,128.58307599,557.19332929,514.33230396,0.0,128.58307599,139.2983323225,171.44410132,0.0,1.0,4.0,3.0,S0_baseline
225637.0,0.0,124.773543875,324.411214075,299.4565053,0.0,124.773543875,81.10280351875,99.8188351,0.0,1.0,4.0,3.0,S0_baseline
225641.0,0.0,182.2749837,789.8582627000001,486.0666232,0.0,182.2749837,197.464565675,162.02220773333332,0.0,1.0,4.0,3.0,S0_baseline
225644.0,0.0,258.83954805,1121.63804155,862.7984935000001,0.0,258.83954805,280.4095103875,287.5994978333334,0.0,1.0,4.0,3.0,S0_baseline
225653.0,0.0,97.50854025,253.52220465,175.51537245,0.0,97.50854025,50.70444093,58.50512415,0.0,1.0,5.0,3.0,S0_baseline
225655.0,0.0,64.713658,168.2555108,116.4845844,0.0,64.713658,33.65110216,38.8281948,0.0,1.0,5.0,3.0,S0_baseline
225667.0,0.0,48.763514220000005,195.05405688,178.79955214,0.0,48.763514220000005,39.01081137600001,44.699888035,0.0,1.0,5.0,4.0,S0_baseline
225704.0,0.0,60.279617175000006,156.72700465500003,108.503310915,0.0,60.279617175000006,31.345400931000007,36.167770305000005,0.0,1.0,5.0,3.0,S0_baseline
225712.0,0.0,46.130875785,199.900461735,138.392627355,0.0,46.130875785,39.980092347,46.130875785,0.0,1.0,5.0,3.0,S0_baseline
225713.0,0.0,117.98645751,255.637324605,137.65086709500002,0.0,58.993228755,51.127464921,45.88362236500001,0.0,2.0,5.0,3.0,S0_baseline
225737.0,0.0,173.0608683,865.3043415000001,519.1826049,0.0,173.0608683,173.0608683,129.795651225,0.0,1.0,5.0,4.0,S0_baseline
225787.0,0.0,515.1604152,1459.6211764,1030.3208304,0.0,257.5802076,208.5173109142857,171.7201384,0.0,2.0,7.0,6.0,S0_baseline
225796.0,0.0,330.86387595,2095.47121435,1323.4555038,0.0,330.86387595,261.93390179375,220.5759173,0.0,1.0,8.0,6.0,S0_baseline
225812.0,0.0,427.6316675000001,1282.8950025,1111.8423355,0.0,213.81583375,183.2707146428572,185.30705591666663,0.0,2.0,7.0,6.0,S0_baseline
225813.0,0.0,223.7240037,671.1720111,581.68240962,0.0,111.86200185,95.88171587142855,96.94706827,0.0,2.0,7.0,6.0,S0_baseline
225825.0,0.0,879.94330025,1885.59278625,1634.18041475,0.0,439.971650125,269.3703980357143,272.3634024583333,0.0,2.0,7.0,6.0,S0_baseline
225829.0,0.0,302.25082469999995,755.6270617499999,654.8767868499999,0.0,151.12541234999998,107.94672310714284,109.14613114166666,0.0,2.0,7.0,6.0,S0_baseline
225832.0,0.0,502.3923819,1255.98095475,1088.51682745,0.0,251.19619095,179.4258506785714,181.41947124166663,0.0,2.0,7.0,6.0,S0_baseline
225861.0,0.0,54.79948179,136.998704475,118.732210545,0.0,27.399740895,19.57124349642857,19.7887017575,0.0,2.0,7.0,6.0,S0_baseline
225866.0,0.0,497.5772811,1243.94320275,1078.0841090499998,0.0,248.78864055,177.70617182142857,179.68068484166665,0.0,2.0,7.0,6.0,S0_baseline
225893.0,0.0,173.40587736,433.5146934,375.71273428,0.0,86.70293868,61.93067048571429,62.61878904666667,0.0,2.0,7.0,6.0,S0_baseline
225896.0,0.0,283.42804392,708.5701098,614.09409516,0.0,141.71402196,101.2243014,102.34901586,0.0,2.0,7.0,6.0,S0_baseline
225897.0,0.0,567.4634496,1418.658624,1229.5041408,0.0,283.7317248,202.6655177142857,204.9173568,0.0,2.0,7.0,6.0,S0_baseline
225899.0,0.0,259.97545701,649.938642525,563.2801568550001,0.0,129.987728505,92.84837750357144,93.8800261425,0.0,2.0,7.0,6.0,S0_baseline
225946.0,0.0,356.7269322,891.8173305,772.9083531,0.0,178.36346609999998,127.40247578571427,128.81805885,0.0,2.0,7.0,6.0,S0_baseline
225955.0,0.0,379.3976355,948.49408875,822.02821025,0.0,189.69881775,135.49915553571427,137.00470170833333,0.0,2.0,7.0,6.0,S0_baseline
225967.0,0.0,786.6566025,1337.31622425,1022.65358325,0.0,393.32830125,167.16452803125,170.442263875,0.0,2.0,8.0,6.0,S0_baseline
225985.0,0.0,601.7016388,1128.19057275,977.76516305,0.0,300.8508194,161.17008182142857,162.96086050833333,0.0,2.0,7.0,6.0,S0_baseline
225988.0,0.0,237.4188585,593.54714625,514.40752675,0.0,118.70942925,84.79244946428571,85.73458779166667,0.0,2.0,7.0,6.0,S0_baseline
226008.0,0.0,241.91732073,604.793301825,524.154194915,0.0,120.958660365,86.39904311785713,87.35903248583332,0.0,2.0,7.0,6.0,S0_baseline
226010.0,0.0,242.58365814,606.45914535,525.59792597,0.0,121.29182907,86.63702076428571,87.59965432833333,0.0,2.0,7.0,6.0,S0_baseline
226013.0,0.0,323.9418225,809.8545562500001,701.87394875,0.0,161.97091125,115.6935080357143,116.97899145833333,0.0,2.0,7.0,6.0,S0_baseline
226029.0,0.0,399.6218076,999.054519,865.8472498000001,0.0,199.8109038,142.72207414285714,144.30787496666667,0.0,2.0,7.0,6.0,S0_baseline
226033.0,0.0,341.02291795,647.943544105,545.63666872,0.0,170.51145897499998,71.99372712277778,90.93944478666668,0.0,2.0,9.0,6.0,S0_baseline
226036.0,0.0,127.97368077,319.934201925,277.276308335,0.0,63.986840385,45.70488598928572,46.212718055833335,0.0,2.0,7.0,6.0,S0_baseline
226039.0,0.0,488.5273604,915.98880075,977.0547208,0.0,244.2636802,130.85554296428572,162.84245346666668,0.0,2.0,7.0,6.0,S0_baseline
226052.0,0.0,319.8054222,799.5135554999999,852.8144592,0.0,159.9027111,114.21622221428572,142.1357432,0.0,2.0,7.0,6.0,S0_baseline
226054.0,0.0,250.17271155,625.431778875,583.73632695,0.0,125.086355775,89.34739698214285,97.289387825,0.0,2.0,7.0,6.0,S0_baseline
226056.0,0.0,437.99530290000007,1094.98825725,1167.9874744,0.0,218.99765145000003,156.42689389285715,194.66457906666668,0.0,2.0,7.0,6.0,S0_baseline
226097.0,0.0,1003.3163416,1881.2181405,2006.6326832,0.0,501.6581708,268.7454486428572,334.43878053333333,0.0,2.0,7.0,6.0,S0_baseline
226105.0,0.0,488.0067981,1220.01699525,1057.34806255,0.0,244.00339905,174.28814217857143,176.22467709166665,0.0,2.0,7.0,6.0,S0_baseline
226128.0,0.0,445.5249942,1113.8124855,965.3041541,0.0,222.7624971,159.11606935714286,160.88402568333333,0.0,2.0,7.0,6.0,S0_baseline
226186.0,0.0,561.0193472,1051.9112759999998,1122.0386944,0.0,280.5096736,150.2730394285714,187.00644906666665,0.0,2.0,7.0,6.0,S0_baseline
226187.0,0.0,549.9465576,1374.866394,1283.2086344,0.0,274.9732788,196.40948485714287,213.86810573333327,0.0,2.0,7.0,6.0,S0_baseline
226203.0,0.0,528.341628,1320.85407,1144.740194,0.0,264.170814,188.69343857142857,190.79003233333333,0.0,2.0,7.0,6.0,S0_baseline
226221.0,0.0,512.813914,1538.441742,1641.0045248,0.0,256.406957,219.7773917142857,273.5007541333333,0.0,2.0,7.0,6.0,S0_baseline
226228.0,0.0,1041.8053668,1953.38506275,1692.93372105,0.0,520.9026834,279.0550089642857,282.155620175,0.0,2.0,7.0,6.0,S0_baseline
226235.0,0.0,153.948928625,554.21614305,492.6365716,0.0,76.9744643125,79.17373472142857,82.10609526666667,0.0,2.0,7.0,6.0,S0_baseline
226242.0,0.0,230.96635472500003,739.09233512,739.09233512,0.0,115.48317736250002,105.58461930285716,123.18205585333334,0.0,2.0,7.0,6.0,S0_baseline
226282.0,0.0,166.2302208,1496.0719872000002,1329.8417664,0.0,166.2302208,187.0089984,221.6402944,0.0,1.0,8.0,6.0,S0_baseline
226302.0,0.0,0.0,4052.3128088,3799.04325825,0.0,0.0,578.9018298285714,633.173876375,0.0,0.0,7.0,6.0,S0_baseline
226308.0,0.0,384.077867,3456.700803,3072.622936,0.0,384.077867,432.087600375,512.1038226666667,0.0,1.0,8.0,6.0,S0_baseline
226309.0,0.0,1432.02059975,4582.4659192,4296.06179925,0.0,1432.02059975,654.6379884571428,716.010299875,0.0,1.0,7.0,6.0,S0_baseline
226312.0,0.0,0.0,3828.3584712,4306.9032801,0.0,0.0,546.9083530285715,717.8172133500001,0.0,0.0,7.0,6.0,S0_baseline
226355.0,0.0,0.0,3839.7493952,2879.8120464,0.0,0.0,548.5356278857142,479.9686744,0.0,0.0,7.0,6.0,S0_baseline
226370.0,0.0,0.0,3236.9723694000004,3236.9723694000004,0.0,0.0,404.6215461750001,539.4953949000001,0.0,0.0,8.0,6.0,S0_baseline
226371.0,0.0,0.0,4769.173828,4471.10046375,0.0,0.0,681.3105468571429,745.183410625,0.0,0.0,7.0,6.0,S0_baseline
226376.0,0.0,0.0,2992.717548,2493.93129,0.0,0.0,374.0896935,415.655215,0.0,0.0,8.0,6.0,S0_baseline
226386.0,0.0,0.0,2476.6067183,2857.6231365,0.0,0.0,412.7677863833333,476.27052275,0.0,0.0,6.0,6.0,S0_baseline
226391.0,0.0,0.0,2229.7037247,1858.08643725,0.0,0.0,278.7129655875,309.681072875,0.0,0.0,8.0,6.0,S0_baseline
226400.0,0.0,0.0,4097.0093058,3414.1744215,0.0,0.0,512.126163225,569.02907025,0.0,0.0,8.0,6.0,S0_baseline
226467.0,0.0,609.0113603,4872.0908824,3654.0681618,0.0,609.0113603,696.0129832,609.0113603,0.0,1.0,7.0,6.0,S0_baseline
226468.0,0.0,402.1705915,3217.364732,2413.023549,0.0,402.1705915,459.6235331428571,402.1705915,0.0,1.0,7.0,6.0,S0_baseline
226480.0,0.0,160.441204,1283.529632,962.647224,0.0,160.441204,183.361376,160.441204,0.0,1.0,7.0,6.0,S0_baseline
226539.0,0.0,204.70856192,409.41712384,332.65141312000003,0.0,68.23618730666666,58.48816054857143,55.441902186666674,0.0,3.0,7.0,6.0,S0_baseline
226546.0,0.0,256.8665468,513.7330936,417.40813855,0.0,85.62218226666666,73.39044194285714,69.56802309166666,0.0,3.0,7.0,6.0,S0_baseline
226560.0,0.0,410.2000124,820.4000248,666.57502015,0.0,136.73333746666663,117.20000354285716,111.09583669166666,0.0,3.0,7.0,6.0,S0_baseline
226561.0,0.0,611.250484,1222.500968,993.2820365,0.0,203.75016133333327,174.64299542857142,165.54700608333334,0.0,3.0,7.0,6.0,S0_baseline
226562.0,0.0,557.8971388,1115.7942776,906.58285055,0.0,185.9657129333333,159.3991825142857,151.09714175833332,0.0,3.0,7.0,6.0,S0_baseline
226577.0,0.0,1150.5270024,1534.0360032,1246.4042526,0.0,383.5090008,219.14800045714287,207.7340421,0.0,3.0,7.0,6.0,S0_baseline
226604.0,0.0,582.9424732499999,1865.4159144,1515.65043045,0.0,291.471236625,266.4879877714285,252.608405075,0.0,2.0,7.0,6.0,S0_baseline
226608.0,0.0,257.784928,824.9117696,670.2408128,0.0,128.892464,117.8445385142857,111.70680213333333,0.0,2.0,7.0,6.0,S0_baseline
226609.0,0.0,376.46670125,1204.693444,978.81342325,0.0,188.233350625,172.09906342857144,163.13557054166668,0.0,2.0,7.0,6.0,S0_baseline
226659.0,0.0,1237.1993438999998,1522.7068848,1142.0301636,0.0,309.29983597499995,217.52955497142847,190.3383606,0.0,4.0,7.0,6.0,S0_baseline
226666.0,0.0,1316.2124865,2105.9399784,1579.4549838000005,0.0,329.053121625,300.8485683428572,263.2424973,0.0,4.0,7.0,6.0,S0_baseline
226678.0,0.0,1067.4939095,1707.9902552,1280.9926914,0.0,266.873477375,243.9986078857143,213.4987819,0.0,4.0,7.0,6.0,S0_baseline
226679.0,0.0,990.6254985,1585.0007976,1386.8756979,0.0,247.656374625,226.42868537142857,198.1250997,0.0,4.0,7.0,7.0,S0_baseline
226681.0,0.0,1495.3384602,1840.4165664,1380.3124248,0.0,373.83461505,262.9166523428572,230.0520708,0.0,4.0,7.0,6.0,S0_baseline
226715.0,0.0,409.8611908,819.7223816,717.2570839,0.0,136.62039693333332,117.10319737142856,102.4652977,0.0,3.0,7.0,7.0,S0_baseline
226717.0,0.0,751.5899852,1503.1799704,1315.2824741,0.0,250.52999506666663,214.73999577142857,187.8974963,0.0,3.0,7.0,7.0,S0_baseline
226718.0,0.0,473.2017988,946.4035976,828.1031479000001,0.0,157.73393293333334,135.20051394285716,118.30044970000002,0.0,3.0,7.0,7.0,S0_baseline
226720.0,0.0,594.7653261,793.0204348,693.89288045,0.0,148.691331525,113.28863354285714,99.12755435,0.0,4.0,7.0,7.0,S0_baseline
226724.0,0.0,835.939946,1337.5039136,1170.3159244,0.0,208.9849865,191.07198765714287,167.1879892,0.0,4.0,7.0,7.0,S0_baseline
226928.0,0.0,568.90742475,731.4524032500001,812.7248925000001,0.0,284.453712375,182.8631008125,162.5449785,0.0,2.0,4.0,5.0,S0_baseline
226929.0,0.0,401.4331405,974.9090555,860.2138725,0.0,200.71657025,121.8636319375,143.36897875,0.0,2.0,8.0,6.0,S0_baseline
226930.0,0.0,191.13270687,382.26541374,354.96074133,0.0,95.566353435,54.60934482,70.992148266,0.0,2.0,7.0,5.0,S0_baseline
227108.0,0.0,85.47855786,113.97141048,113.97141048,0.0,21.369639465,22.794282096,22.794282096,0.0,4.0,5.0,5.0,S0_baseline
227154.0,0.0,245.55668635,491.1133727,368.335029525,0.0,61.3891715875,61.3891715875,61.3891715875,0.0,4.0,8.0,6.0,S0_baseline
227177.0,0.0,228.21693846,418.39772051,342.32540769,0.0,57.054234615,46.48863561222223,42.79067596125,0.0,4.0,9.0,8.0,S0_baseline
227181.0,0.0,381.03677736,476.2959717,476.2959717,0.0,95.25919434,79.38266195,79.38266195,0.0,4.0,6.0,6.0,S0_baseline
227182.0,0.0,256.1943651,320.24295637500006,320.24295637500006,0.0,64.048591275,53.37382606250001,53.37382606250001,0.0,4.0,6.0,6.0,S0_baseline
227194.0,0.0,216.17001468,360.2833578,360.2833578,0.0,54.04250367,60.0472263,60.0472263,0.0,4.0,6.0,6.0,S0_baseline
227213.0,0.0,2293.89057765,3823.15096275,4332.90442445,0.0,573.4726444125,637.191827125,618.98634635,0.0,4.0,6.0,7.0,S0_baseline
227216.0,0.0,54.16830372,126.39270868,99.30855682,0.0,27.08415186,21.065451446666668,19.861711364,0.0,2.0,6.0,5.0,S0_baseline
227229.0,0.0,173.490698045,421.334552395,371.765781525,0.0,57.830232681666665,60.19065034214286,61.9609635875,0.0,3.0,7.0,6.0,S0_baseline
227251.0,73.48084241999999,171.45529897999998,367.4042121,489.8722828,73.48084241999999,57.15176632666666,52.48631601428571,61.23403534999999,1.0,3.0,7.0,8.0,S0_baseline
227253.0,78.29206743,182.68149067,391.46033715,521.9471162,78.29206743,60.89383022333334,55.922905307142855,65.243389525,1.0,3.0,7.0,8.0,S0_baseline
227260.0,120.89416149,282.08637681,725.36496894,886.55718426,120.89416149,94.02879227,90.6706211175,98.50635380666668,1.0,3.0,8.0,9.0,S0_baseline
227262.0,56.82574878,132.59341382,340.95449268,378.8383252,56.82574878,44.197804606666665,42.619311585,47.35479065,1.0,3.0,8.0,8.0,S0_baseline
227299.0,46.55505273,108.62845637,248.29361456,341.40372002000004,46.55505273,36.20948545666667,35.47051636571429,37.933746668888894,1.0,3.0,7.0,9.0,S0_baseline
227304.0,141.912193635,331.128451815,756.86503272,898.777226355,141.912193635,110.376150605,108.12357610285714,112.347153294375,1.0,3.0,7.0,8.0,S0_baseline
227364.0,0.0,309.723697635,563.1339957,534.977295915,0.0,77.43092440875,70.3917494625,76.42532798785714,0.0,4.0,8.0,7.0,S0_baseline
227396.0,0.0,254.25903384,635.6475846,286.04141307,0.0,84.75301128,79.455948075,71.5103532675,0.0,3.0,8.0,4.0,S0_baseline
227405.0,0.0,697.0703622,2207.3894803,1626.4975118,0.0,348.5351811,275.9236850375,271.0829186333333,0.0,2.0,8.0,6.0,S0_baseline
227439.0,0.0,262.09817127,873.6605708999999,480.513313995,0.0,131.04908563499998,109.2075713625,96.102662799,0.0,2.0,8.0,5.0,S0_baseline
227443.0,0.0,381.8674653,1272.891551,700.09035305,0.0,190.93373265,159.111443875,140.01807061,0.0,2.0,8.0,5.0,S0_baseline
227448.0,95.09163296,332.82071536,523.0039812800001,808.27888016,95.09163296,110.94023845333334,104.600796256,115.46841145142857,1.0,3.0,5.0,7.0,S0_baseline
227494.0,0.0,489.5278893,815.8798155,652.7038524,0.0,122.381972325,135.97996924999998,130.54077048,0.0,4.0,6.0,5.0,S0_baseline
227503.0,300.6400794,501.066799,2204.6939156,2705.7607146,300.6400794,250.5333995,244.9659906222222,245.97824678181817,1.0,2.0,9.0,11.0,S0_baseline
227504.0,375.13893105,625.23155175,2751.0188277,3376.25037945,375.13893105,312.615775875,305.6687586333333,306.9318526772728,1.0,2.0,9.0,11.0,S0_baseline
227516.0,391.2974901,652.1624835,3130.3799208,3521.6774109,391.2974901,326.08124175,313.03799208,320.1524919,1.0,2.0,10.0,11.0,S0_baseline
227517.0,260.17804665,433.63007775,1907.9723421,2341.60241985,260.17804665,216.815038875,211.9969269,212.8729472590909,1.0,2.0,9.0,11.0,S0_baseline
227523.0,271.716776,679.29194,2988.884536,3260.601312,271.716776,339.64597,332.09828177777774,326.0601312,1.0,2.0,9.0,10.0,S0_baseline
227529.0,156.4196468,391.049117,1720.6161148,1485.9866446,156.4196468,195.5245585,191.17956831111115,185.748330575,1.0,2.0,9.0,8.0,S0_baseline
227530.0,150.1111888,375.277972,1651.2230768,1426.0562936,150.1111888,187.638986,183.4692307555556,178.2570367,1.0,2.0,9.0,8.0,S0_baseline
227534.0,248.4475022,621.1187555,2732.9225242,2360.2512709,248.4475022,310.55937775,303.6580582444444,295.03140886250003,1.0,2.0,9.0,8.0,S0_baseline
227535.0,352.817619,882.0440475,3880.993809,3351.7673805,352.817619,441.02202375,431.22153433333335,418.9709225625,1.0,2.0,9.0,8.0,S0_baseline
227538.0,397.679457,994.1986425,4374.474027,3777.9548415,397.679457,497.09932125,486.0526696666667,472.2443551875,1.0,2.0,9.0,8.0,S0_baseline
227541.0,94.21843112,58.88651945000001,259.10068558,294.43259725,47.10921556,29.443259725000004,28.788965064444444,29.443259725,2.0,2.0,9.0,10.0,S0_baseline
227545.0,258.35637236,258.35637236,775.0691170800001,807.3636636250001,129.17818618,129.17818618,77.506911708,80.73636636250001,2.0,2.0,10.0,10.0,S0_baseline
227546.0,325.23865564,325.23865564,975.71596692,1016.370798875,162.61932782,162.61932782,97.571596692,101.6370798875,2.0,2.0,10.0,10.0,S0_baseline
227556.0,68.90591442499999,68.90591442499999,303.18602347,344.529572125,34.4529572125,34.4529572125,33.687335941111115,34.4529572125,2.0,2.0,9.0,10.0,S0_baseline
227559.0,134.8921594,134.8921594,593.5255013599999,674.460797,67.4460797,67.4460797,65.94727792888888,67.4460797,2.0,2.0,9.0,10.0,S0_baseline
227562.0,235.938342375,330.313679325,1038.12870645,1274.067048825,117.9691711875,110.104559775,115.34763405,115.8242771659091,2.0,3.0,9.0,11.0,S0_baseline
227568.0,213.942687025,299.519761835,855.7707481,941.34782291,106.9713435125,99.83992061166668,106.9713435125,104.59420254555556,2.0,3.0,8.0,9.0,S0_baseline
227570.0,290.33224275,406.46513985,1277.4618681,1277.4618681,145.166121375,135.48837995,159.6827335125,141.94020756666666,2.0,3.0,8.0,9.0,S0_baseline
227572.0,55.65981931499999,129.872911735,296.85236968,408.17200831,55.65981931499999,43.29097057833334,42.40748138285714,45.352445367777776,1.0,3.0,7.0,9.0,S0_baseline
227573.0,211.09641655,211.09641655,928.82423282,1139.92064937,105.548208275,105.548208275,103.20269253555556,103.62914994272728,2.0,2.0,9.0,11.0,S0_baseline
227579.0,94.201415475,157.002359125,690.81038015,847.812739275,94.201415475,78.5011795625,76.75670890555556,77.07388538863637,1.0,2.0,9.0,11.0,S0_baseline
227580.0,198.03370515,330.05617525,1452.2471711,1782.30334635,198.03370515,165.028087625,161.3607967888889,162.02757694090909,1.0,2.0,9.0,11.0,S0_baseline
227586.0,287.95909125000003,287.95909125000003,1267.0200015,1554.97909275,143.979545625,143.979545625,140.78000016666667,141.36173570454545,2.0,2.0,9.0,11.0,S0_baseline
227593.0,0.0,59.2149744,103.6262052,103.6262052,0.0,19.7383248,17.2710342,20.72524104,0.0,3.0,6.0,5.0,S0_baseline
227632.0,1129.313869,1129.313869,5420.7065712,5420.7065712,564.6569345,564.6569345,542.0706571200001,542.0706571200001,2.0,2.0,10.0,10.0,S0_baseline
227634.0,788.4722135,788.4722135,3469.2777394,3784.6666248,394.23610675,394.23610675,385.4753043777778,378.46666248,2.0,2.0,9.0,10.0,S0_baseline
227636.0,443.8437868,1109.6094669999998,4882.281654799999,5326.125441599999,443.8437868,554.8047334999999,542.4757394222221,532.61254416,1.0,2.0,9.0,10.0,S0_baseline
227639.0,579.5000691,1448.75017275,6374.5007601,6954.0008292,579.5000691,724.375086375,708.2778622333333,695.40008292,1.0,2.0,9.0,10.0,S0_baseline
227653.0,266.3613589,665.9033972500001,2929.9749479,3196.3363068000003,266.3613589,332.95169862500006,325.55277198888894,319.63363068,1.0,2.0,9.0,10.0,S0_baseline
227654.0,308.2004979,1232.8019916,3390.2054769,3698.4059748,308.2004979,616.4009958,376.6894974333334,369.84059748,1.0,2.0,9.0,10.0,S0_baseline
227665.0,276.22681515,460.37802525,2025.6633111,2486.04133635,276.22681515,230.189012625,225.0737012333333,226.00375785,1.0,2.0,9.0,11.0,S0_baseline
227671.0,643.4757525,643.4757525,2831.2933110000004,3474.7690635000004,321.73787625,321.73787625,314.5881456666667,315.88809668181824,2.0,2.0,9.0,11.0,S0_baseline
227674.0,831.25677625,831.25677625,3657.5298155,4488.78659175,415.628388125,415.628388125,406.39220172222224,408.07150834090913,2.0,2.0,9.0,11.0,S0_baseline
227678.0,260.2661818,650.6654545000001,2862.9279998,3123.1941816000003,260.2661818,325.33272725000006,318.1031110888889,312.31941816000005,1.0,2.0,9.0,10.0,S0_baseline
227683.0,145.414879175,203.580830845,639.82546837,697.99142004,72.7074395875,67.86027694833332,71.09171870777777,69.799142004,2.0,3.0,9.0,10.0,S0_baseline
227686.0,101.273421375,141.78278992499995,445.60305405,445.60305405,50.6367106875,47.26092997499999,49.51145045,49.51145045,2.0,3.0,9.0,9.0,S0_baseline
227688.0,163.89482702499998,229.452757835,655.5793080999999,786.69516972,81.94741351249999,76.48425261166666,81.94741351249999,78.669516972,2.0,3.0,8.0,10.0,S0_baseline
227689.0,109.3570815,153.0999141,437.428326,524.9139912,54.67854075,51.0333047,54.67854075,52.49139912,2.0,3.0,8.0,10.0,S0_baseline
227694.0,231.504542225,324.106359115,740.81453512,1111.22180268,115.75227111249998,108.03545303833332,105.8306478742857,111.122180268,2.0,3.0,7.0,10.0,S0_baseline
227698.0,74.0346751,103.64854514,325.75257044,325.75257044,37.01733755,34.54951504666666,36.194730048888886,36.194730048888886,2.0,3.0,9.0,9.0,S0_baseline
227701.0,179.45334405,251.23468167,646.0320385800001,861.3760514400001,89.726672025,83.74489389,92.2902912257143,86.137605144,2.0,3.0,7.0,10.0,S0_baseline
227718.0,60.549687875,84.769563025,157.429188475,290.6385018,30.2748439375,28.256521008333333,26.238198079166665,29.06385018,2.0,3.0,6.0,10.0,S0_baseline
227722.0,85.55257855,213.881446375,941.07836405,1069.407231875,85.55257855,106.9407231875,104.56426267222224,106.9407231875,1.0,2.0,9.0,10.0,S0_baseline
227735.0,0.0,280.63595150000003,1234.7981866,1403.1797575,0.0,140.31797575000002,137.1997985111111,140.31797575000002,0.0,2.0,9.0,10.0,S0_baseline
227736.0,75.95556604,189.8889151,835.5112264399999,949.4445755,75.95556604,94.94445754999998,92.83458071555556,94.94445755,1.0,2.0,9.0,10.0,S0_baseline
227737.0,507.01867075000007,507.01867075000007,2230.8821513000003,2535.0933537500005,253.50933537500003,253.50933537500003,247.8757945888889,253.50933537500003,2.0,2.0,9.0,10.0,S0_baseline
227764.0,41.13891465,68.56485775,301.68537410000005,301.6853741,41.13891465,34.282428875,33.52059712222223,33.52059712222222,1.0,2.0,9.0,9.0,S0_baseline
227787.0,119.555152935,199.258588225,637.62748232,876.73778819,119.555152935,99.6292941125,91.08964033142855,97.41530979888888,1.0,2.0,7.0,9.0,S0_baseline
227801.0,22.252214925,74.17404975,118.6784796,163.18290945,22.252214925,24.72468325,16.954068514285716,18.13143438333333,1.0,3.0,7.0,9.0,S0_baseline
227806.0,28.521894675,76.0583858,152.1167716,209.16056095,28.521894675,25.352795266666664,21.73096737142857,23.24006232777778,1.0,3.0,7.0,9.0,S0_baseline
227813.0,138.951048475,138.951048475,611.3846132900001,694.7552423750001,69.4755242375,69.4755242375,67.9316236988889,69.47552423750001,2.0,2.0,9.0,10.0,S0_baseline
227820.0,407.523594,407.523594,1956.1132512,2037.61797,203.761797,203.761797,195.61132512,203.76179700000003,2.0,2.0,10.0,10.0,S0_baseline
227825.0,109.5759942,328.7279826,1205.3359362,1314.9119304,109.5759942,164.3639913,133.92621513333336,131.49119304,1.0,2.0,9.0,10.0,S0_baseline
227829.0,267.4085617,802.2256851,2941.4941787,3208.9027404,267.4085617,401.11284255,326.8326865222222,320.89027404,1.0,2.0,9.0,10.0,S0_baseline
227831.0,66.51422916,199.54268748,731.6565207599999,798.1707499199999,66.51422916,99.77134374,81.29516897333332,79.81707499199999,1.0,2.0,9.0,10.0,S0_baseline
227843.0,144.95572113,241.59286855,918.05290049,1063.00862162,144.95572113,120.796434275,114.75661256125,118.11206906888889,1.0,2.0,8.0,9.0,S0_baseline
227862.0,101.42129715,101.42129715,446.25370746,507.10648575,50.71064857499999,50.71064857499999,49.583745273333335,50.710648575,2.0,2.0,9.0,10.0,S0_baseline
227866.0,31.11152901,72.59356769,155.55764505000002,207.41019340000005,31.11152901,24.197855896666667,22.222520721428573,25.926274175000003,1.0,3.0,7.0,8.0,S0_baseline
227868.0,52.54896432,122.61425008,262.7448216,350.3264288,52.54896432,40.87141669333333,37.53497451428571,43.7908036,1.0,3.0,7.0,8.0,S0_baseline
227886.0,90.31888114999998,126.44643361,397.40307705999993,487.7219582099999,45.15944057499999,42.14881120333333,44.1558974511111,44.33835983727272,2.0,3.0,9.0,11.0,S0_baseline
227892.0,0.0,311.05259922,565.5501804,537.27267138,0.0,77.763149805,70.69377255,76.75323876857144,0.0,4.0,8.0,7.0,S0_baseline
227895.0,57.656957805,115.31391561,422.81769057,480.474648375,57.656957805,57.656957805,46.97974339666666,48.0474648375,1.0,2.0,9.0,10.0,S0_baseline
227898.0,282.0519865,282.0519865,1241.0287406,1523.0807271,141.02599325,141.02599325,137.8920822888889,138.46188428181816,2.0,2.0,9.0,11.0,S0_baseline
227902.0,364.75156974999993,364.75156974999993,1604.9069068999995,1969.65847665,182.375784875,182.375784875,178.32298965555552,179.05986151363635,2.0,2.0,9.0,11.0,S0_baseline
227917.0,156.8169759,418.1786024,1149.9911565999998,1306.8081324999998,156.8169759,209.0893012,127.77679517777776,130.68081324999997,1.0,2.0,9.0,10.0,S0_baseline
227920.0,81.569438975,114.197214565,261.02220472,358.90553149,40.7847194875,38.06573818833333,37.28888638857143,39.87839238777778,2.0,3.0,7.0,9.0,S0_baseline
227921.0,49.7270133,99.4540266,159.12644256,218.79885852,24.86350665,33.151342199999995,22.732348937142856,24.31098428,2.0,3.0,7.0,9.0,S0_baseline
227946.0,0.0,84.144355845,152.9897379,91.79384274,0.0,21.03608896125,19.1237172375,18.358768548,0.0,4.0,8.0,5.0,S0_baseline
227949.0,40.81720522500001,40.81720522500001,179.59570299000004,220.412908215,20.408602612500005,20.408602612500005,19.95507811,20.037537110454547,2.0,2.0,9.0,11.0,S0_baseline
227952.0,142.55463351,237.59105585,902.84601223,1045.40064574,142.55463351,118.795527925,112.85575152875,116.15562730444444,1.0,2.0,8.0,9.0,S0_baseline
227953.0,145.43912958,242.3985493,921.11448734,1066.55361692,145.43912958,121.19927465,115.1393109175,118.50595743555556,1.0,2.0,8.0,9.0,S0_baseline
227955.0,153.8019524,192.2524405,845.9107382,884.3612263,76.9009762,96.12622025,93.99008202222224,98.26235847777778,2.0,2.0,9.0,9.0,S0_baseline
227960.0,124.88012223,208.13353705000003,915.78756302,1123.9211000700002,124.88012223,104.066768525,101.7541736688889,102.1746454609091,1.0,2.0,9.0,11.0,S0_baseline
227966.0,257.8163655,257.8163655,1134.3920082,1392.2083737,128.90818275,128.90818275,126.04355646666666,126.56439760909092,2.0,2.0,9.0,11.0,S0_baseline
227971.0,70.355399725,70.355399725,309.56375878999995,379.919158515,35.1776998625,35.1776998625,34.39597319888888,34.53810531954545,2.0,2.0,9.0,11.0,S0_baseline
227973.0,53.814370995,125.566865655,269.071854975,358.7624733,53.814370995,41.855621885,38.438836425,44.8453091625,1.0,3.0,7.0,8.0,S0_baseline
227976.0,492.1960872,492.1960872,1476.5882616,1661.1617943,246.0980436,246.0980436,147.65882616000002,151.01470857272727,2.0,2.0,10.0,11.0,S0_baseline
227980.0,0.0,264.15402075,1162.2776913,1320.77010375,0.0,132.077010375,129.1419657,132.077010375,0.0,2.0,9.0,10.0,S0_baseline
227983.0,47.4506874,110.7182706,332.1548118,347.9717076,47.4506874,36.9060902,41.519351475,38.66352306666667,1.0,3.0,8.0,9.0,S0_baseline
227987.0,529.8955435,635.8746522,2331.5403914,2225.5612827,264.94777175,317.9373261,259.0600434888889,247.28458696666667,2.0,2.0,9.0,9.0,S0_baseline
227990.0,357.89647525,357.89647525,1574.7444911,1789.48237625,178.948237625,178.948237625,174.97161012222222,178.948237625,2.0,2.0,9.0,10.0,S0_baseline
227991.0,112.7585682,281.8964205,1071.2063979,1127.585682,112.7585682,140.94821025,133.9007997375,140.94821025,1.0,2.0,8.0,8.0,S0_baseline
227992.0,210.275110825,210.275110825,799.045421135,841.1004432999999,105.1375554125,105.1375554125,99.880677641875,105.1375554125,2.0,2.0,8.0,8.0,S0_baseline
227994.0,290.05264275,290.05264275,1102.20004245,1160.2105709999998,145.02632137499998,145.02632137499998,137.77500530625,145.02632137499998,2.0,2.0,8.0,8.0,S0_baseline
227996.0,37.71845878,94.29614695,414.90304658,471.48073475,37.71845878,47.148073475,46.10033850888889,47.148073475,1.0,2.0,9.0,10.0,S0_baseline
227998.0,91.4118087,228.52952175,1005.5298957,1142.64760875,91.4118087,114.264760875,111.72554396666666,114.264760875,1.0,2.0,9.0,10.0,S0_baseline
228000.0,45.390629385,90.78125877,332.86461549,378.255244875,45.390629385,45.390629385,36.98495727666667,37.825524487500005,1.0,2.0,9.0,10.0,S0_baseline
228008.0,58.85016835,58.85016835,258.94074074,317.79090909,29.425084175,29.425084175,28.77119341555555,28.89008264454545,2.0,2.0,9.0,11.0,S0_baseline
228014.0,46.779065975,46.779065975,205.82789029,252.606956265,23.3895329875,23.3895329875,22.869765587777778,22.96426875136364,2.0,2.0,9.0,11.0,S0_baseline
228015.0,46.372980575,46.372980575,204.04111453,250.414095105,23.1864902875,23.1864902875,22.671234947777776,22.76491773681818,2.0,2.0,9.0,11.0,S0_baseline
228020.0,93.38594793,155.64324655,591.44433689,684.83028482,93.38594793,77.82162327500001,73.93054211125,76.09225386888889,1.0,2.0,8.0,9.0,S0_baseline
228021.0,217.8165399,181.51378325,689.75237635,798.6606463,217.8165399,90.756891625,86.21904704375,88.74007181111112,1.0,2.0,8.0,9.0,S0_baseline
228028.0,154.3485546,257.247591,1131.8894004,1389.1369914,154.3485546,128.6237955,125.76548893333332,126.28518103636362,1.0,2.0,9.0,11.0,S0_baseline
228032.0,73.63038507,171.80423183,490.8692338,613.58654225,73.63038507,57.268077276666666,61.358654225,61.358654225,1.0,3.0,8.0,10.0,S0_baseline
228034.0,121.29331242,202.1555207,768.19097866,889.48429108,121.29331242,101.07776035,96.0238723325,98.83158789777778,1.0,2.0,8.0,9.0,S0_baseline
228037.0,0.0,165.769643,729.3864292000001,828.848215,0.0,82.8848215,81.04293657777778,82.8848215,0.0,2.0,9.0,10.0,S0_baseline
228043.0,64.62037225499999,150.780868595,473.88272986999993,473.88272986999993,64.62037225499999,50.260289531666665,52.65363665222222,52.65363665222222,1.0,3.0,9.0,9.0,S0_baseline
228047.0,82.63161331,206.57903327500003,908.94774641,785.000326445,82.63161331,103.2895166375,100.99419404555556,98.125040805625,1.0,2.0,9.0,8.0,S0_baseline
228049.0,63.71687958,127.43375916,467.25711692,530.9739965,63.71687958,63.71687958,51.91745743555556,53.09739965,1.0,2.0,9.0,10.0,S0_baseline
228061.0,113.128287195,188.54714532500003,716.479152235,829.6074394300001,113.128287195,94.27357266250002,89.559894029375,92.17860438111111,1.0,2.0,8.0,9.0,S0_baseline
228065.0,451.2224073,902.4448146,3308.9643202,4061.0016657,451.2224073,451.2224073,367.6627022444444,369.18196960909086,1.0,2.0,9.0,11.0,S0_baseline
228071.0,317.56912624999995,317.56912624999995,1397.3041555,1587.84563125,158.78456312499998,158.78456312499998,155.25601727777777,158.784563125,2.0,2.0,9.0,10.0,S0_baseline
228074.0,127.71392127,212.85653545,936.56875598,1064.28267725,127.71392127,106.42826772499998,104.06319510888888,106.428267725,1.0,2.0,9.0,10.0,S0_baseline
228083.0,46.16188066,115.40470165,507.78068726,577.02350825,46.16188066,57.702350825,56.42007636222222,57.702350825,1.0,2.0,9.0,10.0,S0_baseline
228087.0,434.7918965,521.7502758,1913.0843446,2347.8762411,217.39594825,260.8751379,212.5649271777778,213.44329464545456,2.0,2.0,9.0,11.0,S0_baseline
228093.0,124.8201547,374.4604641,1373.0217017,1497.8418564,124.8201547,187.23023205,152.55796685555555,149.78418564,1.0,2.0,9.0,10.0,S0_baseline
228095.0,253.6893464,380.5340196,1522.1360784,1522.1360784,253.6893464,190.2670098,152.21360784,152.21360784,1.0,2.0,10.0,10.0,S0_baseline
228097.0,391.2154773,326.01289775,1238.84901145,1434.4567501,391.2154773,163.006448875,154.85612643125,159.38408334444443,1.0,2.0,8.0,9.0,S0_baseline
228098.0,110.017246275,183.362077125,806.7931393499999,916.810385625,110.017246275,91.6810385625,89.64368214999999,91.6810385625,1.0,2.0,9.0,10.0,S0_baseline
228102.0,143.567115195,239.27852532500003,909.258396235,1196.392626625,143.567115195,119.63926266250002,113.657299529375,119.6392626625,1.0,2.0,8.0,10.0,S0_baseline
228104.0,285.77419635,476.29032725,2095.6774399,2571.9677671500003,285.77419635,238.145163625,232.85304887777772,233.8152515590909,1.0,2.0,9.0,11.0,S0_baseline
228107.0,1274.6619116,955.9964337,3505.3202568999995,3823.9857348,637.3309558,477.99821685,389.4800285444444,382.39857348,2.0,2.0,9.0,10.0,S0_baseline
228110.0,106.98898144999998,171.18237032,470.75151838,470.75151838,53.49449072499999,57.060790106666666,52.30572426444444,52.30572426444444,2.0,3.0,9.0,9.0,S0_baseline
228119.0,93.13463229,232.836580725,1024.48095519,884.779006755,93.13463229,116.4182903625,113.83121724333334,110.597375844375,1.0,2.0,9.0,8.0,S0_baseline
228121.0,101.5430122,253.8575305,1116.9731342,964.6586159,101.5430122,126.92876525,124.10812602222222,120.5823269875,1.0,2.0,9.0,8.0,S0_baseline
228122.0,96.789568005,161.31594667500002,613.000597365,709.7901653700001,96.789568005,80.65797333750001,76.625074670625,78.86557393000001,1.0,2.0,8.0,9.0,S0_baseline
228127.0,103.57560837,172.62601395000002,655.97885301,759.55446138,103.57560837,86.31300697500001,81.99735662625,84.39494015333334,1.0,2.0,8.0,9.0,S0_baseline
228131.0,0.0,321.81708024,683.86129551,522.95275539,0.0,107.27236008,97.69447078714286,87.158792565,0.0,3.0,7.0,6.0,S0_baseline
228134.0,252.66811095,421.11351825,1600.23136935,1852.8994803,252.66811095,210.556759125,200.02892116875,205.87772003333333,1.0,2.0,8.0,9.0,S0_baseline
228137.0,144.121096365,336.282558185,768.64584728,1056.88804001,144.121096365,112.09418606166666,109.80654961142857,117.43200444555556,1.0,3.0,7.0,9.0,S0_baseline
228140.0,61.230731475,122.46146295,326.5639012,449.02536415,61.230731475,61.230731475,46.65198588571428,49.89170712777778,1.0,2.0,7.0,9.0,S0_baseline
228143.0,414.93825025,414.93825025,1825.7283011,2240.66655135,207.469125125,207.469125125,202.85870012222225,203.69695921363635,2.0,2.0,9.0,11.0,S0_baseline
228147.0,707.329778,707.329778,3112.2510232,3819.5808012,353.664889,353.664889,345.80566924444446,347.23461829090905,2.0,2.0,9.0,11.0,S0_baseline
228151.0,42.8896617,100.0758773,214.4483085,285.931078,42.8896617,33.35862576666667,30.635472642857145,35.741384749999995,1.0,3.0,7.0,8.0,S0_baseline
228152.0,63.689227800000005,148.6081982,318.446139,424.59485200000006,63.689227800000005,49.53606606666667,45.492305571428574,53.07435650000001,1.0,3.0,7.0,8.0,S0_baseline
228153.0,60.01141866,140.02664354,300.0570933,400.0761244,60.01141866,46.67554784666667,42.865299042857146,50.00951555,1.0,3.0,7.0,8.0,S0_baseline
228158.0,577.135902,577.135902,2539.3979688,3116.5338708,288.567951,288.567951,282.15532986666665,283.32126098181817,2.0,2.0,9.0,11.0,S0_baseline
228163.0,36.35460357,84.82740833,181.77301785,242.3640238,36.35460357,28.275802776666666,25.96757397857143,30.295502975,1.0,3.0,7.0,8.0,S0_baseline
228165.0,100.65246906000002,167.75411510000004,738.1181064400001,838.7705755000001,100.65246906000002,83.87705755000002,82.0131229377778,83.87705755,1.0,2.0,9.0,10.0,S0_baseline
228166.0,0.0,347.09979875,1318.97923525,1735.4989937500002,0.0,173.549899375,164.87240440625,173.54989937500002,0.0,2.0,8.0,10.0,S0_baseline
228169.0,349.6795595,349.6795595,1538.5900617999998,1888.2696213,174.83977975,174.83977975,170.9544513111111,171.66087466363635,2.0,2.0,9.0,11.0,S0_baseline
228171.0,143.3271434,358.31785850000006,1576.5985774,1791.5892925,143.3271434,179.15892925000003,175.1776197111111,179.15892925,1.0,2.0,9.0,10.0,S0_baseline
228173.0,244.7026437,244.7026437,1076.69163228,1321.39427598,122.35132185,122.35132185,119.63240358666668,120.12675236181818,2.0,2.0,9.0,11.0,S0_baseline
228174.0,317.6196685,317.6196685,1397.5265414,1715.1462099,158.80983425,158.80983425,155.28072682222222,155.9223827181818,2.0,2.0,9.0,11.0,S0_baseline
228176.0,241.879906675,241.879906675,1064.27158937,1306.151496045,120.9399533375,120.9399533375,118.25239881888888,118.741045095,2.0,2.0,9.0,11.0,S0_baseline
228179.0,87.11250556499999,203.262512985,493.637531535,638.82504081,87.11250556499999,67.754170995,70.51964736214286,70.98056009,1.0,3.0,7.0,9.0,S0_baseline
228182.0,0.0,116.41186805,512.21221942,582.05934025,0.0,58.205934025,56.912468824444446,58.205934025,0.0,2.0,9.0,10.0,S0_baseline
228187.0,89.00894890000001,124.61252846,267.0268467,391.63937516,44.50447445,41.53750948666666,38.14669238571429,43.51548612888889,2.0,3.0,7.0,9.0,S0_baseline
228188.0,205.67240115,342.78733525,1508.2642750999998,1851.05161035,205.67240115,171.39366762499998,167.58491945555554,168.27741912272725,1.0,2.0,9.0,11.0,S0_baseline
228195.0,250.27318365,417.12197275000005,1835.3366801,2252.4586528500004,250.27318365,208.56098637500003,203.9262977888889,204.7689684409092,1.0,2.0,9.0,11.0,S0_baseline
228198.0,142.9177588,142.9177588,571.6710352,714.5887939999999,71.4588794,71.4588794,71.4588794,71.45887939999999,2.0,2.0,8.0,10.0,S0_baseline
228202.0,0.0,73.261737705,415.149846995,341.88810929,0.0,73.261737705,59.30712099928572,56.98135154833333,0.0,1.0,7.0,6.0,S0_baseline
228206.0,145.95523885,233.52838216,642.20305094,642.20305094,72.977619425,77.84279405333334,80.2753813675,71.3558945488889,2.0,3.0,8.0,9.0,S0_baseline
228208.0,198.02710335,330.04517225,1254.17165455,1650.22586125,198.02710335,165.022586125,156.77145681875,165.022586125,1.0,2.0,8.0,10.0,S0_baseline
228214.0,115.44346215,115.44346215,507.95123346,577.21731075,57.721731075,57.721731075,56.43902593999999,57.721731075,2.0,2.0,9.0,10.0,S0_baseline
228216.0,56.195284095000005,131.12232955500002,337.17170457000003,412.09875003,56.195284095000005,43.70744318500001,42.14646307125,45.78875000333333,1.0,3.0,8.0,9.0,S0_baseline
228218.0,144.9864735,362.46618375,1594.8512084999998,1667.3444452499998,144.9864735,181.233091875,177.2056898333333,185.26049391666663,1.0,2.0,9.0,9.0,S0_baseline
228230.0,223.14650995,223.14650995,981.84464378,1115.73254975,111.573254975,111.573254975,109.09384930888888,111.573254975,2.0,2.0,9.0,10.0,S0_baseline
228232.0,196.45648770000005,327.4274795,1440.6809098,1637.1373975,196.45648770000005,163.71373975,160.07565664444445,163.71373975,1.0,2.0,9.0,10.0,S0_baseline
228233.0,198.50176965000003,330.83628275,1455.6796441,1654.1814137500005,198.50176965000003,165.418141375,161.7421826777778,165.41814137500003,1.0,2.0,9.0,10.0,S0_baseline
228235.0,67.8992067,169.74801674999998,746.8912736999999,780.84087705,67.8992067,84.87400837499999,82.98791929999999,86.76009745,1.0,2.0,9.0,9.0,S0_baseline
228238.0,54.71399349000001,127.66598481,328.28396094000004,401.23595226,54.71399349000001,42.55532827,41.035495117500005,44.58177247333334,1.0,3.0,8.0,9.0,S0_baseline
228240.0,147.64992927499998,206.709900985,708.7196605199999,649.6596888099999,73.82496463749999,68.90330032833333,70.87196605199999,72.18440986777777,2.0,3.0,10.0,9.0,S0_baseline
228241.0,81.3476724,113.88674136,211.50394824,357.92975856,40.6738362,37.96224712,35.25065804,39.76997317333333,2.0,3.0,6.0,9.0,S0_baseline
228242.0,68.16270457499999,113.604507625,499.85983355,568.022538125,68.16270457499999,56.8022538125,55.53998150555555,56.8022538125,1.0,2.0,9.0,10.0,S0_baseline
228243.0,99.87111363,166.45185605,732.3881666200001,832.2592802500001,99.87111363,83.225928025,81.37646295777779,83.225928025,1.0,2.0,9.0,10.0,S0_baseline
228245.0,64.22567017499999,64.22567017499999,282.59294877,346.818618945,32.112835087499995,32.112835087499995,31.39921653,31.52896535863636,2.0,2.0,9.0,11.0,S0_baseline
228251.0,75.94887562,189.87218905,835.43763182,721.51431839,75.94887562,94.936094525,92.82640353555556,90.18928979875,1.0,2.0,9.0,8.0,S0_baseline
228252.0,239.670838425,287.60500611,1054.5516890699998,1294.222527495,119.8354192125,143.802503055,117.17240989666664,117.65659340863635,2.0,2.0,9.0,11.0,S0_baseline
228253.0,122.718496625,171.80589527499998,319.068091225,515.4176858249999,61.35924831249999,57.26863175833333,53.17801520416666,57.26863175833333,2.0,3.0,6.0,9.0,S0_baseline
228256.0,251.8789075,302.254689,1108.267193,1108.267193,125.93945375,151.1273445,123.1407992222222,123.1407992222222,2.0,2.0,9.0,9.0,S0_baseline
228258.0,66.0087165,132.017433,440.05811000000006,550.0726375,66.0087165,66.0087165,55.00726375000001,55.00726375000001,1.0,2.0,8.0,10.0,S0_baseline
228261.0,139.8379956,195.77319384,363.57878856,615.28718064,69.9189978,65.25773127999999,60.59646476,68.36524229333332,2.0,3.0,6.0,9.0,S0_baseline
228266.0,150.20604780000002,350.48077820000003,901.2362868,1101.5110172000002,150.20604780000002,116.82692606666669,112.65453585,122.39011302222224,1.0,3.0,8.0,9.0,S0_baseline
228268.0,109.02242148,254.38565012,654.13452888,799.4977575199999,109.02242148,84.79521670666666,81.76681611,88.83308416888889,1.0,3.0,8.0,9.0,S0_baseline
228271.0,62.45562729,145.72979701,374.73376374,458.00793346,62.45562729,48.576599003333335,46.8417204675,50.88977038444445,1.0,3.0,8.0,9.0,S0_baseline
228272.0,286.09676225,343.3161147,1144.387049,1373.2644588,143.048381125,171.65805735,143.048381125,137.32644588,2.0,2.0,8.0,10.0,S0_baseline
228275.0,193.227036925,270.517851695,850.19896247,1004.78059201,96.6135184625,90.17261723166666,94.46655138555556,91.34369018272729,2.0,3.0,9.0,11.0,S0_baseline
228278.0,221.14358235000003,368.57263725000007,1621.7196039000005,1990.2922411500003,221.14358235000003,184.28631862500004,180.19106710000003,180.9356582863637,1.0,2.0,9.0,11.0,S0_baseline
228283.0,0.0,130.526605235,200.8101619,150.607621425,0.0,32.63165130875,25.1012702375,25.1012702375,0.0,4.0,8.0,6.0,S0_baseline
228284.0,79.97164015,199.929100375,879.6880416500001,919.673861725,79.97164015,99.9645501875,97.74311573888887,102.18598463611112,1.0,2.0,9.0,9.0,S0_baseline
228285.0,103.029641775,144.241498485,329.69485368,453.33042381,51.5148208875,48.080499495,47.09926481142857,50.37004708999999,2.0,3.0,7.0,9.0,S0_baseline
228290.0,698.125379,698.125379,3071.7516676,3769.8770466,349.0626895,349.0626895,341.3057408444444,342.7160951454545,2.0,2.0,9.0,11.0,S0_baseline
228291.0,341.20230825,568.67051375,2502.1502605,3070.82077425,341.20230825,284.335256875,278.0166956111111,279.1655249318182,1.0,2.0,9.0,11.0,S0_baseline
228293.0,374.6976965,374.6976965,1648.6698646000002,2023.3675611,187.34884825,187.34884825,183.1855405111112,183.94250555454548,2.0,2.0,9.0,11.0,S0_baseline
228297.0,273.087674,327.70520880000004,1201.5857656,1474.6734396000002,136.543837,163.85260440000002,133.5095295111111,134.0612217818182,2.0,2.0,9.0,11.0,S0_baseline
228298.0,75.05017685000001,105.07024759,210.14049518,285.19067203000003,37.52508842500001,35.023415863333334,35.023415863333334,35.648834003750004,2.0,3.0,6.0,8.0,S0_baseline
228300.0,0.0,175.69724876,319.4495432,191.66972592,0.0,43.92431219,39.9311929,38.333945184,0.0,4.0,8.0,5.0,S0_baseline
228301.0,340.1925774,283.4938145,1077.2764951,1247.3727838,340.1925774,141.74690725,134.6595618875,138.5969759777778,1.0,2.0,8.0,9.0,S0_baseline
228302.0,49.337806125,49.337806125,217.08634695,266.424153075,24.6689030625,24.6689030625,24.120705216666664,24.220377552272726,2.0,2.0,9.0,11.0,S0_baseline
228304.0,45.96943869,91.93887738,337.10921706000005,383.07865575000005,45.96943869,45.96943869,37.45657967333334,38.30786557500001,1.0,2.0,9.0,10.0,S0_baseline
228307.0,227.434050475,227.434050475,1000.70982209,1228.143872565,113.7170252375,113.7170252375,111.18998023222224,111.64944296045456,2.0,2.0,9.0,11.0,S0_baseline
228308.0,227.549050675,318.568670945,864.686392565,1001.21582297,113.7745253375,106.18955698166668,123.52662750928572,111.2462025522222,2.0,3.0,7.0,9.0,S0_baseline
228313.0,142.3255721,355.81393025,1565.5812930999998,1636.7440791499998,142.3255721,177.906965125,173.9534770111111,181.86045323888888,1.0,2.0,9.0,9.0,S0_baseline
228318.0,339.1928127,904.5141672,2487.4139598,3052.7353143,339.1928127,452.2570836,276.3793288666667,277.5213922090909,1.0,2.0,9.0,11.0,S0_baseline
228319.0,700.17742625,700.17742625,3080.7806755,3780.95810175,350.088713125,350.088713125,342.3089639444445,343.72346379545456,2.0,2.0,9.0,11.0,S0_baseline
228324.0,612.8500575,612.8500575,2696.540253,3309.3903105,306.42502875,306.42502875,299.6155836666667,300.8536645909091,2.0,2.0,9.0,11.0,S0_baseline
228331.0,693.6975477000001,1387.3950954000002,5087.1153498,6243.2779293,693.6975477000001,693.6975477000001,565.2350388666667,567.5707208454546,1.0,2.0,9.0,11.0,S0_baseline
228338.0,450.42012810000006,900.8402562,3303.0809394000003,4053.781152900001,450.42012810000006,450.42012810000006,367.0089932666667,368.5255593545455,1.0,2.0,9.0,11.0,S0_baseline
228340.0,38.07590824,95.1897706,418.83499064,437.87294476,38.07590824,47.5948853,46.53722118222223,48.65254941777778,1.0,2.0,9.0,9.0,S0_baseline
228342.0,136.96300924999997,191.74821295,520.45943515,712.2076480999999,68.48150462499999,63.91607098333333,65.05742939375,64.74614982727272,2.0,3.0,8.0,11.0,S0_baseline
228345.0,141.6878078,198.36293092,623.4263543200001,680.10147744,70.8439039,66.12097697333333,69.26959492444445,68.01014774400001,2.0,3.0,9.0,10.0,S0_baseline
228348.0,275.60752625,385.85053675,1212.6731155,1212.6731155,137.803763125,128.61684558333334,151.5841394375,134.74145727777778,2.0,3.0,8.0,9.0,S0_baseline
228352.0,95.92556074,239.81390185,1055.18116814,959.2556074,95.92556074,119.906950925,117.24235201555555,119.906950925,1.0,2.0,9.0,8.0,S0_baseline
228354.0,80.17288174,200.43220435,761.64237653,801.7288174,80.17288174,100.216102175,95.20529706625,100.216102175,1.0,2.0,8.0,8.0,S0_baseline
228356.0,74.00681901,185.017047525,814.07500911,851.0784186149999,74.00681901,92.5085237625,90.45277879,94.56426873499998,1.0,2.0,9.0,9.0,S0_baseline
228360.0,40.37835435,80.75670869999999,296.1079319,336.48628625,40.37835435,40.37835435,32.90088132222222,33.648628625,1.0,2.0,9.0,10.0,S0_baseline
228361.0,204.58550455,204.58550455,900.1762200200001,1022.92752275,102.292752275,102.292752275,100.01958000222224,102.292752275,2.0,2.0,9.0,10.0,S0_baseline
228363.0,102.521586675,164.03453868,451.09498137,512.607933375,51.2607933375,82.01726934,50.12166459666667,51.2607933375,2.0,2.0,9.0,10.0,S0_baseline
228364.0,146.750811175,234.80129788,557.653082465,645.70356917,73.3754055875,78.26709929333333,69.706635308125,71.74484101888889,2.0,3.0,8.0,9.0,S0_baseline
228369.0,97.27797817500002,97.27797817500002,428.02310397,525.301082145,48.63898908750001,48.63898908750001,47.558122663333336,47.75464383136364,2.0,2.0,9.0,11.0,S0_baseline
228370.0,253.98505625,253.98505625,1117.5342475,1269.92528125,126.992528125,126.992528125,124.17047194444444,126.992528125,2.0,2.0,9.0,10.0,S0_baseline
228376.0,0.0,403.07988294000006,503.8498536750001,503.8498536750001,0.0,100.76997073500002,83.97497561250002,83.97497561250002,0.0,4.0,6.0,6.0,S0_baseline
228377.0,53.461845915,89.103076525,338.591690795,445.515382625,53.461845915,44.5515382625,42.323961349375,44.5515382625,1.0,2.0,8.0,10.0,S0_baseline
228381.0,247.352076975,346.292907765,989.4083079,1088.34913869,123.6760384875,115.430969255,123.6760384875,120.92768207666668,2.0,3.0,8.0,9.0,S0_baseline
228383.0,0.0,56.5386667,621.9253337,537.11733365,0.0,56.5386667,69.10281485555555,67.13966670625,0.0,1.0,9.0,8.0,S0_baseline
228387.0,80.48609238,201.21523095,885.3470161800001,764.61787761,80.48609238,100.607615475,98.37189068666667,95.57723470125,1.0,2.0,9.0,8.0,S0_baseline
228388.0,73.12733258,73.12733258,804.40065838,694.70965951,73.12733258,73.12733258,89.37785093111111,86.83870743875,1.0,1.0,9.0,8.0,S0_baseline
228390.0,248.57424795,414.29041325,1822.8778183,2237.16823155,248.57424795,207.145206625,202.5419798111111,203.37893014090912,1.0,2.0,9.0,11.0,S0_baseline
228391.0,122.144311335,325.71816356,895.72494979,1017.869261125,122.144311335,162.85908178,99.5249944211111,101.7869261125,1.0,2.0,9.0,10.0,S0_baseline
228392.0,154.0405659,359.4279871,1026.937106,1129.6308166,154.0405659,119.80932903333331,128.36713824999998,125.51453517777776,1.0,3.0,8.0,9.0,S0_baseline
228395.0,0.0,280.62092958,935.4030986,514.47170423,0.0,140.31046479,116.925387325,102.894340846,0.0,2.0,8.0,5.0,S0_baseline
228397.0,723.65174975,868.3820997,3184.0676989000003,3473.5283988,361.825874875,434.19104985,353.7852998777778,347.35283988000003,2.0,2.0,9.0,10.0,S0_baseline
228400.0,55.17742101,91.96236835,404.63442074,459.81184175,55.17742101,45.981184175,44.95938008222223,45.981184175,1.0,2.0,9.0,10.0,S0_baseline
228404.0,54.14531574,126.33907006,288.77501728,433.16252592,54.14531574,42.11302335333333,41.25357389714286,43.316252592,1.0,3.0,7.0,10.0,S0_baseline
228418.0,58.74586980000001,97.909783,430.8030452,489.5489150000001,58.74586980000001,48.9548915,47.86700502222223,48.95489150000001,1.0,2.0,9.0,10.0,S0_baseline
228426.0,307.3318925,307.3318925,1352.260327,1659.5922194999998,153.66594625,153.66594625,150.25114744444443,150.87201995454544,2.0,2.0,9.0,11.0,S0_baseline
228429.0,300.0905859,300.0905859,1100.3321483,1250.37744125,300.0905859,150.04529295,122.25912758888887,125.037744125,1.0,2.0,9.0,10.0,S0_baseline
228430.0,126.563399565,210.938999275,928.13159681,1054.694996375,126.563399565,105.4694996375,103.12573297888888,105.4694996375,1.0,2.0,9.0,10.0,S0_baseline
228433.0,431.58089375,431.58089375,1898.9559325,2330.53682625,215.790446875,215.790446875,210.99510361111112,211.86698420454547,2.0,2.0,9.0,11.0,S0_baseline
228438.0,87.87380052,175.74760104,644.40787048,732.281671,87.87380052,87.87380052,71.60087449777778,73.2281671,1.0,2.0,9.0,10.0,S0_baseline
228442.0,93.064803975,155.10800662499997,589.410425175,775.5400331249999,93.064803975,77.55400331249999,73.676303146875,77.55400331249999,1.0,2.0,8.0,10.0,S0_baseline
228444.0,256.70548665,256.70548665,941.25345105,1069.606194375,256.70548665,128.352743325,104.58371678333332,106.9606194375,1.0,2.0,9.0,10.0,S0_baseline
228446.0,93.305714115,186.61142823,684.24190351,777.5476176249999,93.305714115,93.305714115,76.02687816777778,77.7547617625,1.0,2.0,9.0,10.0,S0_baseline
228448.0,291.15805917,291.15805917,1067.57955029,1213.158579875,291.15805917,145.579029585,118.61995003222222,121.3158579875,1.0,2.0,9.0,10.0,S0_baseline
228450.0,465.87212575,559.0465509,2049.8373533000004,1956.66292815,232.936062875,279.52327545,227.75970592222225,217.40699201666663,2.0,2.0,9.0,9.0,S0_baseline
228460.0,142.6710132,285.3420264,1046.2540968,1188.92511,142.6710132,142.6710132,116.2504552,118.89251099999998,1.0,2.0,9.0,10.0,S0_baseline
